/*
 Navicat Premium Data Transfer

 Source Server         : hrms-live
 Source Server Type    : MySQL
 Source Server Version : 50733
 Source Host           : 192.168.55.217:3306
 Source Schema         : pramita_docs

 Target Server Type    : MySQL
 Target Server Version : 50733
 File Encoding         : 65001

 Date: 18/06/2022 13:15:57
*/

SET NAMES utf8mb4;
SET FOREIGN_KEY_CHECKS = 0;

-- ----------------------------
-- Table structure for m_app
-- ----------------------------
DROP TABLE IF EXISTS `m_app`;
CREATE TABLE `m_app`  (
  `id_m_app` int(14) NOT NULL,
  `nm_m_app` varchar(255) CHARACTER SET latin1 COLLATE latin1_swedish_ci NULL DEFAULT NULL,
  `is_active_m_app` int(1) NULL DEFAULT NULL,
  `created_at` datetime(0) NULL DEFAULT NULL,
  `updated_at` datetime(0) NULL DEFAULT NULL,
  `deleted_at` datetime(0) NULL DEFAULT NULL
) ENGINE = MyISAM CHARACTER SET = latin1 COLLATE = latin1_swedish_ci ROW_FORMAT = Dynamic;

-- ----------------------------
-- Records of m_app
-- ----------------------------
INSERT INTO `m_app` VALUES (1, 'Pramita HRMS', 1, '2022-06-10 08:49:06', NULL, NULL);

-- ----------------------------
-- Table structure for m_component
-- ----------------------------
DROP TABLE IF EXISTS `m_component`;
CREATE TABLE `m_component`  (
  `id_m_component` int(14) NOT NULL,
  `open_tag_m_component` varchar(20) CHARACTER SET latin1 COLLATE latin1_swedish_ci NULL DEFAULT NULL,
  `close_tag_m_component` varchar(20) CHARACTER SET latin1 COLLATE latin1_swedish_ci NULL DEFAULT NULL,
  `nm_m_component` varchar(255) CHARACTER SET latin1 COLLATE latin1_swedish_ci NULL DEFAULT NULL,
  `default_style_m_component` varchar(255) CHARACTER SET latin1 COLLATE latin1_swedish_ci NULL DEFAULT NULL COMMENT 'default style',
  `created_at` datetime(0) NULL DEFAULT CURRENT_TIMESTAMP(0),
  `updated_at` datetime(0) NULL DEFAULT NULL,
  `deleted_at` datetime(0) NULL DEFAULT NULL,
  PRIMARY KEY (`id_m_component`) USING BTREE
) ENGINE = MyISAM CHARACTER SET = latin1 COLLATE = latin1_swedish_ci ROW_FORMAT = Dynamic;

-- ----------------------------
-- Records of m_component
-- ----------------------------
INSERT INTO `m_component` VALUES (1, '<h1>', '</h1>', 'Heading 1', NULL, '2022-06-12 03:50:39', NULL, NULL);
INSERT INTO `m_component` VALUES (2, '<h2>', '</h2>', 'Heading 2', NULL, '2022-06-12 03:51:12', NULL, NULL);
INSERT INTO `m_component` VALUES (3, '<h3>', '</h3>', 'Heading 3', NULL, '2022-06-12 03:51:25', NULL, NULL);
INSERT INTO `m_component` VALUES (4, NULL, NULL, 'Text', NULL, '2022-06-12 03:52:13', NULL, NULL);
INSERT INTO `m_component` VALUES (5, '<img>', '</img>', 'Image', NULL, '2022-06-12 03:56:01', NULL, NULL);
INSERT INTO `m_component` VALUES (6, '<span>', '</span>', 'Label', NULL, '2022-06-12 03:56:32', NULL, NULL);
INSERT INTO `m_component` VALUES (7, '<blockquote>', '</blockquote>', 'Quote', NULL, '2022-06-12 03:59:23', NULL, NULL);
INSERT INTO `m_component` VALUES (8, '<code>', '</code>', 'Code', NULL, '2022-06-12 04:00:07', NULL, NULL);

-- ----------------------------
-- Table structure for m_hak_akses
-- ----------------------------
DROP TABLE IF EXISTS `m_hak_akses`;
CREATE TABLE `m_hak_akses`  (
  `id_m_hak_akses` int(11) NOT NULL,
  `id_m_user_group` int(11) NOT NULL,
  `id_m_menu` int(11) NOT NULL,
  `created_at` timestamp(0) NOT NULL DEFAULT CURRENT_TIMESTAMP(0),
  `updated_at` timestamp(0) NULL DEFAULT NULL,
  `id_m_module` int(11) NULL DEFAULT NULL,
  PRIMARY KEY (`id_m_hak_akses`) USING BTREE
) ENGINE = MyISAM CHARACTER SET = utf8mb4 COLLATE = utf8mb4_unicode_ci ROW_FORMAT = Fixed;

-- ----------------------------
-- Records of m_hak_akses
-- ----------------------------
INSERT INTO `m_hak_akses` VALUES (27, 2, 14, '2021-08-02 16:01:54', '2021-08-02 16:01:54', 2);
INSERT INTO `m_hak_akses` VALUES (26, 2, 13, '2021-08-02 16:01:54', '2021-08-02 16:01:54', 2);
INSERT INTO `m_hak_akses` VALUES (25, 2, 12, '2021-08-02 16:01:54', '2021-08-02 16:01:54', 2);
INSERT INTO `m_hak_akses` VALUES (24, 2, 11, '2021-08-02 16:01:54', '2021-08-02 16:01:54', 2);
INSERT INTO `m_hak_akses` VALUES (23, 2, 10, '2021-08-02 16:01:54', '2021-08-02 16:01:54', 2);
INSERT INTO `m_hak_akses` VALUES (22, 2, 9, '2021-08-02 16:01:54', '2021-08-02 16:01:54', 2);
INSERT INTO `m_hak_akses` VALUES (21, 2, 8, '2021-08-02 16:01:54', '2021-08-02 16:01:54', 2);
INSERT INTO `m_hak_akses` VALUES (20, 2, 7, '2021-08-02 16:01:54', '2021-08-02 16:01:54', 2);
INSERT INTO `m_hak_akses` VALUES (19, 2, 6, '2021-08-02 16:01:54', '2021-08-02 16:01:54', 2);
INSERT INTO `m_hak_akses` VALUES (16, 2, 2, '2021-08-02 16:01:54', '2021-08-02 16:01:54', 2);
INSERT INTO `m_hak_akses` VALUES (17, 2, 1, '2021-08-02 16:01:54', '2021-08-02 16:01:54', 2);
INSERT INTO `m_hak_akses` VALUES (18, 2, 5, '2021-08-02 16:01:54', '2021-08-02 16:01:54', 2);
INSERT INTO `m_hak_akses` VALUES (959, 7, 155, '2022-06-02 08:15:23', '2022-06-02 08:15:23', 4);
INSERT INTO `m_hak_akses` VALUES (951, 14, 152, '2022-05-30 08:36:31', '2022-05-30 08:36:31', 4);
INSERT INTO `m_hak_akses` VALUES (950, 1, 2, '2022-05-30 07:41:16', '2022-05-30 07:41:16', 5);
INSERT INTO `m_hak_akses` VALUES (4, 1, 1, '2021-08-02 15:57:05', '2021-08-02 15:57:05', 2);
INSERT INTO `m_hak_akses` VALUES (5, 1, 5, '2021-08-02 15:57:05', '2021-08-02 15:57:05', 2);
INSERT INTO `m_hak_akses` VALUES (6, 1, 6, '2021-08-02 15:57:05', '2021-08-02 15:57:05', 2);
INSERT INTO `m_hak_akses` VALUES (7, 1, 7, '2021-08-02 15:57:05', '2021-08-02 15:57:05', 2);
INSERT INTO `m_hak_akses` VALUES (8, 1, 8, '2021-08-02 15:57:05', '2021-08-02 15:57:05', 2);
INSERT INTO `m_hak_akses` VALUES (9, 1, 9, '2021-08-02 15:57:05', '2021-08-02 15:57:05', 2);
INSERT INTO `m_hak_akses` VALUES (10, 1, 10, '2021-08-02 15:57:05', '2021-08-02 15:57:05', 2);
INSERT INTO `m_hak_akses` VALUES (11, 1, 11, '2021-08-02 15:57:05', '2021-08-02 15:57:05', 2);
INSERT INTO `m_hak_akses` VALUES (12, 1, 12, '2021-08-02 15:57:05', '2021-08-02 15:57:05', 2);
INSERT INTO `m_hak_akses` VALUES (15, 1, 13, '2021-08-02 15:59:40', '2021-08-02 15:59:40', 2);
INSERT INTO `m_hak_akses` VALUES (14, 1, 14, '2021-08-02 15:58:56', '2021-08-02 15:58:56', 2);
INSERT INTO `m_hak_akses` VALUES (28, 1, 15, '2021-08-05 07:55:39', '2021-08-05 07:55:39', 2);
INSERT INTO `m_hak_akses` VALUES (29, 1, 16, '2021-08-07 08:55:16', '2021-08-07 08:55:16', 2);
INSERT INTO `m_hak_akses` VALUES (30, 1, 17, '2021-08-07 08:59:26', '2021-08-07 08:59:26', 2);
INSERT INTO `m_hak_akses` VALUES (31, 2, 15, '2021-08-13 13:05:17', '2021-08-13 13:05:17', 2);
INSERT INTO `m_hak_akses` VALUES (32, 2, 16, '2021-08-13 13:05:17', '2021-08-13 13:05:17', 2);
INSERT INTO `m_hak_akses` VALUES (33, 2, 17, '2021-08-13 13:05:17', '2021-08-13 13:05:17', 2);
INSERT INTO `m_hak_akses` VALUES (34, 2, 18, '2021-08-13 13:05:17', '2021-08-13 13:05:17', 2);
INSERT INTO `m_hak_akses` VALUES (35, 2, 19, '2021-08-13 13:05:17', '2021-08-13 13:05:17', 2);
INSERT INTO `m_hak_akses` VALUES (36, 2, 20, '2021-08-13 13:05:17', '2021-08-13 13:05:17', 2);
INSERT INTO `m_hak_akses` VALUES (37, 1, 18, '2021-08-13 13:05:56', '2021-08-13 13:05:56', 2);
INSERT INTO `m_hak_akses` VALUES (38, 1, 19, '2021-08-13 13:05:56', '2021-08-13 13:05:56', 2);
INSERT INTO `m_hak_akses` VALUES (39, 1, 20, '2021-08-13 13:05:56', '2021-08-13 13:05:56', 2);
INSERT INTO `m_hak_akses` VALUES (40, 1, 21, '2021-08-14 08:03:35', '2021-08-14 08:03:35', 2);
INSERT INTO `m_hak_akses` VALUES (41, 1, 22, '2021-08-18 13:20:18', '2021-08-18 13:20:18', 2);
INSERT INTO `m_hak_akses` VALUES (42, 1, 23, '2021-08-19 10:32:59', '2021-08-19 10:32:59', 2);
INSERT INTO `m_hak_akses` VALUES (43, 1, 24, '2021-08-19 10:32:59', '2021-08-19 10:32:59', 2);
INSERT INTO `m_hak_akses` VALUES (44, 1, 25, '2021-08-19 11:12:59', '2021-08-19 11:12:59', 2);
INSERT INTO `m_hak_akses` VALUES (45, 1, 26, '2021-08-21 08:21:10', '2021-08-21 08:21:10', 2);
INSERT INTO `m_hak_akses` VALUES (46, 1, 27, '2021-08-21 08:50:31', '2021-08-21 08:50:31', 2);
INSERT INTO `m_hak_akses` VALUES (47, 1, 28, '2021-08-21 12:37:24', '2021-08-21 12:37:24', 2);
INSERT INTO `m_hak_akses` VALUES (48, 1, 29, '2021-08-27 08:49:32', '2021-08-27 08:49:32', 2);
INSERT INTO `m_hak_akses` VALUES (49, 1, 30, '2021-09-01 07:42:57', '2021-09-01 07:42:57', 2);
INSERT INTO `m_hak_akses` VALUES (50, 1, 31, '2021-09-01 07:42:57', '2021-09-01 07:42:57', 2);
INSERT INTO `m_hak_akses` VALUES (51, 1, 32, '2021-09-01 07:42:57', '2021-09-01 07:42:57', 2);
INSERT INTO `m_hak_akses` VALUES (52, 1, 33, '2021-09-01 07:42:57', '2021-09-01 07:42:57', 2);
INSERT INTO `m_hak_akses` VALUES (53, 1, 34, '2021-09-01 07:42:57', '2021-09-01 07:42:57', 2);
INSERT INTO `m_hak_akses` VALUES (54, 1, 35, '2021-09-01 10:01:01', '2021-09-01 10:01:01', 2);
INSERT INTO `m_hak_akses` VALUES (55, 1, 36, '2021-09-07 14:13:21', '2021-09-07 14:13:21', 2);
INSERT INTO `m_hak_akses` VALUES (66, 1, 45, '2021-10-06 14:51:33', '2021-10-06 14:51:33', 2);
INSERT INTO `m_hak_akses` VALUES (73, 1, 49, '2021-10-18 10:14:03', '2021-10-18 10:14:03', 2);
INSERT INTO `m_hak_akses` VALUES (58, 1, 39, '2021-09-14 08:24:34', '2021-09-14 08:24:34', 2);
INSERT INTO `m_hak_akses` VALUES (59, 1, 40, '2021-09-18 09:10:20', '2021-09-18 09:10:20', 2);
INSERT INTO `m_hak_akses` VALUES (60, 1, 41, '2021-09-28 10:34:53', '2021-09-28 10:34:53', 2);
INSERT INTO `m_hak_akses` VALUES (61, 1, 42, '2021-09-28 10:34:53', '2021-09-28 10:34:53', 2);
INSERT INTO `m_hak_akses` VALUES (62, 1, 43, '2021-09-28 11:07:43', '2021-09-28 11:07:43', 2);
INSERT INTO `m_hak_akses` VALUES (63, 2, 38, '2021-10-02 07:24:10', '2021-10-02 07:24:10', 2);
INSERT INTO `m_hak_akses` VALUES (64, 2, 39, '2021-10-02 07:24:10', '2021-10-02 07:24:10', 2);
INSERT INTO `m_hak_akses` VALUES (65, 1, 44, '2021-10-06 13:22:36', '2021-10-06 13:22:36', 2);
INSERT INTO `m_hak_akses` VALUES (67, 1, 46, '2021-10-06 14:51:33', '2021-10-06 14:51:33', 2);
INSERT INTO `m_hak_akses` VALUES (68, 1, 47, '2021-10-14 08:55:43', '2021-10-14 08:55:43', 2);
INSERT INTO `m_hak_akses` VALUES (69, 1, 4, '2021-10-14 08:56:50', '2021-10-14 08:56:50', 3);
INSERT INTO `m_hak_akses` VALUES (70, 1, 3, '2021-10-14 08:56:50', '2021-10-14 08:56:50', 3);
INSERT INTO `m_hak_akses` VALUES (71, 1, 1, '2021-10-14 08:57:28', '2021-10-14 08:57:28', 3);
INSERT INTO `m_hak_akses` VALUES (72, 1, 48, '2021-10-15 09:30:53', '2021-10-15 09:30:53', 2);
INSERT INTO `m_hak_akses` VALUES (74, 1, 50, '2021-10-22 07:35:33', '2021-10-22 07:35:33', 2);
INSERT INTO `m_hak_akses` VALUES (75, 1, 51, '2021-10-23 09:57:50', '2021-10-23 09:57:50', 2);
INSERT INTO `m_hak_akses` VALUES (76, 1, 94, '2021-10-24 05:42:09', '2021-10-24 05:42:09', 2);
INSERT INTO `m_hak_akses` VALUES (401, 7, 106, '2022-02-04 07:50:26', '2022-02-04 07:50:26', 8);
INSERT INTO `m_hak_akses` VALUES (402, 7, 112, '2022-02-04 07:50:26', '2022-02-04 07:50:26', 8);
INSERT INTO `m_hak_akses` VALUES (79, 7, 22, '2021-10-18 10:32:44', '2021-10-18 10:32:44', 2);
INSERT INTO `m_hak_akses` VALUES (333, 7, 51, '2022-01-13 08:54:40', '2022-01-13 08:54:40', 2);
INSERT INTO `m_hak_akses` VALUES (331, 7, 39, '2022-01-13 08:54:40', '2022-01-13 08:54:40', 2);
INSERT INTO `m_hak_akses` VALUES (330, 7, 31, '2022-01-13 08:54:40', '2022-01-13 08:54:40', 2);
INSERT INTO `m_hak_akses` VALUES (84, 7, 41, '2021-10-18 10:32:44', '2021-10-18 10:32:44', 2);
INSERT INTO `m_hak_akses` VALUES (85, 7, 42, '2021-10-18 10:32:44', '2021-10-18 10:32:44', 2);
INSERT INTO `m_hak_akses` VALUES (86, 7, 43, '2021-10-18 10:32:44', '2021-10-18 10:32:44', 2);
INSERT INTO `m_hak_akses` VALUES (332, 7, 49, '2022-01-13 08:54:40', '2022-01-13 08:54:40', 2);
INSERT INTO `m_hak_akses` VALUES (88, 4, 16, '2021-10-18 10:33:58', '2021-10-18 10:33:58', 2);
INSERT INTO `m_hak_akses` VALUES (89, 4, 17, '2021-10-18 10:33:58', '2021-10-18 10:33:58', 2);
INSERT INTO `m_hak_akses` VALUES (90, 4, 21, '2021-10-18 10:33:58', '2021-10-18 10:33:58', 2);
INSERT INTO `m_hak_akses` VALUES (91, 4, 25, '2021-10-18 10:33:58', '2021-10-18 10:33:58', 2);
INSERT INTO `m_hak_akses` VALUES (92, 4, 28, '2021-10-18 10:33:58', '2021-10-18 10:33:58', 2);
INSERT INTO `m_hak_akses` VALUES (93, 4, 29, '2021-10-18 10:33:58', '2021-10-18 10:33:58', 2);
INSERT INTO `m_hak_akses` VALUES (94, 4, 31, '2021-10-18 10:33:58', '2021-10-18 10:33:58', 2);
INSERT INTO `m_hak_akses` VALUES (95, 4, 33, '2021-10-18 10:33:58', '2021-10-18 10:33:58', 2);
INSERT INTO `m_hak_akses` VALUES (96, 4, 34, '2021-10-18 10:33:58', '2021-10-18 10:33:58', 2);
INSERT INTO `m_hak_akses` VALUES (97, 4, 35, '2021-10-18 10:33:58', '2021-10-18 10:33:58', 2);
INSERT INTO `m_hak_akses` VALUES (98, 4, 36, '2021-10-18 10:33:58', '2021-10-18 10:33:58', 2);
INSERT INTO `m_hak_akses` VALUES (100, 4, 39, '2021-10-18 10:33:58', '2021-10-18 10:33:58', 2);
INSERT INTO `m_hak_akses` VALUES (101, 4, 40, '2021-10-18 10:33:58', '2021-10-18 10:33:58', 2);
INSERT INTO `m_hak_akses` VALUES (102, 4, 41, '2021-10-18 10:33:58', '2021-10-18 10:33:58', 2);
INSERT INTO `m_hak_akses` VALUES (103, 4, 44, '2021-10-18 10:33:58', '2021-10-18 10:33:58', 2);
INSERT INTO `m_hak_akses` VALUES (104, 4, 45, '2021-10-18 10:33:58', '2021-10-18 10:33:58', 2);
INSERT INTO `m_hak_akses` VALUES (105, 4, 46, '2021-10-18 10:33:58', '2021-10-18 10:33:58', 2);
INSERT INTO `m_hak_akses` VALUES (106, 4, 47, '2021-10-18 10:33:58', '2021-10-18 10:33:58', 2);
INSERT INTO `m_hak_akses` VALUES (107, 4, 48, '2021-10-18 10:33:58', '2021-10-18 10:33:58', 2);
INSERT INTO `m_hak_akses` VALUES (108, 9, 16, '2021-10-18 10:34:31', '2021-10-18 10:34:31', 2);
INSERT INTO `m_hak_akses` VALUES (109, 9, 17, '2021-10-18 10:34:31', '2021-10-18 10:34:31', 2);
INSERT INTO `m_hak_akses` VALUES (110, 6, 4, '2021-10-18 10:35:58', '2021-10-18 10:35:58', 2);
INSERT INTO `m_hak_akses` VALUES (356, 6, 25, '2022-01-20 13:45:18', '2022-01-20 13:45:18', 2);
INSERT INTO `m_hak_akses` VALUES (112, 6, 2, '2021-10-18 10:35:58', '2021-10-18 10:35:58', 2);
INSERT INTO `m_hak_akses` VALUES (113, 6, 1, '2021-10-18 10:35:58', '2021-10-18 10:35:58', 2);
INSERT INTO `m_hak_akses` VALUES (114, 6, 5, '2021-10-18 10:35:58', '2021-10-18 10:35:58', 2);
INSERT INTO `m_hak_akses` VALUES (115, 6, 6, '2021-10-18 10:35:58', '2021-10-18 10:35:58', 2);
INSERT INTO `m_hak_akses` VALUES (116, 6, 7, '2021-10-18 10:35:58', '2021-10-18 10:35:58', 2);
INSERT INTO `m_hak_akses` VALUES (117, 6, 8, '2021-10-18 10:35:58', '2021-10-18 10:35:58', 2);
INSERT INTO `m_hak_akses` VALUES (118, 6, 9, '2021-10-18 10:35:58', '2021-10-18 10:35:58', 2);
INSERT INTO `m_hak_akses` VALUES (119, 6, 10, '2021-10-18 10:35:58', '2021-10-18 10:35:58', 2);
INSERT INTO `m_hak_akses` VALUES (120, 6, 11, '2021-10-18 10:35:58', '2021-10-18 10:35:58', 2);
INSERT INTO `m_hak_akses` VALUES (121, 6, 12, '2021-10-18 10:35:58', '2021-10-18 10:35:58', 2);
INSERT INTO `m_hak_akses` VALUES (122, 6, 13, '2021-10-18 10:35:58', '2021-10-18 10:35:58', 2);
INSERT INTO `m_hak_akses` VALUES (123, 6, 14, '2021-10-18 10:35:58', '2021-10-18 10:35:58', 2);
INSERT INTO `m_hak_akses` VALUES (124, 6, 15, '2021-10-18 10:35:58', '2021-10-18 10:35:58', 2);
INSERT INTO `m_hak_akses` VALUES (125, 6, 16, '2021-10-18 10:35:58', '2021-10-18 10:35:58', 2);
INSERT INTO `m_hak_akses` VALUES (127, 6, 18, '2021-10-18 10:35:58', '2021-10-18 10:35:58', 2);
INSERT INTO `m_hak_akses` VALUES (128, 6, 19, '2021-10-18 10:35:58', '2021-10-18 10:35:58', 2);
INSERT INTO `m_hak_akses` VALUES (129, 6, 20, '2021-10-18 10:35:58', '2021-10-18 10:35:58', 2);
INSERT INTO `m_hak_akses` VALUES (132, 6, 23, '2021-10-18 10:35:58', '2021-10-18 10:35:58', 2);
INSERT INTO `m_hak_akses` VALUES (135, 6, 26, '2021-10-18 10:35:58', '2021-10-18 10:35:58', 2);
INSERT INTO `m_hak_akses` VALUES (136, 6, 27, '2021-10-18 10:35:58', '2021-10-18 10:35:58', 2);
INSERT INTO `m_hak_akses` VALUES (139, 6, 30, '2021-10-18 10:35:58', '2021-10-18 10:35:58', 2);
INSERT INTO `m_hak_akses` VALUES (140, 6, 31, '2021-10-18 10:35:58', '2021-10-18 10:35:58', 2);
INSERT INTO `m_hak_akses` VALUES (141, 6, 32, '2021-10-18 10:35:58', '2021-10-18 10:35:58', 2);
INSERT INTO `m_hak_akses` VALUES (142, 6, 33, '2021-10-18 10:35:58', '2021-10-18 10:35:58', 2);
INSERT INTO `m_hak_akses` VALUES (143, 6, 34, '2021-10-18 10:35:58', '2021-10-18 10:35:58', 2);
INSERT INTO `m_hak_akses` VALUES (144, 6, 35, '2021-10-18 10:35:58', '2021-10-18 10:35:58', 2);
INSERT INTO `m_hak_akses` VALUES (145, 6, 36, '2021-10-18 10:35:58', '2021-10-18 10:35:58', 2);
INSERT INTO `m_hak_akses` VALUES (379, 1, 119, '2022-01-29 07:44:41', '2022-01-29 07:44:41', 8);
INSERT INTO `m_hak_akses` VALUES (147, 6, 38, '2021-10-18 10:35:58', '2021-10-18 10:35:58', 2);
INSERT INTO `m_hak_akses` VALUES (148, 6, 39, '2021-10-18 10:35:58', '2021-10-18 10:35:58', 2);
INSERT INTO `m_hak_akses` VALUES (149, 6, 40, '2021-10-18 10:35:58', '2021-10-18 10:35:58', 2);
INSERT INTO `m_hak_akses` VALUES (150, 6, 41, '2021-10-18 10:35:58', '2021-10-18 10:35:58', 2);
INSERT INTO `m_hak_akses` VALUES (151, 6, 42, '2021-10-18 10:35:58', '2021-10-18 10:35:58', 2);
INSERT INTO `m_hak_akses` VALUES (152, 6, 43, '2021-10-18 10:35:58', '2021-10-18 10:35:58', 2);
INSERT INTO `m_hak_akses` VALUES (153, 6, 44, '2021-10-18 10:35:58', '2021-10-18 10:35:58', 2);
INSERT INTO `m_hak_akses` VALUES (154, 6, 45, '2021-10-18 10:35:58', '2021-10-18 10:35:58', 2);
INSERT INTO `m_hak_akses` VALUES (155, 6, 46, '2021-10-18 10:35:58', '2021-10-18 10:35:58', 2);
INSERT INTO `m_hak_akses` VALUES (157, 6, 48, '2021-10-18 10:35:58', '2021-10-18 10:35:58', 2);
INSERT INTO `m_hak_akses` VALUES (654, 1, 218, '2022-05-09 13:35:32', '2022-05-09 13:35:32', 4);
INSERT INTO `m_hak_akses` VALUES (231, 1, 99, '2021-12-17 10:49:01', '2021-12-17 10:49:01', 8);
INSERT INTO `m_hak_akses` VALUES (229, 1, 1, '2021-12-07 10:40:06', '2021-12-07 10:40:06', 8);
INSERT INTO `m_hak_akses` VALUES (642, 1, 133, '2022-05-06 07:54:15', '2022-05-06 07:54:15', 1);
INSERT INTO `m_hak_akses` VALUES (641, 1, 71, '2022-05-06 07:54:15', '2022-05-06 07:54:15', 1);
INSERT INTO `m_hak_akses` VALUES (164, 1, 54, '2021-10-19 12:28:51', '2021-10-19 12:28:51', 1);
INSERT INTO `m_hak_akses` VALUES (165, 1, 55, '2021-10-19 13:21:56', '2021-10-19 13:21:56', 1);
INSERT INTO `m_hak_akses` VALUES (166, 1, 56, '2021-10-19 13:22:43', '2021-10-19 13:22:43', 1);
INSERT INTO `m_hak_akses` VALUES (167, 1, 57, '2021-10-19 13:43:55', '2021-10-19 13:43:55', 1);
INSERT INTO `m_hak_akses` VALUES (640, 1, 69, '2022-05-06 07:54:14', '2022-05-06 07:54:14', 1);
INSERT INTO `m_hak_akses` VALUES (169, 1, 59, '2021-10-19 13:53:05', '2021-10-19 13:53:05', 1);
INSERT INTO `m_hak_akses` VALUES (170, 1, 60, '2021-10-19 13:53:05', '2021-10-19 13:53:05', 1);
INSERT INTO `m_hak_akses` VALUES (171, 1, 61, '2021-10-19 13:53:05', '2021-10-19 13:53:05', 1);
INSERT INTO `m_hak_akses` VALUES (172, 1, 62, '2021-10-19 13:53:05', '2021-10-19 13:53:05', 1);
INSERT INTO `m_hak_akses` VALUES (173, 1, 63, '2021-10-19 13:53:05', '2021-10-19 13:53:05', 1);
INSERT INTO `m_hak_akses` VALUES (174, 1, 64, '2021-10-19 13:53:05', '2021-10-19 13:53:05', 1);
INSERT INTO `m_hak_akses` VALUES (175, 1, 65, '2021-10-19 14:09:08', '2021-10-19 14:09:08', 3);
INSERT INTO `m_hak_akses` VALUES (176, 1, 66, '2021-10-19 14:09:08', '2021-10-19 14:09:08', 3);
INSERT INTO `m_hak_akses` VALUES (230, 1, 98, '2021-12-13 07:29:29', '2021-12-13 07:29:29', 8);
INSERT INTO `m_hak_akses` VALUES (232, 1, 100, '2021-12-23 08:15:06', '2021-12-23 08:15:06', 8);
INSERT INTO `m_hak_akses` VALUES (180, 1, 68, '2021-10-21 08:36:24', '2021-10-21 08:36:24', 8);
INSERT INTO `m_hak_akses` VALUES (181, 1, 3, '2021-10-21 08:37:46', '2021-10-21 08:37:46', 10);
INSERT INTO `m_hak_akses` VALUES (183, 1, 69, '2021-10-21 08:49:24', '2021-10-21 08:49:24', 10);
INSERT INTO `m_hak_akses` VALUES (438, 1, 1, '2022-03-02 11:49:41', '2022-03-02 11:49:41', 4);
INSERT INTO `m_hak_akses` VALUES (185, 1, 71, '2021-10-21 08:49:24', '2021-10-21 08:49:24', 10);
INSERT INTO `m_hak_akses` VALUES (186, 1, 72, '2021-10-21 08:49:24', '2021-10-21 08:49:24', 10);
INSERT INTO `m_hak_akses` VALUES (187, 1, 73, '2021-10-21 08:49:24', '2021-10-21 08:49:24', 10);
INSERT INTO `m_hak_akses` VALUES (188, 1, 3, '2021-10-21 08:49:44', '2021-10-21 08:49:44', 7);
INSERT INTO `m_hak_akses` VALUES (190, 1, 74, '2021-10-21 09:14:04', '2021-10-21 09:14:04', 7);
INSERT INTO `m_hak_akses` VALUES (191, 1, 75, '2021-10-21 09:14:04', '2021-10-21 09:14:04', 7);
INSERT INTO `m_hak_akses` VALUES (192, 1, 76, '2021-10-21 09:14:04', '2021-10-21 09:14:04', 7);
INSERT INTO `m_hak_akses` VALUES (193, 1, 77, '2021-10-21 09:14:04', '2021-10-21 09:14:04', 7);
INSERT INTO `m_hak_akses` VALUES (194, 1, 78, '2021-10-21 09:14:04', '2021-10-21 09:14:04', 7);
INSERT INTO `m_hak_akses` VALUES (196, 1, 80, '2021-10-21 09:38:25', '2021-10-21 09:38:25', 14);
INSERT INTO `m_hak_akses` VALUES (197, 1, 81, '2021-10-21 09:38:25', '2021-10-21 09:38:25', 14);
INSERT INTO `m_hak_akses` VALUES (198, 1, 82, '2021-10-21 09:38:25', '2021-10-21 09:38:25', 14);
INSERT INTO `m_hak_akses` VALUES (199, 1, 83, '2021-10-21 09:38:25', '2021-10-21 09:38:25', 14);
INSERT INTO `m_hak_akses` VALUES (200, 1, 84, '2021-10-21 09:38:25', '2021-10-21 09:38:25', 14);
INSERT INTO `m_hak_akses` VALUES (201, 1, 85, '2021-10-21 09:38:25', '2021-10-21 09:38:25', 14);
INSERT INTO `m_hak_akses` VALUES (202, 1, 86, '2021-10-21 09:38:25', '2021-10-21 09:38:25', 14);
INSERT INTO `m_hak_akses` VALUES (203, 1, 87, '2021-10-21 09:38:25', '2021-10-21 09:38:25', 14);
INSERT INTO `m_hak_akses` VALUES (204, 1, 88, '2021-10-21 09:38:25', '2021-10-21 09:38:25', 14);
INSERT INTO `m_hak_akses` VALUES (205, 1, 89, '2021-10-21 09:38:25', '2021-10-21 09:38:25', 14);
INSERT INTO `m_hak_akses` VALUES (206, 1, 79, '2021-10-21 09:39:00', '2021-10-21 09:39:00', 13);
INSERT INTO `m_hak_akses` VALUES (207, 1, 80, '2021-10-21 09:39:00', '2021-10-21 09:39:00', 13);
INSERT INTO `m_hak_akses` VALUES (208, 1, 81, '2021-10-21 09:39:00', '2021-10-21 09:39:00', 13);
INSERT INTO `m_hak_akses` VALUES (209, 1, 82, '2021-10-21 09:39:00', '2021-10-21 09:39:00', 13);
INSERT INTO `m_hak_akses` VALUES (210, 1, 83, '2021-10-21 09:39:00', '2021-10-21 09:39:00', 13);
INSERT INTO `m_hak_akses` VALUES (211, 1, 84, '2021-10-21 09:39:00', '2021-10-21 09:39:00', 13);
INSERT INTO `m_hak_akses` VALUES (212, 1, 85, '2021-10-21 09:39:00', '2021-10-21 09:39:00', 13);
INSERT INTO `m_hak_akses` VALUES (213, 1, 86, '2021-10-21 09:39:00', '2021-10-21 09:39:00', 13);
INSERT INTO `m_hak_akses` VALUES (214, 1, 87, '2021-10-21 09:39:00', '2021-10-21 09:39:00', 13);
INSERT INTO `m_hak_akses` VALUES (215, 1, 88, '2021-10-21 09:39:00', '2021-10-21 09:39:00', 13);
INSERT INTO `m_hak_akses` VALUES (216, 1, 89, '2021-10-21 09:39:00', '2021-10-21 09:39:00', 13);
INSERT INTO `m_hak_akses` VALUES (217, 1, 90, '2021-10-21 09:46:22', '2021-10-21 09:46:22', 13);
INSERT INTO `m_hak_akses` VALUES (218, 1, 91, '2021-10-21 09:46:22', '2021-10-21 09:46:22', 13);
INSERT INTO `m_hak_akses` VALUES (219, 7, 4, '2021-10-25 08:26:19', NULL, 2);
INSERT INTO `m_hak_akses` VALUES (220, 7, 2, '2021-10-25 08:26:39', NULL, 2);
INSERT INTO `m_hak_akses` VALUES (221, 7, 1, '2021-10-25 08:26:56', NULL, 2);
INSERT INTO `m_hak_akses` VALUES (223, 7, 16, '2021-10-25 08:28:03', NULL, 2);
INSERT INTO `m_hak_akses` VALUES (226, 1, 95, '2021-12-07 08:15:27', '2021-12-07 08:15:27', 8);
INSERT INTO `m_hak_akses` VALUES (235, 1, 103, '2021-12-28 09:25:10', '2021-12-28 09:25:10', 8);
INSERT INTO `m_hak_akses` VALUES (234, 1, 102, '2021-12-28 09:25:10', '2021-12-28 09:25:10', 8);
INSERT INTO `m_hak_akses` VALUES (233, 1, 101, '2021-12-23 08:15:06', '2021-12-23 08:15:06', 8);
INSERT INTO `m_hak_akses` VALUES (236, 1, 104, '2021-12-29 13:31:52', '2021-12-29 13:31:52', 8);
INSERT INTO `m_hak_akses` VALUES (237, 1, 105, '2022-01-11 10:20:25', '2022-01-11 10:20:25', 8);
INSERT INTO `m_hak_akses` VALUES (238, 2, 4, '2022-01-11 15:45:16', '2022-01-11 15:45:16', 2);
INSERT INTO `m_hak_akses` VALUES (239, 2, 21, '2022-01-11 15:45:16', '2022-01-11 15:45:16', 2);
INSERT INTO `m_hak_akses` VALUES (240, 2, 22, '2022-01-11 15:45:16', '2022-01-11 15:45:16', 2);
INSERT INTO `m_hak_akses` VALUES (241, 2, 23, '2022-01-11 15:45:16', '2022-01-11 15:45:16', 2);
INSERT INTO `m_hak_akses` VALUES (242, 2, 24, '2022-01-11 15:45:16', '2022-01-11 15:45:16', 2);
INSERT INTO `m_hak_akses` VALUES (243, 2, 25, '2022-01-11 15:45:16', '2022-01-11 15:45:16', 2);
INSERT INTO `m_hak_akses` VALUES (244, 2, 26, '2022-01-11 15:45:16', '2022-01-11 15:45:16', 2);
INSERT INTO `m_hak_akses` VALUES (245, 2, 28, '2022-01-11 15:45:16', '2022-01-11 15:45:16', 2);
INSERT INTO `m_hak_akses` VALUES (246, 2, 29, '2022-01-11 15:45:16', '2022-01-11 15:45:16', 2);
INSERT INTO `m_hak_akses` VALUES (247, 2, 30, '2022-01-11 15:45:16', '2022-01-11 15:45:16', 2);
INSERT INTO `m_hak_akses` VALUES (248, 2, 31, '2022-01-11 15:45:16', '2022-01-11 15:45:16', 2);
INSERT INTO `m_hak_akses` VALUES (249, 2, 32, '2022-01-11 15:45:16', '2022-01-11 15:45:16', 2);
INSERT INTO `m_hak_akses` VALUES (250, 2, 33, '2022-01-11 15:45:16', '2022-01-11 15:45:16', 2);
INSERT INTO `m_hak_akses` VALUES (251, 2, 34, '2022-01-11 15:45:16', '2022-01-11 15:45:16', 2);
INSERT INTO `m_hak_akses` VALUES (252, 2, 35, '2022-01-11 15:45:16', '2022-01-11 15:45:16', 2);
INSERT INTO `m_hak_akses` VALUES (253, 2, 36, '2022-01-11 15:45:16', '2022-01-11 15:45:16', 2);
INSERT INTO `m_hak_akses` VALUES (255, 2, 40, '2022-01-11 15:45:16', '2022-01-11 15:45:16', 2);
INSERT INTO `m_hak_akses` VALUES (256, 2, 41, '2022-01-11 15:45:16', '2022-01-11 15:45:16', 2);
INSERT INTO `m_hak_akses` VALUES (257, 2, 42, '2022-01-11 15:45:16', '2022-01-11 15:45:16', 2);
INSERT INTO `m_hak_akses` VALUES (258, 2, 43, '2022-01-11 15:45:16', '2022-01-11 15:45:16', 2);
INSERT INTO `m_hak_akses` VALUES (259, 2, 44, '2022-01-11 15:45:16', '2022-01-11 15:45:16', 2);
INSERT INTO `m_hak_akses` VALUES (260, 2, 45, '2022-01-11 15:45:16', '2022-01-11 15:45:16', 2);
INSERT INTO `m_hak_akses` VALUES (261, 2, 46, '2022-01-11 15:45:16', '2022-01-11 15:45:16', 2);
INSERT INTO `m_hak_akses` VALUES (262, 2, 47, '2022-01-11 15:45:16', '2022-01-11 15:45:16', 2);
INSERT INTO `m_hak_akses` VALUES (263, 2, 48, '2022-01-11 15:45:16', '2022-01-11 15:45:16', 2);
INSERT INTO `m_hak_akses` VALUES (264, 2, 49, '2022-01-11 15:45:16', '2022-01-11 15:45:16', 2);
INSERT INTO `m_hak_akses` VALUES (265, 2, 50, '2022-01-11 15:45:16', '2022-01-11 15:45:16', 2);
INSERT INTO `m_hak_akses` VALUES (266, 2, 51, '2022-01-11 15:45:16', '2022-01-11 15:45:16', 2);
INSERT INTO `m_hak_akses` VALUES (280, 2, 68, '2022-01-11 15:45:16', '2022-01-11 15:45:16', 2);
INSERT INTO `m_hak_akses` VALUES (329, 5, 104, '2022-01-13 08:48:55', '2022-01-13 08:48:55', 2);
INSERT INTO `m_hak_akses` VALUES (328, 5, 99, '2022-01-13 08:48:55', '2022-01-13 08:48:55', 2);
INSERT INTO `m_hak_akses` VALUES (327, 5, 45, '2022-01-13 08:48:55', '2022-01-13 08:48:55', 2);
INSERT INTO `m_hak_akses` VALUES (326, 5, 39, '2022-01-13 08:48:55', '2022-01-13 08:48:55', 2);
INSERT INTO `m_hak_akses` VALUES (325, 5, 31, '2022-01-13 08:48:55', '2022-01-13 08:48:55', 2);
INSERT INTO `m_hak_akses` VALUES (324, 5, 100, '2022-01-13 07:07:34', '2022-01-13 07:07:34', 2);
INSERT INTO `m_hak_akses` VALUES (323, 5, 68, '2022-01-13 07:07:34', '2022-01-13 07:07:34', 2);
INSERT INTO `m_hak_akses` VALUES (321, 4, 104, '2022-01-13 05:37:56', '2022-01-13 05:37:56', 2);
INSERT INTO `m_hak_akses` VALUES (320, 4, 101, '2022-01-13 05:37:56', '2022-01-13 05:37:56', 2);
INSERT INTO `m_hak_akses` VALUES (319, 4, 100, '2022-01-13 05:37:56', '2022-01-13 05:37:56', 2);
INSERT INTO `m_hak_akses` VALUES (318, 4, 99, '2022-01-13 05:37:56', '2022-01-13 05:37:56', 2);
INSERT INTO `m_hak_akses` VALUES (317, 4, 68, '2022-01-13 05:37:56', '2022-01-13 05:37:56', 2);
INSERT INTO `m_hak_akses` VALUES (947, 4, 2, '2022-05-29 17:16:05', '2022-05-29 17:16:05', 13);
INSERT INTO `m_hak_akses` VALUES (948, 4, 1, '2022-05-29 17:16:05', '2022-05-29 17:16:05', 13);
INSERT INTO `m_hak_akses` VALUES (949, 4, 50, '2022-05-29 17:16:05', '2022-05-29 17:16:05', 13);
INSERT INTO `m_hak_akses` VALUES (313, 5, 16, '2022-01-13 05:30:42', '2022-01-13 05:30:42', 2);
INSERT INTO `m_hak_akses` VALUES (312, 5, 17, '2022-01-13 05:29:17', '2022-01-13 05:29:17', 2);
INSERT INTO `m_hak_akses` VALUES (311, 2, 105, '2022-01-11 20:33:41', '2022-01-11 20:33:41', 2);
INSERT INTO `m_hak_akses` VALUES (306, 2, 94, '2022-01-11 15:45:16', '2022-01-11 15:45:16', 2);
INSERT INTO `m_hak_akses` VALUES (307, 2, 99, '2022-01-11 15:45:16', '2022-01-11 15:45:16', 2);
INSERT INTO `m_hak_akses` VALUES (308, 2, 100, '2022-01-11 15:45:16', '2022-01-11 15:45:16', 2);
INSERT INTO `m_hak_akses` VALUES (309, 2, 101, '2022-01-11 15:45:16', '2022-01-11 15:45:16', 2);
INSERT INTO `m_hak_akses` VALUES (310, 2, 104, '2022-01-11 15:45:16', '2022-01-11 15:45:16', 2);
INSERT INTO `m_hak_akses` VALUES (336, 1, 106, '2022-01-15 09:40:55', '2022-01-15 09:40:55', 8);
INSERT INTO `m_hak_akses` VALUES (337, 1, 107, '2022-01-15 10:52:34', '2022-01-15 10:52:34', 8);
INSERT INTO `m_hak_akses` VALUES (338, 1, 109, '2022-01-17 09:51:29', '2022-01-17 09:51:29', 8);
INSERT INTO `m_hak_akses` VALUES (339, 1, 108, '2022-01-17 09:51:29', '2022-01-17 09:51:29', 8);
INSERT INTO `m_hak_akses` VALUES (340, 1, 110, '2022-01-17 09:51:29', '2022-01-17 09:51:29', 8);
INSERT INTO `m_hak_akses` VALUES (341, 1, 111, '2022-01-20 07:37:14', '2022-01-20 07:37:14', 8);
INSERT INTO `m_hak_akses` VALUES (342, 1, 112, '2022-01-20 10:18:03', '2022-01-20 10:18:03', 8);
INSERT INTO `m_hak_akses` VALUES (343, 1, 113, '2022-01-20 13:17:12', '2022-01-20 13:17:12', 2);
INSERT INTO `m_hak_akses` VALUES (344, 1, 115, '2022-01-20 13:35:04', '2022-01-20 13:35:04', 2);
INSERT INTO `m_hak_akses` VALUES (345, 12, 4, '2022-01-20 13:40:45', '2022-01-20 13:40:45', 2);
INSERT INTO `m_hak_akses` VALUES (346, 12, 2, '2022-01-20 13:40:45', '2022-01-20 13:40:45', 2);
INSERT INTO `m_hak_akses` VALUES (347, 12, 1, '2022-01-20 13:40:45', '2022-01-20 13:40:45', 2);
INSERT INTO `m_hak_akses` VALUES (348, 12, 16, '2022-01-20 13:40:45', '2022-01-20 13:40:45', 2);
INSERT INTO `m_hak_akses` VALUES (349, 12, 17, '2022-01-20 13:40:45', '2022-01-20 13:40:45', 2);
INSERT INTO `m_hak_akses` VALUES (350, 12, 47, '2022-01-20 13:40:45', '2022-01-20 13:40:45', 2);
INSERT INTO `m_hak_akses` VALUES (351, 12, 51, '2022-01-20 13:40:45', '2022-01-20 13:40:45', 2);
INSERT INTO `m_hak_akses` VALUES (352, 12, 113, '2022-01-20 13:40:45', '2022-01-20 13:40:45', 2);
INSERT INTO `m_hak_akses` VALUES (353, 12, 115, '2022-01-20 13:40:45', '2022-01-20 13:40:45', 2);
INSERT INTO `m_hak_akses` VALUES (354, 13, 16, '2022-01-20 13:44:13', '2022-01-20 13:44:13', 2);
INSERT INTO `m_hak_akses` VALUES (355, 13, 24, '2022-01-20 13:44:13', '2022-01-20 13:44:13', 2);
INSERT INTO `m_hak_akses` VALUES (357, 6, 28, '2022-01-20 13:45:18', '2022-01-20 13:45:18', 2);
INSERT INTO `m_hak_akses` VALUES (358, 6, 29, '2022-01-20 13:45:18', '2022-01-20 13:45:18', 2);
INSERT INTO `m_hak_akses` VALUES (359, 6, 47, '2022-01-20 13:45:18', '2022-01-20 13:45:18', 2);
INSERT INTO `m_hak_akses` VALUES (360, 6, 50, '2022-01-20 13:45:18', '2022-01-20 13:45:18', 2);
INSERT INTO `m_hak_akses` VALUES (361, 6, 51, '2022-01-20 13:45:18', '2022-01-20 13:45:18', 2);
INSERT INTO `m_hak_akses` VALUES (362, 6, 95, '2022-01-20 13:45:18', '2022-01-20 13:45:18', 2);
INSERT INTO `m_hak_akses` VALUES (363, 6, 96, '2022-01-20 13:45:18', '2022-01-20 13:45:18', 2);
INSERT INTO `m_hak_akses` VALUES (364, 6, 97, '2022-01-20 13:45:18', '2022-01-20 13:45:18', 2);
INSERT INTO `m_hak_akses` VALUES (365, 6, 98, '2022-01-20 13:45:18', '2022-01-20 13:45:18', 2);
INSERT INTO `m_hak_akses` VALUES (366, 6, 102, '2022-01-20 13:45:18', '2022-01-20 13:45:18', 2);
INSERT INTO `m_hak_akses` VALUES (367, 6, 103, '2022-01-20 13:45:18', '2022-01-20 13:45:18', 2);
INSERT INTO `m_hak_akses` VALUES (368, 6, 113, '2022-01-20 13:45:18', '2022-01-20 13:45:18', 2);
INSERT INTO `m_hak_akses` VALUES (369, 6, 115, '2022-01-20 13:45:18', '2022-01-20 13:45:18', 2);
INSERT INTO `m_hak_akses` VALUES (370, 12, 28, '2022-01-20 15:40:51', '2022-01-20 15:40:51', 2);
INSERT INTO `m_hak_akses` VALUES (371, 12, 29, '2022-01-20 15:40:51', '2022-01-20 15:40:51', 2);
INSERT INTO `m_hak_akses` VALUES (372, 12, 31, '2022-01-21 12:14:22', '2022-01-21 12:14:22', 2);
INSERT INTO `m_hak_akses` VALUES (373, 12, 36, '2022-01-21 12:14:22', '2022-01-21 12:14:22', 2);
INSERT INTO `m_hak_akses` VALUES (374, 12, 39, '2022-01-21 12:14:22', '2022-01-21 12:14:22', 2);
INSERT INTO `m_hak_akses` VALUES (375, 12, 40, '2022-01-21 12:14:22', '2022-01-21 12:14:22', 2);
INSERT INTO `m_hak_akses` VALUES (376, 12, 45, '2022-01-21 12:14:22', '2022-01-21 12:14:22', 2);
INSERT INTO `m_hak_akses` VALUES (377, 12, 46, '2022-01-21 12:14:22', '2022-01-21 12:14:22', 2);
INSERT INTO `m_hak_akses` VALUES (378, 12, 48, '2022-01-21 12:14:22', '2022-01-21 12:14:22', 2);
INSERT INTO `m_hak_akses` VALUES (380, 2, 106, '2022-01-29 09:59:32', '2022-01-29 09:59:32', 2);
INSERT INTO `m_hak_akses` VALUES (381, 2, 107, '2022-01-29 09:59:32', '2022-01-29 09:59:32', 2);
INSERT INTO `m_hak_akses` VALUES (382, 2, 109, '2022-01-29 09:59:32', '2022-01-29 09:59:32', 2);
INSERT INTO `m_hak_akses` VALUES (383, 2, 108, '2022-01-29 09:59:32', '2022-01-29 09:59:32', 2);
INSERT INTO `m_hak_akses` VALUES (384, 2, 112, '2022-01-29 09:59:32', '2022-01-29 09:59:32', 2);
INSERT INTO `m_hak_akses` VALUES (385, 2, 111, '2022-01-29 09:59:32', '2022-01-29 09:59:32', 2);
INSERT INTO `m_hak_akses` VALUES (386, 2, 110, '2022-01-29 09:59:32', '2022-01-29 09:59:32', 2);
INSERT INTO `m_hak_akses` VALUES (387, 2, 116, '2022-01-29 09:59:32', '2022-01-29 09:59:32', 2);
INSERT INTO `m_hak_akses` VALUES (388, 2, 117, '2022-01-29 09:59:32', '2022-01-29 09:59:32', 2);
INSERT INTO `m_hak_akses` VALUES (389, 2, 118, '2022-01-29 09:59:32', '2022-01-29 09:59:32', 2);
INSERT INTO `m_hak_akses` VALUES (390, 2, 119, '2022-01-29 09:59:32', '2022-01-29 09:59:32', 2);
INSERT INTO `m_hak_akses` VALUES (391, 1, 120, '2022-01-31 16:15:14', '2022-01-31 16:15:14', 2);
INSERT INTO `m_hak_akses` VALUES (392, 1, 121, '2022-01-31 16:15:14', '2022-01-31 16:15:14', 2);
INSERT INTO `m_hak_akses` VALUES (393, 1, 122, '2022-01-31 16:15:14', '2022-01-31 16:15:14', 2);
INSERT INTO `m_hak_akses` VALUES (394, 1, 123, '2022-01-31 16:15:14', '2022-01-31 16:15:14', 2);
INSERT INTO `m_hak_akses` VALUES (395, 7, 47, '2022-02-02 00:07:42', '2022-02-02 00:07:42', 2);
INSERT INTO `m_hak_akses` VALUES (396, 4, 49, '2022-02-03 12:56:38', '2022-02-03 12:56:38', 2);
INSERT INTO `m_hak_akses` VALUES (397, 7, 115, '2022-02-03 12:59:09', '2022-02-03 12:59:09', 2);
INSERT INTO `m_hak_akses` VALUES (398, 7, 120, '2022-02-03 12:59:09', '2022-02-03 12:59:09', 2);
INSERT INTO `m_hak_akses` VALUES (400, 7, 105, '2022-02-04 07:50:26', '2022-02-04 07:50:26', 8);
INSERT INTO `m_hak_akses` VALUES (399, 7, 68, '2022-02-04 07:50:26', '2022-02-04 07:50:26', 8);
INSERT INTO `m_hak_akses` VALUES (411, 6, 124, '2022-02-07 14:35:05', '2022-02-07 14:35:05', 2);
INSERT INTO `m_hak_akses` VALUES (410, 7, 124, '2022-02-07 14:06:34', '2022-02-07 14:06:34', 2);
INSERT INTO `m_hak_akses` VALUES (409, 4, 124, '2022-02-07 08:14:21', '2022-02-07 08:14:21', 2);
INSERT INTO `m_hak_akses` VALUES (408, 14, 99, '2022-02-07 07:55:21', '2022-02-07 07:55:21', 8);
INSERT INTO `m_hak_akses` VALUES (407, 14, 68, '2022-02-07 07:55:21', '2022-02-07 07:55:21', 8);
INSERT INTO `m_hak_akses` VALUES (406, 1, 124, '2022-02-07 07:43:25', '2022-02-07 07:43:25', 2);
INSERT INTO `m_hak_akses` VALUES (403, 6, 121, '2022-02-04 08:40:21', '2022-02-04 08:40:21', 2);
INSERT INTO `m_hak_akses` VALUES (404, 6, 123, '2022-02-04 08:40:21', '2022-02-04 08:40:21', 2);
INSERT INTO `m_hak_akses` VALUES (405, 13, 122, '2022-02-04 08:40:51', '2022-02-04 08:40:51', 2);
INSERT INTO `m_hak_akses` VALUES (412, 1, 116, '2022-02-09 14:58:51', '2022-02-09 14:58:51', 8);
INSERT INTO `m_hak_akses` VALUES (413, 1, 117, '2022-02-09 14:58:51', '2022-02-09 14:58:51', 8);
INSERT INTO `m_hak_akses` VALUES (414, 1, 118, '2022-02-09 14:58:51', '2022-02-09 14:58:51', 8);
INSERT INTO `m_hak_akses` VALUES (415, 1, 125, '2022-02-09 14:58:51', '2022-02-09 14:58:51', 8);
INSERT INTO `m_hak_akses` VALUES (430, 1, 136, '2022-02-23 09:11:27', '2022-02-23 09:11:27', 10);
INSERT INTO `m_hak_akses` VALUES (431, 1, 137, '2022-03-01 14:52:08', '2022-03-01 14:52:08', 4);
INSERT INTO `m_hak_akses` VALUES (429, 1, 135, '2022-02-21 09:18:49', '2022-02-21 09:18:49', 10);
INSERT INTO `m_hak_akses` VALUES (428, 1, 134, '2022-02-21 09:18:49', '2022-02-21 09:18:49', 10);
INSERT INTO `m_hak_akses` VALUES (427, 1, 133, '2022-02-21 09:18:49', '2022-02-21 09:18:49', 10);
INSERT INTO `m_hak_akses` VALUES (426, 1, 1, '2022-02-21 08:32:56', '2022-02-21 08:32:56', 10);
INSERT INTO `m_hak_akses` VALUES (422, 1, 129, '2022-02-21 08:22:03', '2022-02-21 08:22:03', 10);
INSERT INTO `m_hak_akses` VALUES (423, 1, 130, '2022-02-21 08:22:03', '2022-02-21 08:22:03', 10);
INSERT INTO `m_hak_akses` VALUES (424, 1, 131, '2022-02-21 08:22:03', '2022-02-21 08:22:03', 10);
INSERT INTO `m_hak_akses` VALUES (425, 1, 132, '2022-02-21 08:22:03', '2022-02-21 08:22:03', 10);
INSERT INTO `m_hak_akses` VALUES (432, 1, 138, '2022-03-01 14:52:08', '2022-03-01 14:52:08', 4);
INSERT INTO `m_hak_akses` VALUES (433, 1, 139, '2022-03-01 14:52:08', '2022-03-01 14:52:08', 4);
INSERT INTO `m_hak_akses` VALUES (434, 1, 140, '2022-03-01 14:52:08', '2022-03-01 14:52:08', 4);
INSERT INTO `m_hak_akses` VALUES (435, 1, 141, '2022-03-01 14:52:08', '2022-03-01 14:52:08', 4);
INSERT INTO `m_hak_akses` VALUES (436, 1, 144, '2022-03-01 14:52:08', '2022-03-01 14:52:08', 4);
INSERT INTO `m_hak_akses` VALUES (437, 1, 147, '2022-03-02 11:30:13', '2022-03-02 11:30:13', 10);
INSERT INTO `m_hak_akses` VALUES (439, 1, 142, '2022-03-02 11:49:42', '2022-03-02 11:49:42', 4);
INSERT INTO `m_hak_akses` VALUES (440, 1, 145, '2022-03-02 11:49:42', '2022-03-02 11:49:42', 4);
INSERT INTO `m_hak_akses` VALUES (441, 1, 146, '2022-03-02 11:49:42', '2022-03-02 11:49:42', 4);
INSERT INTO `m_hak_akses` VALUES (442, 1, 143, '2022-03-04 15:36:33', '2022-03-04 15:36:33', 4);
INSERT INTO `m_hak_akses` VALUES (443, 1, 149, '2022-03-04 15:36:33', '2022-03-04 15:36:33', 4);
INSERT INTO `m_hak_akses` VALUES (444, 1, 148, '2022-03-04 15:36:33', '2022-03-04 15:36:33', 4);
INSERT INTO `m_hak_akses` VALUES (445, 1, 150, '2022-03-04 15:36:33', '2022-03-04 15:36:33', 4);
INSERT INTO `m_hak_akses` VALUES (446, 1, 151, '2022-03-04 15:36:33', '2022-03-04 15:36:33', 4);
INSERT INTO `m_hak_akses` VALUES (447, 1, 152, '2022-03-04 15:36:33', '2022-03-04 15:36:33', 4);
INSERT INTO `m_hak_akses` VALUES (448, 1, 153, '2022-03-04 15:36:33', '2022-03-04 15:36:33', 4);
INSERT INTO `m_hak_akses` VALUES (501, 1, 102, '2022-03-22 16:37:41', '2022-03-22 16:37:41', 10);
INSERT INTO `m_hak_akses` VALUES (450, 1, 156, '2022-03-05 07:40:36', '2022-03-05 07:40:36', 4);
INSERT INTO `m_hak_akses` VALUES (451, 1, 157, '2022-03-05 07:40:36', '2022-03-05 07:40:36', 4);
INSERT INTO `m_hak_akses` VALUES (452, 1, 155, '2022-03-05 07:40:36', '2022-03-05 07:40:36', 4);
INSERT INTO `m_hak_akses` VALUES (453, 1, 158, '2022-03-05 07:55:14', '2022-03-05 07:55:14', 4);
INSERT INTO `m_hak_akses` VALUES (454, 1, 159, '2022-03-05 07:55:14', '2022-03-05 07:55:14', 4);
INSERT INTO `m_hak_akses` VALUES (455, 1, 160, '2022-03-05 07:55:14', '2022-03-05 07:55:14', 4);
INSERT INTO `m_hak_akses` VALUES (456, 1, 161, '2022-03-07 07:54:26', '2022-03-07 07:54:26', 10);
INSERT INTO `m_hak_akses` VALUES (457, 1, 162, '2022-03-07 09:54:55', '2022-03-07 09:54:55', 4);
INSERT INTO `m_hak_akses` VALUES (458, 1, 163, '2022-03-07 10:09:46', '2022-03-07 10:09:46', 10);
INSERT INTO `m_hak_akses` VALUES (459, 1, 4, '2022-03-07 13:41:50', '2022-03-07 13:41:50', 4);
INSERT INTO `m_hak_akses` VALUES (460, 1, 3, '2022-03-07 13:41:50', '2022-03-07 13:41:50', 4);
INSERT INTO `m_hak_akses` VALUES (461, 1, 26, '2022-03-07 13:41:50', '2022-03-07 13:41:50', 4);
INSERT INTO `m_hak_akses` VALUES (462, 1, 27, '2022-03-07 13:41:50', '2022-03-07 13:41:50', 4);
INSERT INTO `m_hak_akses` VALUES (486, 1, 2, '2022-03-15 09:36:55', '2022-03-15 09:36:55', 4);
INSERT INTO `m_hak_akses` VALUES (464, 1, 165, '2022-03-07 13:59:13', '2022-03-07 13:59:13', 4);
INSERT INTO `m_hak_akses` VALUES (465, 1, 166, '2022-03-08 09:45:01', '2022-03-08 09:45:01', 4);
INSERT INTO `m_hak_akses` VALUES (466, 1, 167, '2022-03-08 09:45:01', '2022-03-08 09:45:01', 4);
INSERT INTO `m_hak_akses` VALUES (467, 1, 168, '2022-03-08 09:45:01', '2022-03-08 09:45:01', 4);
INSERT INTO `m_hak_akses` VALUES (485, 1, 183, '2022-03-15 08:42:49', '2022-03-15 08:42:49', 4);
INSERT INTO `m_hak_akses` VALUES (469, 1, 170, '2022-03-09 09:11:54', '2022-03-09 09:11:54', 4);
INSERT INTO `m_hak_akses` VALUES (470, 1, 171, '2022-03-09 09:13:23', '2022-03-09 09:13:23', 4);
INSERT INTO `m_hak_akses` VALUES (484, 1, 182, '2022-03-15 07:10:14', '2022-03-15 07:10:14', 4);
INSERT INTO `m_hak_akses` VALUES (472, 2, 151, '2022-03-09 14:47:39', '2022-03-09 14:47:39', 4);
INSERT INTO `m_hak_akses` VALUES (478, 1, 175, '2022-03-11 07:22:31', '2022-03-11 07:22:31', 4);
INSERT INTO `m_hak_akses` VALUES (477, 1, 174, '2022-03-10 14:02:40', '2022-03-10 14:02:40', 4);
INSERT INTO `m_hak_akses` VALUES (475, 2, 171, '2022-03-09 14:47:39', '2022-03-09 14:47:39', 4);
INSERT INTO `m_hak_akses` VALUES (476, 1, 173, '2022-03-10 09:00:14', '2022-03-10 09:00:14', 4);
INSERT INTO `m_hak_akses` VALUES (479, 1, 176, '2022-03-12 07:15:13', '2022-03-12 07:15:13', 4);
INSERT INTO `m_hak_akses` VALUES (480, 1, 177, '2022-03-12 10:43:44', '2022-03-12 10:43:44', 4);
INSERT INTO `m_hak_akses` VALUES (481, 1, 178, '2022-03-12 11:22:02', '2022-03-12 11:22:02', 4);
INSERT INTO `m_hak_akses` VALUES (482, 1, 179, '2022-03-12 11:22:02', '2022-03-12 11:22:02', 4);
INSERT INTO `m_hak_akses` VALUES (483, 1, 181, '2022-03-14 14:13:06', '2022-03-14 14:13:06', 10);
INSERT INTO `m_hak_akses` VALUES (487, 1, 184, '2022-03-15 09:43:49', '2022-03-15 09:43:49', 4);
INSERT INTO `m_hak_akses` VALUES (493, 1, 188, '2022-03-16 10:42:00', '2022-03-16 10:42:00', 10);
INSERT INTO `m_hak_akses` VALUES (490, 2, 184, '2022-03-16 07:45:58', '2022-03-16 07:45:58', 4);
INSERT INTO `m_hak_akses` VALUES (489, 2, 183, '2022-03-16 07:45:58', '2022-03-16 07:45:58', 4);
INSERT INTO `m_hak_akses` VALUES (491, 1, 186, '2022-03-16 08:33:00', '2022-03-16 08:33:00', 10);
INSERT INTO `m_hak_akses` VALUES (492, 1, 187, '2022-03-16 08:56:23', '2022-03-16 08:56:23', 10);
INSERT INTO `m_hak_akses` VALUES (494, 1, 189, '2022-03-17 11:06:21', '2022-03-17 11:06:21', 4);
INSERT INTO `m_hak_akses` VALUES (495, 1, 4, '2022-03-18 09:40:51', '2022-03-18 09:40:51', 7);
INSERT INTO `m_hak_akses` VALUES (496, 1, 1, '2022-03-18 09:40:51', '2022-03-18 09:40:51', 7);
INSERT INTO `m_hak_akses` VALUES (497, 1, 41, '2022-03-18 11:20:53', '2022-03-18 11:20:53', 4);
INSERT INTO `m_hak_akses` VALUES (500, 1, 180, '2022-03-21 08:41:53', '2022-03-21 08:41:53', 4);
INSERT INTO `m_hak_akses` VALUES (499, 1, 42, '2022-03-18 13:22:57', '2022-03-18 13:22:57', 4);
INSERT INTO `m_hak_akses` VALUES (498, 1, 190, '2022-03-18 13:15:59', '2022-03-18 13:15:59', 4);
INSERT INTO `m_hak_akses` VALUES (502, 1, 191, '2022-03-24 07:34:48', '2022-03-24 07:34:48', 4);
INSERT INTO `m_hak_akses` VALUES (503, 1, 192, '2022-03-25 11:07:00', '2022-03-25 11:07:00', 10);
INSERT INTO `m_hak_akses` VALUES (504, 2, 137, '2022-04-04 14:12:16', '2022-04-04 14:12:16', 4);
INSERT INTO `m_hak_akses` VALUES (505, 2, 138, '2022-04-04 14:12:16', '2022-04-04 14:12:16', 4);
INSERT INTO `m_hak_akses` VALUES (506, 2, 174, '2022-04-04 14:12:16', '2022-04-04 14:12:16', 4);
INSERT INTO `m_hak_akses` VALUES (507, 2, 165, '2022-04-04 14:12:16', '2022-04-04 14:12:16', 4);
INSERT INTO `m_hak_akses` VALUES (508, 2, 182, '2022-04-04 14:12:16', '2022-04-04 14:12:16', 4);
INSERT INTO `m_hak_akses` VALUES (509, 2, 1, '2022-04-04 14:13:12', '2022-04-04 14:13:12', 4);
INSERT INTO `m_hak_akses` VALUES (510, 2, 142, '2022-04-04 14:13:13', '2022-04-04 14:13:13', 4);
INSERT INTO `m_hak_akses` VALUES (511, 2, 145, '2022-04-05 07:49:46', '2022-04-05 07:49:46', 4);
INSERT INTO `m_hak_akses` VALUES (512, 2, 146, '2022-04-05 07:49:46', '2022-04-05 07:49:46', 4);
INSERT INTO `m_hak_akses` VALUES (513, 2, 162, '2022-04-05 07:49:46', '2022-04-05 07:49:46', 4);
INSERT INTO `m_hak_akses` VALUES (514, 2, 176, '2022-04-05 08:23:06', '2022-04-05 08:23:06', 4);
INSERT INTO `m_hak_akses` VALUES (515, 2, 191, '2022-04-05 08:23:06', '2022-04-05 08:23:06', 4);
INSERT INTO `m_hak_akses` VALUES (521, 1, 199, '2022-04-05 10:11:02', '2022-04-05 10:11:02', 4);
INSERT INTO `m_hak_akses` VALUES (517, 2, 41, '2022-04-05 10:00:04', '2022-04-05 10:00:04', 4);
INSERT INTO `m_hak_akses` VALUES (518, 2, 42, '2022-04-05 10:00:04', '2022-04-05 10:00:04', 4);
INSERT INTO `m_hak_akses` VALUES (520, 2, 199, '2022-04-05 10:10:39', '2022-04-05 10:10:39', 4);
INSERT INTO `m_hak_akses` VALUES (519, 2, 190, '2022-04-05 10:10:39', '2022-04-05 10:10:39', 4);
INSERT INTO `m_hak_akses` VALUES (522, 2, 143, '2022-04-20 07:34:48', '2022-04-20 07:34:48', 4);
INSERT INTO `m_hak_akses` VALUES (523, 2, 148, '2022-04-20 07:34:48', '2022-04-20 07:34:48', 4);
INSERT INTO `m_hak_akses` VALUES (524, 2, 150, '2022-04-20 07:34:48', '2022-04-20 07:34:48', 4);
INSERT INTO `m_hak_akses` VALUES (525, 2, 152, '2022-04-20 07:34:48', '2022-04-20 07:34:48', 4);
INSERT INTO `m_hak_akses` VALUES (526, 2, 159, '2022-04-20 07:34:48', '2022-04-20 07:34:48', 4);
INSERT INTO `m_hak_akses` VALUES (527, 2, 167, '2022-04-20 07:34:48', '2022-04-20 07:34:48', 4);
INSERT INTO `m_hak_akses` VALUES (528, 2, 173, '2022-04-20 07:34:48', '2022-04-20 07:34:48', 4);
INSERT INTO `m_hak_akses` VALUES (529, 2, 179, '2022-04-20 07:34:48', '2022-04-20 07:34:48', 4);
INSERT INTO `m_hak_akses` VALUES (530, 1, 4, '2022-04-20 08:40:03', '2022-04-20 08:40:03', 5);
INSERT INTO `m_hak_akses` VALUES (531, 1, 3, '2022-04-20 08:40:03', '2022-04-20 08:40:03', 5);
INSERT INTO `m_hak_akses` VALUES (532, 1, 1, '2022-04-20 08:40:03', '2022-04-20 08:40:03', 5);
INSERT INTO `m_hak_akses` VALUES (533, 1, 50, '2022-04-20 08:40:03', '2022-04-20 08:40:03', 5);
INSERT INTO `m_hak_akses` VALUES (534, 1, 205, '2022-04-20 08:46:41', '2022-04-20 08:46:41', 5);
INSERT INTO `m_hak_akses` VALUES (535, 1, 41, '2022-04-20 09:10:15', '2022-04-20 09:10:15', 7);
INSERT INTO `m_hak_akses` VALUES (536, 1, 42, '2022-04-20 09:10:15', '2022-04-20 09:10:15', 7);
INSERT INTO `m_hak_akses` VALUES (537, 1, 193, '2022-04-20 09:10:17', '2022-04-20 09:10:17', 7);
INSERT INTO `m_hak_akses` VALUES (538, 1, 204, '2022-04-20 09:10:17', '2022-04-20 09:10:17', 7);
INSERT INTO `m_hak_akses` VALUES (539, 1, 194, '2022-04-20 09:11:26', '2022-04-20 09:11:26', 6);
INSERT INTO `m_hak_akses` VALUES (540, 1, 195, '2022-04-20 09:11:26', '2022-04-20 09:11:26', 6);
INSERT INTO `m_hak_akses` VALUES (541, 1, 196, '2022-04-20 09:11:26', '2022-04-20 09:11:26', 6);
INSERT INTO `m_hak_akses` VALUES (542, 1, 197, '2022-04-20 09:11:26', '2022-04-20 09:11:26', 6);
INSERT INTO `m_hak_akses` VALUES (543, 1, 198, '2022-04-20 09:11:26', '2022-04-20 09:11:26', 6);
INSERT INTO `m_hak_akses` VALUES (544, 1, 200, '2022-04-20 09:11:26', '2022-04-20 09:11:26', 6);
INSERT INTO `m_hak_akses` VALUES (545, 1, 201, '2022-04-20 09:11:26', '2022-04-20 09:11:26', 6);
INSERT INTO `m_hak_akses` VALUES (546, 1, 202, '2022-04-20 09:11:26', '2022-04-20 09:11:26', 6);
INSERT INTO `m_hak_akses` VALUES (547, 1, 203, '2022-04-20 09:11:26', '2022-04-20 09:11:26', 6);
INSERT INTO `m_hak_akses` VALUES (548, 1, 206, '2022-04-20 09:15:15', '2022-04-20 09:15:15', 5);
INSERT INTO `m_hak_akses` VALUES (549, 1, 207, '2022-04-20 09:15:15', '2022-04-20 09:15:15', 5);
INSERT INTO `m_hak_akses` VALUES (550, 1, 208, '2022-04-20 09:46:24', '2022-04-20 09:46:24', 5);
INSERT INTO `m_hak_akses` VALUES (551, 1, 209, '2022-04-20 23:04:09', '2022-04-20 23:04:09', 5);
INSERT INTO `m_hak_akses` VALUES (552, 1, 210, '2022-04-20 23:04:09', '2022-04-20 23:04:09', 5);
INSERT INTO `m_hak_akses` VALUES (553, 1, 211, '2022-04-22 07:40:46', '2022-04-22 07:40:46', 5);
INSERT INTO `m_hak_akses` VALUES (554, 5, 1, '2022-04-22 08:10:31', '2022-04-22 08:10:31', 4);
INSERT INTO `m_hak_akses` VALUES (555, 5, 16, '2022-04-22 08:10:31', '2022-04-22 08:10:31', 4);
INSERT INTO `m_hak_akses` VALUES (556, 5, 17, '2022-04-22 08:10:31', '2022-04-22 08:10:31', 4);
INSERT INTO `m_hak_akses` VALUES (557, 5, 31, '2022-04-22 08:10:31', '2022-04-22 08:10:31', 4);
INSERT INTO `m_hak_akses` VALUES (558, 5, 39, '2022-04-22 08:10:31', '2022-04-22 08:10:31', 4);
INSERT INTO `m_hak_akses` VALUES (559, 5, 41, '2022-04-22 08:10:31', '2022-04-22 08:10:31', 4);
INSERT INTO `m_hak_akses` VALUES (560, 5, 42, '2022-04-22 08:10:31', '2022-04-22 08:10:31', 4);
INSERT INTO `m_hak_akses` VALUES (561, 5, 43, '2022-04-22 08:10:31', '2022-04-22 08:10:31', 4);
INSERT INTO `m_hak_akses` VALUES (562, 5, 45, '2022-04-22 08:10:31', '2022-04-22 08:10:31', 4);
INSERT INTO `m_hak_akses` VALUES (563, 5, 52, '2022-04-22 08:10:31', '2022-04-22 08:10:31', 4);
INSERT INTO `m_hak_akses` VALUES (564, 5, 53, '2022-04-22 08:10:31', '2022-04-22 08:10:31', 4);
INSERT INTO `m_hak_akses` VALUES (565, 5, 54, '2022-04-22 08:10:31', '2022-04-22 08:10:31', 4);
INSERT INTO `m_hak_akses` VALUES (566, 5, 55, '2022-04-22 08:10:31', '2022-04-22 08:10:31', 4);
INSERT INTO `m_hak_akses` VALUES (567, 5, 56, '2022-04-22 08:10:31', '2022-04-22 08:10:31', 4);
INSERT INTO `m_hak_akses` VALUES (568, 5, 57, '2022-04-22 08:10:31', '2022-04-22 08:10:31', 4);
INSERT INTO `m_hak_akses` VALUES (569, 5, 58, '2022-04-22 08:10:31', '2022-04-22 08:10:31', 4);
INSERT INTO `m_hak_akses` VALUES (570, 5, 59, '2022-04-22 08:10:31', '2022-04-22 08:10:31', 4);
INSERT INTO `m_hak_akses` VALUES (571, 5, 60, '2022-04-22 08:10:31', '2022-04-22 08:10:31', 4);
INSERT INTO `m_hak_akses` VALUES (572, 5, 61, '2022-04-22 08:10:31', '2022-04-22 08:10:31', 4);
INSERT INTO `m_hak_akses` VALUES (573, 5, 62, '2022-04-22 08:10:31', '2022-04-22 08:10:31', 4);
INSERT INTO `m_hak_akses` VALUES (574, 5, 63, '2022-04-22 08:10:31', '2022-04-22 08:10:31', 4);
INSERT INTO `m_hak_akses` VALUES (575, 5, 64, '2022-04-22 08:10:31', '2022-04-22 08:10:31', 4);
INSERT INTO `m_hak_akses` VALUES (576, 5, 68, '2022-04-22 08:10:31', '2022-04-22 08:10:31', 4);
INSERT INTO `m_hak_akses` VALUES (577, 5, 69, '2022-04-22 08:10:31', '2022-04-22 08:10:31', 4);
INSERT INTO `m_hak_akses` VALUES (578, 5, 71, '2022-04-22 08:10:31', '2022-04-22 08:10:31', 4);
INSERT INTO `m_hak_akses` VALUES (579, 5, 72, '2022-04-22 08:10:31', '2022-04-22 08:10:31', 4);
INSERT INTO `m_hak_akses` VALUES (580, 5, 94, '2022-04-22 08:10:31', '2022-04-22 08:10:31', 4);
INSERT INTO `m_hak_akses` VALUES (581, 5, 99, '2022-04-22 08:10:31', '2022-04-22 08:10:31', 4);
INSERT INTO `m_hak_akses` VALUES (582, 5, 108, '2022-04-22 08:10:31', '2022-04-22 08:10:31', 4);
INSERT INTO `m_hak_akses` VALUES (583, 5, 112, '2022-04-22 08:10:31', '2022-04-22 08:10:31', 4);
INSERT INTO `m_hak_akses` VALUES (584, 5, 133, '2022-04-22 08:10:31', '2022-04-22 08:10:31', 4);
INSERT INTO `m_hak_akses` VALUES (585, 5, 134, '2022-04-22 08:10:31', '2022-04-22 08:10:31', 4);
INSERT INTO `m_hak_akses` VALUES (586, 5, 137, '2022-04-22 08:10:31', '2022-04-22 08:10:31', 4);
INSERT INTO `m_hak_akses` VALUES (587, 5, 138, '2022-04-22 08:10:31', '2022-04-22 08:10:31', 4);
INSERT INTO `m_hak_akses` VALUES (588, 5, 142, '2022-04-22 08:10:31', '2022-04-22 08:10:31', 4);
INSERT INTO `m_hak_akses` VALUES (589, 5, 143, '2022-04-22 08:10:31', '2022-04-22 08:10:31', 4);
INSERT INTO `m_hak_akses` VALUES (590, 5, 147, '2022-04-22 08:10:31', '2022-04-22 08:10:31', 4);
INSERT INTO `m_hak_akses` VALUES (591, 5, 149, '2022-04-22 08:10:31', '2022-04-22 08:10:31', 4);
INSERT INTO `m_hak_akses` VALUES (592, 5, 148, '2022-04-22 08:10:31', '2022-04-22 08:10:31', 4);
INSERT INTO `m_hak_akses` VALUES (593, 5, 150, '2022-04-22 08:10:31', '2022-04-22 08:10:31', 4);
INSERT INTO `m_hak_akses` VALUES (594, 5, 151, '2022-04-22 08:10:31', '2022-04-22 08:10:31', 4);
INSERT INTO `m_hak_akses` VALUES (595, 5, 156, '2022-04-22 08:10:31', '2022-04-22 08:10:31', 4);
INSERT INTO `m_hak_akses` VALUES (596, 5, 152, '2022-04-22 08:10:31', '2022-04-22 08:10:31', 4);
INSERT INTO `m_hak_akses` VALUES (597, 5, 157, '2022-04-22 08:10:31', '2022-04-22 08:10:31', 4);
INSERT INTO `m_hak_akses` VALUES (598, 5, 155, '2022-04-22 08:10:31', '2022-04-22 08:10:31', 4);
INSERT INTO `m_hak_akses` VALUES (599, 5, 174, '2022-04-22 08:10:31', '2022-04-22 08:10:31', 4);
INSERT INTO `m_hak_akses` VALUES (600, 5, 158, '2022-04-22 08:10:31', '2022-04-22 08:10:31', 4);
INSERT INTO `m_hak_akses` VALUES (601, 5, 166, '2022-04-22 08:10:31', '2022-04-22 08:10:31', 4);
INSERT INTO `m_hak_akses` VALUES (602, 5, 170, '2022-04-22 08:10:31', '2022-04-22 08:10:31', 4);
INSERT INTO `m_hak_akses` VALUES (603, 5, 177, '2022-04-22 08:10:31', '2022-04-22 08:10:31', 4);
INSERT INTO `m_hak_akses` VALUES (604, 5, 190, '2022-04-22 08:10:31', '2022-04-22 08:10:31', 4);
INSERT INTO `m_hak_akses` VALUES (605, 5, 199, '2022-04-22 08:10:31', '2022-04-22 08:10:31', 4);
INSERT INTO `m_hak_akses` VALUES (606, 5, 204, '2022-04-22 08:10:31', '2022-04-22 08:10:31', 4);
INSERT INTO `m_hak_akses` VALUES (607, 1, 212, '2022-04-23 07:47:06', '2022-04-23 07:47:06', 5);
INSERT INTO `m_hak_akses` VALUES (608, 1, 213, '2022-04-25 10:44:31', '2022-04-25 10:44:31', 6);
INSERT INTO `m_hak_akses` VALUES (873, 14, 71, '2022-05-28 07:54:56', '2022-05-28 07:54:56', 4);
INSERT INTO `m_hak_akses` VALUES (610, 4, 137, '2022-04-26 11:33:30', '2022-04-26 11:33:30', 4);
INSERT INTO `m_hak_akses` VALUES (611, 4, 138, '2022-04-26 11:33:30', '2022-04-26 11:33:30', 4);
INSERT INTO `m_hak_akses` VALUES (612, 7, 1, '2022-04-27 10:06:58', '2022-04-27 10:06:58', 5);
INSERT INTO `m_hak_akses` VALUES (613, 7, 50, '2022-04-27 10:06:58', '2022-04-27 10:06:58', 5);
INSERT INTO `m_hak_akses` VALUES (614, 7, 41, '2022-04-27 10:07:45', '2022-04-27 10:07:45', 4);
INSERT INTO `m_hak_akses` VALUES (615, 7, 142, '2022-04-27 10:07:45', '2022-04-27 10:07:45', 4);
INSERT INTO `m_hak_akses` VALUES (616, 7, 182, '2022-04-27 10:07:46', '2022-04-27 10:07:46', 4);
INSERT INTO `m_hak_akses` VALUES (617, 7, 190, '2022-04-27 10:07:46', '2022-04-27 10:07:46', 4);
INSERT INTO `m_hak_akses` VALUES (618, 7, 199, '2022-04-27 10:07:46', '2022-04-27 10:07:46', 4);
INSERT INTO `m_hak_akses` VALUES (619, 7, 1, '2022-04-27 10:09:39', '2022-04-27 10:09:39', 4);
INSERT INTO `m_hak_akses` VALUES (620, 7, 50, '2022-04-27 10:09:39', '2022-04-27 10:09:39', 4);
INSERT INTO `m_hak_akses` VALUES (621, 1, 214, '2022-04-28 08:56:03', '2022-04-28 08:56:03', 5);
INSERT INTO `m_hak_akses` VALUES (622, 1, 215, '2022-05-05 11:51:50', '2022-05-05 11:51:50', 5);
INSERT INTO `m_hak_akses` VALUES (623, 1, 216, '2022-05-06 07:39:03', '2022-05-06 07:39:03', 5);
INSERT INTO `m_hak_akses` VALUES (624, 1, 217, '2022-05-06 07:39:03', '2022-05-06 07:39:03', 5);
INSERT INTO `m_hak_akses` VALUES (625, 2, 1, '2022-05-06 07:49:21', '2022-05-06 07:49:21', 1);
INSERT INTO `m_hak_akses` VALUES (626, 2, 50, '2022-05-06 07:49:22', '2022-05-06 07:49:22', 1);
INSERT INTO `m_hak_akses` VALUES (627, 2, 69, '2022-05-06 07:49:22', '2022-05-06 07:49:22', 1);
INSERT INTO `m_hak_akses` VALUES (628, 2, 71, '2022-05-06 07:49:22', '2022-05-06 07:49:22', 1);
INSERT INTO `m_hak_akses` VALUES (629, 2, 133, '2022-05-06 07:49:22', '2022-05-06 07:49:22', 1);
INSERT INTO `m_hak_akses` VALUES (630, 2, 147, '2022-05-06 07:49:23', '2022-05-06 07:49:23', 1);
INSERT INTO `m_hak_akses` VALUES (631, 2, 149, '2022-05-06 07:49:23', '2022-05-06 07:49:23', 1);
INSERT INTO `m_hak_akses` VALUES (632, 2, 148, '2022-05-06 07:49:23', '2022-05-06 07:49:23', 1);
INSERT INTO `m_hak_akses` VALUES (633, 2, 150, '2022-05-06 07:49:23', '2022-05-06 07:49:23', 1);
INSERT INTO `m_hak_akses` VALUES (634, 2, 151, '2022-05-06 07:49:23', '2022-05-06 07:49:23', 1);
INSERT INTO `m_hak_akses` VALUES (635, 2, 156, '2022-05-06 07:49:23', '2022-05-06 07:49:23', 1);
INSERT INTO `m_hak_akses` VALUES (636, 2, 155, '2022-05-06 07:49:23', '2022-05-06 07:49:23', 1);
INSERT INTO `m_hak_akses` VALUES (637, 2, 181, '2022-05-06 07:49:23', '2022-05-06 07:49:23', 1);
INSERT INTO `m_hak_akses` VALUES (639, 1, 50, '2022-05-06 07:54:14', '2022-05-06 07:54:14', 1);
INSERT INTO `m_hak_akses` VALUES (643, 1, 147, '2022-05-06 07:54:15', '2022-05-06 07:54:15', 1);
INSERT INTO `m_hak_akses` VALUES (644, 1, 149, '2022-05-06 07:54:15', '2022-05-06 07:54:15', 1);
INSERT INTO `m_hak_akses` VALUES (645, 1, 148, '2022-05-06 07:54:15', '2022-05-06 07:54:15', 1);
INSERT INTO `m_hak_akses` VALUES (646, 1, 150, '2022-05-06 07:54:15', '2022-05-06 07:54:15', 1);
INSERT INTO `m_hak_akses` VALUES (647, 1, 151, '2022-05-06 07:54:15', '2022-05-06 07:54:15', 1);
INSERT INTO `m_hak_akses` VALUES (648, 1, 156, '2022-05-06 07:54:15', '2022-05-06 07:54:15', 1);
INSERT INTO `m_hak_akses` VALUES (649, 1, 152, '2022-05-06 07:54:15', '2022-05-06 07:54:15', 1);
INSERT INTO `m_hak_akses` VALUES (650, 1, 157, '2022-05-06 07:54:15', '2022-05-06 07:54:15', 1);
INSERT INTO `m_hak_akses` VALUES (651, 1, 155, '2022-05-06 07:54:15', '2022-05-06 07:54:15', 1);
INSERT INTO `m_hak_akses` VALUES (652, 1, 181, '2022-05-06 07:54:16', '2022-05-06 07:54:16', 1);
INSERT INTO `m_hak_akses` VALUES (653, 1, 52, '2022-05-06 07:58:45', '2022-05-06 07:58:45', 1);
INSERT INTO `m_hak_akses` VALUES (655, 4, 151, '2022-05-09 14:47:49', '2022-05-09 14:47:49', 4);
INSERT INTO `m_hak_akses` VALUES (656, 4, 156, '2022-05-09 14:47:49', '2022-05-09 14:47:49', 4);
INSERT INTO `m_hak_akses` VALUES (657, 4, 152, '2022-05-09 14:47:49', '2022-05-09 14:47:49', 4);
INSERT INTO `m_hak_akses` VALUES (658, 4, 157, '2022-05-09 14:47:49', '2022-05-09 14:47:49', 4);
INSERT INTO `m_hak_akses` VALUES (659, 4, 170, '2022-05-09 14:47:49', '2022-05-09 14:47:49', 4);
INSERT INTO `m_hak_akses` VALUES (660, 4, 171, '2022-05-09 14:47:49', '2022-05-09 14:47:49', 4);
INSERT INTO `m_hak_akses` VALUES (661, 4, 172, '2022-05-09 14:47:49', '2022-05-09 14:47:49', 4);
INSERT INTO `m_hak_akses` VALUES (662, 4, 173, '2022-05-09 14:47:49', '2022-05-09 14:47:49', 4);
INSERT INTO `m_hak_akses` VALUES (663, 4, 177, '2022-05-09 14:47:49', '2022-05-09 14:47:49', 4);
INSERT INTO `m_hak_akses` VALUES (664, 4, 178, '2022-05-09 14:47:49', '2022-05-09 14:47:49', 4);
INSERT INTO `m_hak_akses` VALUES (665, 4, 179, '2022-05-09 14:47:49', '2022-05-09 14:47:49', 4);
INSERT INTO `m_hak_akses` VALUES (666, 4, 180, '2022-05-09 14:47:49', '2022-05-09 14:47:49', 4);
INSERT INTO `m_hak_akses` VALUES (667, 4, 142, '2022-05-09 14:49:38', '2022-05-09 14:49:38', 4);
INSERT INTO `m_hak_akses` VALUES (668, 4, 143, '2022-05-09 14:49:38', '2022-05-09 14:49:38', 4);
INSERT INTO `m_hak_akses` VALUES (669, 4, 149, '2022-05-09 14:49:38', '2022-05-09 14:49:38', 4);
INSERT INTO `m_hak_akses` VALUES (670, 4, 148, '2022-05-09 14:49:38', '2022-05-09 14:49:38', 4);
INSERT INTO `m_hak_akses` VALUES (671, 4, 150, '2022-05-09 14:49:38', '2022-05-09 14:49:38', 4);
INSERT INTO `m_hak_akses` VALUES (672, 4, 155, '2022-05-09 14:49:38', '2022-05-09 14:49:38', 4);
INSERT INTO `m_hak_akses` VALUES (673, 4, 174, '2022-05-09 14:49:38', '2022-05-09 14:49:38', 4);
INSERT INTO `m_hak_akses` VALUES (674, 4, 158, '2022-05-09 14:49:38', '2022-05-09 14:49:38', 4);
INSERT INTO `m_hak_akses` VALUES (675, 4, 159, '2022-05-09 14:49:38', '2022-05-09 14:49:38', 4);
INSERT INTO `m_hak_akses` VALUES (957, 4, 223, '2022-05-31 13:33:01', '2022-05-31 13:33:01', 4);
INSERT INTO `m_hak_akses` VALUES (677, 4, 164, '2022-05-09 14:49:38', '2022-05-09 14:49:38', 4);
INSERT INTO `m_hak_akses` VALUES (678, 4, 165, '2022-05-09 14:49:38', '2022-05-09 14:49:38', 4);
INSERT INTO `m_hak_akses` VALUES (679, 4, 166, '2022-05-09 14:49:38', '2022-05-09 14:49:38', 4);
INSERT INTO `m_hak_akses` VALUES (680, 4, 167, '2022-05-09 14:49:38', '2022-05-09 14:49:38', 4);
INSERT INTO `m_hak_akses` VALUES (681, 4, 168, '2022-05-09 14:49:38', '2022-05-09 14:49:38', 4);
INSERT INTO `m_hak_akses` VALUES (682, 4, 169, '2022-05-09 14:49:38', '2022-05-09 14:49:38', 4);
INSERT INTO `m_hak_akses` VALUES (683, 4, 176, '2022-05-09 14:49:38', '2022-05-09 14:49:38', 4);
INSERT INTO `m_hak_akses` VALUES (684, 4, 182, '2022-05-09 14:49:38', '2022-05-09 14:49:38', 4);
INSERT INTO `m_hak_akses` VALUES (685, 4, 183, '2022-05-09 14:49:38', '2022-05-09 14:49:38', 4);
INSERT INTO `m_hak_akses` VALUES (686, 4, 184, '2022-05-09 14:49:38', '2022-05-09 14:49:38', 4);
INSERT INTO `m_hak_akses` VALUES (687, 4, 191, '2022-05-09 14:49:38', '2022-05-09 14:49:38', 4);
INSERT INTO `m_hak_akses` VALUES (688, 4, 218, '2022-05-09 14:49:38', '2022-05-09 14:49:38', 4);
INSERT INTO `m_hak_akses` VALUES (689, 2, 194, '2022-05-12 08:23:37', '2022-05-12 08:23:37', 6);
INSERT INTO `m_hak_akses` VALUES (690, 2, 196, '2022-05-12 08:23:37', '2022-05-12 08:23:37', 6);
INSERT INTO `m_hak_akses` VALUES (691, 1, 219, '2022-05-13 09:03:34', '2022-05-13 09:03:34', 5);
INSERT INTO `m_hak_akses` VALUES (692, 1, 41, '2022-05-13 10:02:36', '2022-05-13 10:02:36', 5);
INSERT INTO `m_hak_akses` VALUES (693, 1, 42, '2022-05-13 10:02:36', '2022-05-13 10:02:36', 5);
INSERT INTO `m_hak_akses` VALUES (705, 1, 220, '2022-05-25 15:04:19', '2022-05-25 15:04:19', 5);
INSERT INTO `m_hak_akses` VALUES (695, 14, 149, '2022-05-20 08:40:31', '2022-05-20 08:40:31', 4);
INSERT INTO `m_hak_akses` VALUES (696, 14, 148, '2022-05-20 08:40:31', '2022-05-20 08:40:31', 4);
INSERT INTO `m_hak_akses` VALUES (697, 14, 150, '2022-05-20 08:40:31', '2022-05-20 08:40:31', 4);
INSERT INTO `m_hak_akses` VALUES (698, 14, 151, '2022-05-20 08:40:31', '2022-05-20 08:40:31', 4);
INSERT INTO `m_hak_akses` VALUES (699, 14, 156, '2022-05-20 08:40:31', '2022-05-20 08:40:31', 4);
INSERT INTO `m_hak_akses` VALUES (700, 14, 155, '2022-05-20 08:40:31', '2022-05-20 08:40:31', 4);
INSERT INTO `m_hak_akses` VALUES (701, 14, 171, '2022-05-20 08:40:31', '2022-05-20 08:40:31', 4);
INSERT INTO `m_hak_akses` VALUES (702, 1, 50, '2022-05-21 07:45:39', '2022-05-21 07:45:39', 4);
INSERT INTO `m_hak_akses` VALUES (703, 1, 221, '2022-05-25 08:16:44', '2022-05-25 08:16:44', 5);
INSERT INTO `m_hak_akses` VALUES (704, 1, 222, '2022-05-25 09:20:01', '2022-05-25 09:20:01', 5);
INSERT INTO `m_hak_akses` VALUES (706, 15, 4, '2022-05-27 13:36:56', '2022-05-27 13:36:56', 2);
INSERT INTO `m_hak_akses` VALUES (707, 15, 3, '2022-05-27 13:36:56', '2022-05-27 13:36:56', 2);
INSERT INTO `m_hak_akses` VALUES (708, 15, 2, '2022-05-27 13:36:56', '2022-05-27 13:36:56', 2);
INSERT INTO `m_hak_akses` VALUES (709, 15, 1, '2022-05-27 13:36:56', '2022-05-27 13:36:56', 2);
INSERT INTO `m_hak_akses` VALUES (710, 15, 5, '2022-05-27 13:36:56', '2022-05-27 13:36:56', 2);
INSERT INTO `m_hak_akses` VALUES (711, 15, 6, '2022-05-27 13:36:56', '2022-05-27 13:36:56', 2);
INSERT INTO `m_hak_akses` VALUES (712, 15, 7, '2022-05-27 13:36:56', '2022-05-27 13:36:56', 2);
INSERT INTO `m_hak_akses` VALUES (713, 15, 8, '2022-05-27 13:36:56', '2022-05-27 13:36:56', 2);
INSERT INTO `m_hak_akses` VALUES (714, 15, 9, '2022-05-27 13:36:56', '2022-05-27 13:36:56', 2);
INSERT INTO `m_hak_akses` VALUES (715, 15, 10, '2022-05-27 13:36:56', '2022-05-27 13:36:56', 2);
INSERT INTO `m_hak_akses` VALUES (716, 15, 11, '2022-05-27 13:36:56', '2022-05-27 13:36:56', 2);
INSERT INTO `m_hak_akses` VALUES (717, 15, 12, '2022-05-27 13:36:56', '2022-05-27 13:36:56', 2);
INSERT INTO `m_hak_akses` VALUES (718, 15, 13, '2022-05-27 13:36:56', '2022-05-27 13:36:56', 2);
INSERT INTO `m_hak_akses` VALUES (719, 15, 14, '2022-05-27 13:36:56', '2022-05-27 13:36:56', 2);
INSERT INTO `m_hak_akses` VALUES (720, 15, 15, '2022-05-27 13:36:56', '2022-05-27 13:36:56', 2);
INSERT INTO `m_hak_akses` VALUES (721, 15, 18, '2022-05-27 13:36:56', '2022-05-27 13:36:56', 2);
INSERT INTO `m_hak_akses` VALUES (722, 15, 19, '2022-05-27 13:36:56', '2022-05-27 13:36:56', 2);
INSERT INTO `m_hak_akses` VALUES (723, 15, 20, '2022-05-27 13:36:56', '2022-05-27 13:36:56', 2);
INSERT INTO `m_hak_akses` VALUES (724, 15, 26, '2022-05-27 13:36:56', '2022-05-27 13:36:56', 2);
INSERT INTO `m_hak_akses` VALUES (725, 15, 27, '2022-05-27 13:36:56', '2022-05-27 13:36:56', 2);
INSERT INTO `m_hak_akses` VALUES (726, 15, 30, '2022-05-27 13:36:56', '2022-05-27 13:36:56', 2);
INSERT INTO `m_hak_akses` VALUES (727, 15, 32, '2022-05-27 13:36:56', '2022-05-27 13:36:56', 2);
INSERT INTO `m_hak_akses` VALUES (728, 15, 50, '2022-05-27 13:36:56', '2022-05-27 13:36:56', 2);
INSERT INTO `m_hak_akses` VALUES (729, 15, 76, '2022-05-27 13:36:56', '2022-05-27 13:36:56', 2);
INSERT INTO `m_hak_akses` VALUES (730, 15, 78, '2022-05-27 13:36:56', '2022-05-27 13:36:56', 2);
INSERT INTO `m_hak_akses` VALUES (731, 15, 95, '2022-05-27 13:36:56', '2022-05-27 13:36:56', 2);
INSERT INTO `m_hak_akses` VALUES (732, 15, 96, '2022-05-27 13:36:56', '2022-05-27 13:36:56', 2);
INSERT INTO `m_hak_akses` VALUES (733, 15, 97, '2022-05-27 13:36:56', '2022-05-27 13:36:56', 2);
INSERT INTO `m_hak_akses` VALUES (734, 15, 98, '2022-05-27 13:36:56', '2022-05-27 13:36:56', 2);
INSERT INTO `m_hak_akses` VALUES (735, 15, 102, '2022-05-27 13:36:56', '2022-05-27 13:36:56', 2);
INSERT INTO `m_hak_akses` VALUES (736, 15, 103, '2022-05-27 13:36:56', '2022-05-27 13:36:56', 2);
INSERT INTO `m_hak_akses` VALUES (737, 15, 129, '2022-05-27 13:36:56', '2022-05-27 13:36:56', 2);
INSERT INTO `m_hak_akses` VALUES (738, 15, 130, '2022-05-27 13:36:56', '2022-05-27 13:36:56', 2);
INSERT INTO `m_hak_akses` VALUES (739, 15, 131, '2022-05-27 13:36:56', '2022-05-27 13:36:56', 2);
INSERT INTO `m_hak_akses` VALUES (740, 15, 132, '2022-05-27 13:36:56', '2022-05-27 13:36:56', 2);
INSERT INTO `m_hak_akses` VALUES (741, 15, 137, '2022-05-27 13:36:56', '2022-05-27 13:36:56', 2);
INSERT INTO `m_hak_akses` VALUES (742, 15, 138, '2022-05-27 13:36:56', '2022-05-27 13:36:56', 2);
INSERT INTO `m_hak_akses` VALUES (743, 15, 139, '2022-05-27 13:36:56', '2022-05-27 13:36:56', 2);
INSERT INTO `m_hak_akses` VALUES (744, 15, 140, '2022-05-27 13:36:56', '2022-05-27 13:36:56', 2);
INSERT INTO `m_hak_akses` VALUES (745, 15, 141, '2022-05-27 13:36:56', '2022-05-27 13:36:56', 2);
INSERT INTO `m_hak_akses` VALUES (746, 15, 144, '2022-05-27 13:36:56', '2022-05-27 13:36:56', 2);
INSERT INTO `m_hak_akses` VALUES (747, 15, 175, '2022-05-27 13:36:56', '2022-05-27 13:36:56', 2);
INSERT INTO `m_hak_akses` VALUES (748, 15, 189, '2022-05-27 13:36:56', '2022-05-27 13:36:56', 2);
INSERT INTO `m_hak_akses` VALUES (749, 15, 205, '2022-05-27 13:36:56', '2022-05-27 13:36:56', 2);
INSERT INTO `m_hak_akses` VALUES (750, 15, 208, '2022-05-27 13:36:56', '2022-05-27 13:36:56', 2);
INSERT INTO `m_hak_akses` VALUES (751, 15, 206, '2022-05-27 13:36:56', '2022-05-27 13:36:56', 2);
INSERT INTO `m_hak_akses` VALUES (752, 15, 207, '2022-05-27 13:36:56', '2022-05-27 13:36:56', 2);
INSERT INTO `m_hak_akses` VALUES (753, 15, 209, '2022-05-27 13:36:56', '2022-05-27 13:36:56', 2);
INSERT INTO `m_hak_akses` VALUES (754, 15, 210, '2022-05-27 13:36:56', '2022-05-27 13:36:56', 2);
INSERT INTO `m_hak_akses` VALUES (755, 15, 211, '2022-05-27 13:36:56', '2022-05-27 13:36:56', 2);
INSERT INTO `m_hak_akses` VALUES (756, 15, 212, '2022-05-27 13:36:56', '2022-05-27 13:36:56', 2);
INSERT INTO `m_hak_akses` VALUES (757, 15, 214, '2022-05-27 13:36:56', '2022-05-27 13:36:56', 2);
INSERT INTO `m_hak_akses` VALUES (758, 15, 215, '2022-05-27 13:36:56', '2022-05-27 13:36:56', 2);
INSERT INTO `m_hak_akses` VALUES (759, 15, 16, '2022-05-27 13:53:32', '2022-05-27 13:53:32', 2);
INSERT INTO `m_hak_akses` VALUES (760, 15, 17, '2022-05-27 13:53:32', '2022-05-27 13:53:32', 2);
INSERT INTO `m_hak_akses` VALUES (761, 15, 21, '2022-05-27 13:53:32', '2022-05-27 13:53:32', 2);
INSERT INTO `m_hak_akses` VALUES (762, 15, 22, '2022-05-27 13:53:32', '2022-05-27 13:53:32', 2);
INSERT INTO `m_hak_akses` VALUES (763, 15, 23, '2022-05-27 13:53:32', '2022-05-27 13:53:32', 2);
INSERT INTO `m_hak_akses` VALUES (764, 15, 24, '2022-05-27 13:53:32', '2022-05-27 13:53:32', 2);
INSERT INTO `m_hak_akses` VALUES (765, 15, 25, '2022-05-27 13:53:32', '2022-05-27 13:53:32', 2);
INSERT INTO `m_hak_akses` VALUES (766, 15, 28, '2022-05-27 13:53:32', '2022-05-27 13:53:32', 2);
INSERT INTO `m_hak_akses` VALUES (767, 15, 29, '2022-05-27 13:53:32', '2022-05-27 13:53:32', 2);
INSERT INTO `m_hak_akses` VALUES (768, 15, 31, '2022-05-27 13:53:32', '2022-05-27 13:53:32', 2);
INSERT INTO `m_hak_akses` VALUES (769, 15, 36, '2022-05-27 13:53:32', '2022-05-27 13:53:32', 2);
INSERT INTO `m_hak_akses` VALUES (770, 15, 39, '2022-05-27 13:53:32', '2022-05-27 13:53:32', 2);
INSERT INTO `m_hak_akses` VALUES (771, 15, 40, '2022-05-27 13:53:32', '2022-05-27 13:53:32', 2);
INSERT INTO `m_hak_akses` VALUES (772, 15, 45, '2022-05-27 13:53:32', '2022-05-27 13:53:32', 2);
INSERT INTO `m_hak_akses` VALUES (773, 15, 46, '2022-05-27 13:53:32', '2022-05-27 13:53:32', 2);
INSERT INTO `m_hak_akses` VALUES (774, 15, 47, '2022-05-27 13:53:32', '2022-05-27 13:53:32', 2);
INSERT INTO `m_hak_akses` VALUES (775, 15, 48, '2022-05-27 13:53:32', '2022-05-27 13:53:32', 2);
INSERT INTO `m_hak_akses` VALUES (776, 15, 113, '2022-05-27 13:53:32', '2022-05-27 13:53:32', 2);
INSERT INTO `m_hak_akses` VALUES (777, 15, 33, '2022-05-28 07:13:19', '2022-05-28 07:13:19', 2);
INSERT INTO `m_hak_akses` VALUES (778, 15, 34, '2022-05-28 07:13:19', '2022-05-28 07:13:19', 2);
INSERT INTO `m_hak_akses` VALUES (779, 15, 35, '2022-05-28 07:13:19', '2022-05-28 07:13:19', 2);
INSERT INTO `m_hak_akses` VALUES (780, 15, 37, '2022-05-28 07:13:19', '2022-05-28 07:13:19', 2);
INSERT INTO `m_hak_akses` VALUES (781, 15, 38, '2022-05-28 07:13:19', '2022-05-28 07:13:19', 2);
INSERT INTO `m_hak_akses` VALUES (782, 15, 41, '2022-05-28 07:13:19', '2022-05-28 07:13:19', 2);
INSERT INTO `m_hak_akses` VALUES (783, 15, 42, '2022-05-28 07:13:19', '2022-05-28 07:13:19', 2);
INSERT INTO `m_hak_akses` VALUES (784, 15, 43, '2022-05-28 07:13:19', '2022-05-28 07:13:19', 2);
INSERT INTO `m_hak_akses` VALUES (785, 15, 44, '2022-05-28 07:13:19', '2022-05-28 07:13:19', 2);
INSERT INTO `m_hak_akses` VALUES (786, 15, 49, '2022-05-28 07:13:19', '2022-05-28 07:13:19', 2);
INSERT INTO `m_hak_akses` VALUES (787, 15, 51, '2022-05-28 07:13:19', '2022-05-28 07:13:19', 2);
INSERT INTO `m_hak_akses` VALUES (788, 15, 52, '2022-05-28 07:13:19', '2022-05-28 07:13:19', 2);
INSERT INTO `m_hak_akses` VALUES (789, 15, 53, '2022-05-28 07:13:19', '2022-05-28 07:13:19', 2);
INSERT INTO `m_hak_akses` VALUES (790, 15, 54, '2022-05-28 07:13:19', '2022-05-28 07:13:19', 2);
INSERT INTO `m_hak_akses` VALUES (791, 15, 55, '2022-05-28 07:13:19', '2022-05-28 07:13:19', 2);
INSERT INTO `m_hak_akses` VALUES (792, 15, 56, '2022-05-28 07:13:19', '2022-05-28 07:13:19', 2);
INSERT INTO `m_hak_akses` VALUES (793, 15, 57, '2022-05-28 07:13:19', '2022-05-28 07:13:19', 2);
INSERT INTO `m_hak_akses` VALUES (794, 15, 58, '2022-05-28 07:13:19', '2022-05-28 07:13:19', 2);
INSERT INTO `m_hak_akses` VALUES (795, 15, 59, '2022-05-28 07:13:19', '2022-05-28 07:13:19', 2);
INSERT INTO `m_hak_akses` VALUES (796, 15, 60, '2022-05-28 07:13:19', '2022-05-28 07:13:19', 2);
INSERT INTO `m_hak_akses` VALUES (797, 15, 61, '2022-05-28 07:13:19', '2022-05-28 07:13:19', 2);
INSERT INTO `m_hak_akses` VALUES (798, 15, 62, '2022-05-28 07:13:19', '2022-05-28 07:13:19', 2);
INSERT INTO `m_hak_akses` VALUES (799, 15, 63, '2022-05-28 07:13:19', '2022-05-28 07:13:19', 2);
INSERT INTO `m_hak_akses` VALUES (800, 15, 64, '2022-05-28 07:13:19', '2022-05-28 07:13:19', 2);
INSERT INTO `m_hak_akses` VALUES (801, 15, 65, '2022-05-28 07:13:19', '2022-05-28 07:13:19', 2);
INSERT INTO `m_hak_akses` VALUES (802, 15, 66, '2022-05-28 07:13:19', '2022-05-28 07:13:19', 2);
INSERT INTO `m_hak_akses` VALUES (803, 15, 67, '2022-05-28 07:13:19', '2022-05-28 07:13:19', 2);
INSERT INTO `m_hak_akses` VALUES (804, 15, 68, '2022-05-28 07:13:19', '2022-05-28 07:13:19', 2);
INSERT INTO `m_hak_akses` VALUES (805, 15, 69, '2022-05-28 07:13:19', '2022-05-28 07:13:19', 2);
INSERT INTO `m_hak_akses` VALUES (806, 15, 70, '2022-05-28 07:13:19', '2022-05-28 07:13:19', 2);
INSERT INTO `m_hak_akses` VALUES (807, 15, 71, '2022-05-28 07:13:19', '2022-05-28 07:13:19', 2);
INSERT INTO `m_hak_akses` VALUES (808, 15, 72, '2022-05-28 07:13:19', '2022-05-28 07:13:19', 2);
INSERT INTO `m_hak_akses` VALUES (809, 15, 73, '2022-05-28 07:13:19', '2022-05-28 07:13:19', 2);
INSERT INTO `m_hak_akses` VALUES (810, 15, 74, '2022-05-28 07:13:19', '2022-05-28 07:13:19', 2);
INSERT INTO `m_hak_akses` VALUES (811, 15, 75, '2022-05-28 07:13:19', '2022-05-28 07:13:19', 2);
INSERT INTO `m_hak_akses` VALUES (812, 15, 77, '2022-05-28 07:13:19', '2022-05-28 07:13:19', 2);
INSERT INTO `m_hak_akses` VALUES (813, 15, 79, '2022-05-28 07:13:19', '2022-05-28 07:13:19', 2);
INSERT INTO `m_hak_akses` VALUES (814, 15, 80, '2022-05-28 07:13:19', '2022-05-28 07:13:19', 2);
INSERT INTO `m_hak_akses` VALUES (815, 15, 81, '2022-05-28 07:13:19', '2022-05-28 07:13:19', 2);
INSERT INTO `m_hak_akses` VALUES (816, 15, 82, '2022-05-28 07:13:19', '2022-05-28 07:13:19', 2);
INSERT INTO `m_hak_akses` VALUES (817, 15, 83, '2022-05-28 07:13:19', '2022-05-28 07:13:19', 2);
INSERT INTO `m_hak_akses` VALUES (818, 15, 84, '2022-05-28 07:13:19', '2022-05-28 07:13:19', 2);
INSERT INTO `m_hak_akses` VALUES (819, 15, 85, '2022-05-28 07:13:19', '2022-05-28 07:13:19', 2);
INSERT INTO `m_hak_akses` VALUES (820, 15, 86, '2022-05-28 07:13:19', '2022-05-28 07:13:19', 2);
INSERT INTO `m_hak_akses` VALUES (821, 15, 87, '2022-05-28 07:13:19', '2022-05-28 07:13:19', 2);
INSERT INTO `m_hak_akses` VALUES (822, 15, 88, '2022-05-28 07:13:19', '2022-05-28 07:13:19', 2);
INSERT INTO `m_hak_akses` VALUES (823, 15, 89, '2022-05-28 07:13:19', '2022-05-28 07:13:19', 2);
INSERT INTO `m_hak_akses` VALUES (824, 15, 90, '2022-05-28 07:13:19', '2022-05-28 07:13:19', 2);
INSERT INTO `m_hak_akses` VALUES (825, 15, 91, '2022-05-28 07:13:19', '2022-05-28 07:13:19', 2);
INSERT INTO `m_hak_akses` VALUES (826, 15, 92, '2022-05-28 07:13:19', '2022-05-28 07:13:19', 2);
INSERT INTO `m_hak_akses` VALUES (827, 15, 93, '2022-05-28 07:13:19', '2022-05-28 07:13:19', 2);
INSERT INTO `m_hak_akses` VALUES (828, 15, 94, '2022-05-28 07:13:19', '2022-05-28 07:13:19', 2);
INSERT INTO `m_hak_akses` VALUES (829, 15, 99, '2022-05-28 07:13:19', '2022-05-28 07:13:19', 2);
INSERT INTO `m_hak_akses` VALUES (830, 15, 100, '2022-05-28 07:13:19', '2022-05-28 07:13:19', 2);
INSERT INTO `m_hak_akses` VALUES (831, 15, 101, '2022-05-28 07:13:19', '2022-05-28 07:13:19', 2);
INSERT INTO `m_hak_akses` VALUES (832, 15, 104, '2022-05-28 07:13:19', '2022-05-28 07:13:19', 2);
INSERT INTO `m_hak_akses` VALUES (833, 15, 105, '2022-05-28 07:13:19', '2022-05-28 07:13:19', 2);
INSERT INTO `m_hak_akses` VALUES (834, 15, 106, '2022-05-28 07:13:19', '2022-05-28 07:13:19', 2);
INSERT INTO `m_hak_akses` VALUES (835, 15, 107, '2022-05-28 07:13:19', '2022-05-28 07:13:19', 2);
INSERT INTO `m_hak_akses` VALUES (836, 15, 109, '2022-05-28 07:13:19', '2022-05-28 07:13:19', 2);
INSERT INTO `m_hak_akses` VALUES (837, 15, 108, '2022-05-28 07:13:19', '2022-05-28 07:13:19', 2);
INSERT INTO `m_hak_akses` VALUES (838, 15, 115, '2022-05-28 07:13:19', '2022-05-28 07:13:19', 2);
INSERT INTO `m_hak_akses` VALUES (839, 15, 112, '2022-05-28 07:13:19', '2022-05-28 07:13:19', 2);
INSERT INTO `m_hak_akses` VALUES (840, 15, 111, '2022-05-28 07:13:19', '2022-05-28 07:13:19', 2);
INSERT INTO `m_hak_akses` VALUES (841, 15, 110, '2022-05-28 07:13:19', '2022-05-28 07:13:19', 2);
INSERT INTO `m_hak_akses` VALUES (842, 15, 116, '2022-05-28 07:13:19', '2022-05-28 07:13:19', 2);
INSERT INTO `m_hak_akses` VALUES (843, 15, 117, '2022-05-28 07:13:19', '2022-05-28 07:13:19', 2);
INSERT INTO `m_hak_akses` VALUES (844, 15, 118, '2022-05-28 07:13:19', '2022-05-28 07:13:19', 2);
INSERT INTO `m_hak_akses` VALUES (845, 15, 119, '2022-05-28 07:13:19', '2022-05-28 07:13:19', 2);
INSERT INTO `m_hak_akses` VALUES (846, 15, 120, '2022-05-28 07:13:19', '2022-05-28 07:13:19', 2);
INSERT INTO `m_hak_akses` VALUES (847, 15, 121, '2022-05-28 07:13:19', '2022-05-28 07:13:19', 2);
INSERT INTO `m_hak_akses` VALUES (848, 15, 122, '2022-05-28 07:13:19', '2022-05-28 07:13:19', 2);
INSERT INTO `m_hak_akses` VALUES (849, 15, 123, '2022-05-28 07:13:19', '2022-05-28 07:13:19', 2);
INSERT INTO `m_hak_akses` VALUES (850, 15, 124, '2022-05-28 07:13:19', '2022-05-28 07:13:19', 2);
INSERT INTO `m_hak_akses` VALUES (851, 15, 125, '2022-05-28 07:13:19', '2022-05-28 07:13:19', 2);
INSERT INTO `m_hak_akses` VALUES (852, 15, 126, '2022-05-28 07:13:19', '2022-05-28 07:13:19', 2);
INSERT INTO `m_hak_akses` VALUES (853, 15, 127, '2022-05-28 07:13:19', '2022-05-28 07:13:19', 2);
INSERT INTO `m_hak_akses` VALUES (854, 15, 128, '2022-05-28 07:13:19', '2022-05-28 07:13:19', 2);
INSERT INTO `m_hak_akses` VALUES (855, 15, 133, '2022-05-28 07:13:19', '2022-05-28 07:13:19', 2);
INSERT INTO `m_hak_akses` VALUES (856, 15, 134, '2022-05-28 07:13:19', '2022-05-28 07:13:19', 2);
INSERT INTO `m_hak_akses` VALUES (857, 15, 135, '2022-05-28 07:13:19', '2022-05-28 07:13:19', 2);
INSERT INTO `m_hak_akses` VALUES (858, 15, 136, '2022-05-28 07:13:19', '2022-05-28 07:13:19', 2);
INSERT INTO `m_hak_akses` VALUES (859, 15, 147, '2022-05-28 07:13:19', '2022-05-28 07:13:19', 2);
INSERT INTO `m_hak_akses` VALUES (860, 15, 161, '2022-05-28 07:13:19', '2022-05-28 07:13:19', 2);
INSERT INTO `m_hak_akses` VALUES (861, 15, 163, '2022-05-28 07:13:19', '2022-05-28 07:13:19', 2);
INSERT INTO `m_hak_akses` VALUES (862, 15, 181, '2022-05-28 07:13:19', '2022-05-28 07:13:19', 2);
INSERT INTO `m_hak_akses` VALUES (863, 15, 185, '2022-05-28 07:13:19', '2022-05-28 07:13:19', 2);
INSERT INTO `m_hak_akses` VALUES (864, 15, 186, '2022-05-28 07:13:19', '2022-05-28 07:13:19', 2);
INSERT INTO `m_hak_akses` VALUES (865, 15, 187, '2022-05-28 07:13:19', '2022-05-28 07:13:19', 2);
INSERT INTO `m_hak_akses` VALUES (866, 15, 188, '2022-05-28 07:13:19', '2022-05-28 07:13:19', 2);
INSERT INTO `m_hak_akses` VALUES (867, 15, 190, '2022-05-28 07:13:19', '2022-05-28 07:13:19', 2);
INSERT INTO `m_hak_akses` VALUES (868, 15, 192, '2022-05-28 07:13:19', '2022-05-28 07:13:19', 2);
INSERT INTO `m_hak_akses` VALUES (869, 15, 193, '2022-05-28 07:13:19', '2022-05-28 07:13:19', 2);
INSERT INTO `m_hak_akses` VALUES (870, 15, 199, '2022-05-28 07:13:19', '2022-05-28 07:13:19', 2);
INSERT INTO `m_hak_akses` VALUES (871, 15, 204, '2022-05-28 07:13:19', '2022-05-28 07:13:19', 2);
INSERT INTO `m_hak_akses` VALUES (872, 15, 222, '2022-05-28 07:13:19', '2022-05-28 07:13:19', 2);
INSERT INTO `m_hak_akses` VALUES (874, 14, 147, '2022-05-28 07:54:56', '2022-05-28 07:54:56', 4);
INSERT INTO `m_hak_akses` VALUES (875, 7, 149, '2022-05-28 11:07:54', '2022-05-28 11:07:54', 4);
INSERT INTO `m_hak_akses` VALUES (876, 7, 148, '2022-05-28 11:07:54', '2022-05-28 11:07:54', 4);
INSERT INTO `m_hak_akses` VALUES (877, 7, 150, '2022-05-28 11:07:54', '2022-05-28 11:07:54', 4);
INSERT INTO `m_hak_akses` VALUES (878, 7, 158, '2022-05-28 11:07:54', '2022-05-28 11:07:54', 4);
INSERT INTO `m_hak_akses` VALUES (879, 7, 159, '2022-05-28 11:07:54', '2022-05-28 11:07:54', 4);
INSERT INTO `m_hak_akses` VALUES (880, 7, 160, '2022-05-28 11:07:54', '2022-05-28 11:07:54', 4);
INSERT INTO `m_hak_akses` VALUES (881, 7, 164, '2022-05-28 11:07:54', '2022-05-28 11:07:54', 4);
INSERT INTO `m_hak_akses` VALUES (882, 7, 166, '2022-05-28 11:07:54', '2022-05-28 11:07:54', 4);
INSERT INTO `m_hak_akses` VALUES (883, 7, 167, '2022-05-28 11:07:54', '2022-05-28 11:07:54', 4);
INSERT INTO `m_hak_akses` VALUES (884, 7, 168, '2022-05-28 11:07:54', '2022-05-28 11:07:54', 4);
INSERT INTO `m_hak_akses` VALUES (885, 7, 169, '2022-05-28 11:07:54', '2022-05-28 11:07:54', 4);
INSERT INTO `m_hak_akses` VALUES (886, 9, 1, '2022-05-29 16:51:15', '2022-05-29 16:51:15', 4);
INSERT INTO `m_hak_akses` VALUES (887, 9, 137, '2022-05-29 16:51:15', '2022-05-29 16:51:15', 4);
INSERT INTO `m_hak_akses` VALUES (888, 9, 138, '2022-05-29 16:51:15', '2022-05-29 16:51:15', 4);
INSERT INTO `m_hak_akses` VALUES (889, 9, 144, '2022-05-29 16:51:15', '2022-05-29 16:51:15', 4);
INSERT INTO `m_hak_akses` VALUES (890, 9, 149, '2022-05-29 16:51:15', '2022-05-29 16:51:15', 4);
INSERT INTO `m_hak_akses` VALUES (891, 9, 148, '2022-05-29 16:51:15', '2022-05-29 16:51:15', 4);
INSERT INTO `m_hak_akses` VALUES (892, 9, 150, '2022-05-29 16:51:15', '2022-05-29 16:51:15', 4);
INSERT INTO `m_hak_akses` VALUES (893, 9, 151, '2022-05-29 16:51:15', '2022-05-29 16:51:15', 4);
INSERT INTO `m_hak_akses` VALUES (894, 9, 156, '2022-05-29 16:51:15', '2022-05-29 16:51:15', 4);
INSERT INTO `m_hak_akses` VALUES (895, 9, 152, '2022-05-29 16:51:15', '2022-05-29 16:51:15', 4);
INSERT INTO `m_hak_akses` VALUES (896, 9, 157, '2022-05-29 16:51:15', '2022-05-29 16:51:15', 4);
INSERT INTO `m_hak_akses` VALUES (897, 9, 155, '2022-05-29 16:51:15', '2022-05-29 16:51:15', 4);
INSERT INTO `m_hak_akses` VALUES (898, 9, 158, '2022-05-29 16:51:15', '2022-05-29 16:51:15', 4);
INSERT INTO `m_hak_akses` VALUES (899, 9, 164, '2022-05-29 16:51:15', '2022-05-29 16:51:15', 4);
INSERT INTO `m_hak_akses` VALUES (900, 9, 166, '2022-05-29 16:51:15', '2022-05-29 16:51:15', 4);
INSERT INTO `m_hak_akses` VALUES (901, 9, 169, '2022-05-29 16:51:15', '2022-05-29 16:51:15', 4);
INSERT INTO `m_hak_akses` VALUES (902, 9, 170, '2022-05-29 16:51:15', '2022-05-29 16:51:15', 4);
INSERT INTO `m_hak_akses` VALUES (903, 9, 171, '2022-05-29 16:51:15', '2022-05-29 16:51:15', 4);
INSERT INTO `m_hak_akses` VALUES (904, 9, 172, '2022-05-29 16:51:15', '2022-05-29 16:51:15', 4);
INSERT INTO `m_hak_akses` VALUES (905, 9, 177, '2022-05-29 16:51:15', '2022-05-29 16:51:15', 4);
INSERT INTO `m_hak_akses` VALUES (968, 9, 223, '2022-06-02 14:22:06', '2022-06-02 14:22:06', 4);
INSERT INTO `m_hak_akses` VALUES (907, 9, 180, '2022-05-29 16:51:15', '2022-05-29 16:51:15', 4);
INSERT INTO `m_hak_akses` VALUES (908, 5, 144, '2022-05-29 16:52:29', '2022-05-29 16:52:29', 4);
INSERT INTO `m_hak_akses` VALUES (909, 3, 1, '2022-05-29 16:54:30', '2022-05-29 16:54:30', 4);
INSERT INTO `m_hak_akses` VALUES (910, 3, 137, '2022-05-29 16:54:30', '2022-05-29 16:54:30', 4);
INSERT INTO `m_hak_akses` VALUES (911, 3, 138, '2022-05-29 16:54:30', '2022-05-29 16:54:30', 4);
INSERT INTO `m_hak_akses` VALUES (912, 3, 144, '2022-05-29 16:54:30', '2022-05-29 16:54:30', 4);
INSERT INTO `m_hak_akses` VALUES (913, 3, 149, '2022-05-29 16:54:30', '2022-05-29 16:54:30', 4);
INSERT INTO `m_hak_akses` VALUES (914, 3, 148, '2022-05-29 16:54:30', '2022-05-29 16:54:30', 4);
INSERT INTO `m_hak_akses` VALUES (915, 3, 150, '2022-05-29 16:54:30', '2022-05-29 16:54:30', 4);
INSERT INTO `m_hak_akses` VALUES (916, 3, 151, '2022-05-29 16:54:30', '2022-05-29 16:54:30', 4);
INSERT INTO `m_hak_akses` VALUES (917, 3, 156, '2022-05-29 16:54:30', '2022-05-29 16:54:30', 4);
INSERT INTO `m_hak_akses` VALUES (918, 3, 152, '2022-05-29 16:54:30', '2022-05-29 16:54:30', 4);
INSERT INTO `m_hak_akses` VALUES (919, 3, 157, '2022-05-29 16:54:30', '2022-05-29 16:54:30', 4);
INSERT INTO `m_hak_akses` VALUES (920, 3, 155, '2022-05-29 16:54:30', '2022-05-29 16:54:30', 4);
INSERT INTO `m_hak_akses` VALUES (921, 3, 158, '2022-05-29 16:54:30', '2022-05-29 16:54:30', 4);
INSERT INTO `m_hak_akses` VALUES (958, 14, 223, '2022-05-31 13:45:04', '2022-05-31 13:45:04', 4);
INSERT INTO `m_hak_akses` VALUES (923, 3, 166, '2022-05-29 16:54:30', '2022-05-29 16:54:30', 4);
INSERT INTO `m_hak_akses` VALUES (924, 3, 169, '2022-05-29 16:54:30', '2022-05-29 16:54:30', 4);
INSERT INTO `m_hak_akses` VALUES (925, 3, 170, '2022-05-29 16:54:30', '2022-05-29 16:54:30', 4);
INSERT INTO `m_hak_akses` VALUES (926, 3, 171, '2022-05-29 16:54:30', '2022-05-29 16:54:30', 4);
INSERT INTO `m_hak_akses` VALUES (927, 3, 177, '2022-05-29 16:54:30', '2022-05-29 16:54:30', 4);
INSERT INTO `m_hak_akses` VALUES (928, 8, 1, '2022-05-29 17:05:52', '2022-05-29 17:05:52', 4);
INSERT INTO `m_hak_akses` VALUES (929, 8, 137, '2022-05-29 17:05:52', '2022-05-29 17:05:52', 4);
INSERT INTO `m_hak_akses` VALUES (930, 8, 138, '2022-05-29 17:05:52', '2022-05-29 17:05:52', 4);
INSERT INTO `m_hak_akses` VALUES (931, 8, 149, '2022-05-29 17:05:52', '2022-05-29 17:05:52', 4);
INSERT INTO `m_hak_akses` VALUES (932, 8, 148, '2022-05-29 17:05:52', '2022-05-29 17:05:52', 4);
INSERT INTO `m_hak_akses` VALUES (933, 8, 150, '2022-05-29 17:05:52', '2022-05-29 17:05:52', 4);
INSERT INTO `m_hak_akses` VALUES (934, 8, 151, '2022-05-29 17:05:52', '2022-05-29 17:05:52', 4);
INSERT INTO `m_hak_akses` VALUES (935, 8, 152, '2022-05-29 17:05:52', '2022-05-29 17:05:52', 4);
INSERT INTO `m_hak_akses` VALUES (936, 8, 157, '2022-05-29 17:05:52', '2022-05-29 17:05:52', 4);
INSERT INTO `m_hak_akses` VALUES (937, 8, 155, '2022-05-29 17:05:52', '2022-05-29 17:05:52', 4);
INSERT INTO `m_hak_akses` VALUES (938, 8, 158, '2022-05-29 17:05:52', '2022-05-29 17:05:52', 4);
INSERT INTO `m_hak_akses` VALUES (939, 8, 164, '2022-05-29 17:05:52', '2022-05-29 17:05:52', 4);
INSERT INTO `m_hak_akses` VALUES (940, 8, 166, '2022-05-29 17:05:52', '2022-05-29 17:05:52', 4);
INSERT INTO `m_hak_akses` VALUES (941, 8, 169, '2022-05-29 17:05:52', '2022-05-29 17:05:52', 4);
INSERT INTO `m_hak_akses` VALUES (942, 8, 177, '2022-05-29 17:05:52', '2022-05-29 17:05:52', 4);
INSERT INTO `m_hak_akses` VALUES (943, 1, 4, '2022-05-29 17:13:28', '2022-05-29 17:13:28', 13);
INSERT INTO `m_hak_akses` VALUES (944, 1, 3, '2022-05-29 17:13:28', '2022-05-29 17:13:28', 13);
INSERT INTO `m_hak_akses` VALUES (945, 1, 2, '2022-05-29 17:13:28', '2022-05-29 17:13:28', 13);
INSERT INTO `m_hak_akses` VALUES (946, 1, 1, '2022-05-29 17:13:28', '2022-05-29 17:13:28', 13);
INSERT INTO `m_hak_akses` VALUES (953, 7, 152, '2022-05-30 09:06:08', '2022-05-30 09:06:08', 4);
INSERT INTO `m_hak_akses` VALUES (954, 7, 157, '2022-05-30 09:06:08', '2022-05-30 09:06:08', 4);
INSERT INTO `m_hak_akses` VALUES (955, 7, 177, '2022-05-30 09:06:08', '2022-05-30 09:06:08', 4);
INSERT INTO `m_hak_akses` VALUES (956, 7, 178, '2022-05-30 09:06:08', '2022-05-30 09:06:08', 4);
INSERT INTO `m_hak_akses` VALUES (960, 7, 179, '2022-06-02 08:15:24', '2022-06-02 08:15:24', 4);
INSERT INTO `m_hak_akses` VALUES (961, 7, 180, '2022-06-02 08:15:24', '2022-06-02 08:15:24', 4);
INSERT INTO `m_hak_akses` VALUES (962, 7, 151, '2022-06-02 11:14:49', '2022-06-02 11:14:49', 4);
INSERT INTO `m_hak_akses` VALUES (963, 7, 156, '2022-06-02 11:14:49', '2022-06-02 11:14:49', 4);
INSERT INTO `m_hak_akses` VALUES (964, 7, 170, '2022-06-02 11:14:49', '2022-06-02 11:14:49', 4);
INSERT INTO `m_hak_akses` VALUES (965, 7, 171, '2022-06-02 11:14:49', '2022-06-02 11:14:49', 4);
INSERT INTO `m_hak_akses` VALUES (966, 7, 172, '2022-06-02 11:14:49', '2022-06-02 11:14:49', 4);
INSERT INTO `m_hak_akses` VALUES (967, 7, 173, '2022-06-02 11:14:49', '2022-06-02 11:14:49', 4);
INSERT INTO `m_hak_akses` VALUES (969, 4, 1, '2022-06-02 15:02:23', '2022-06-02 15:02:23', 5);
INSERT INTO `m_hak_akses` VALUES (970, 4, 215, '2022-06-02 15:02:25', '2022-06-02 15:02:25', 5);
INSERT INTO `m_hak_akses` VALUES (971, 1, 223, '2022-06-02 15:29:43', '2022-06-02 15:29:43', 4);
INSERT INTO `m_hak_akses` VALUES (972, 7, 2, '2022-06-02 15:41:02', '2022-06-02 15:41:02', 5);
INSERT INTO `m_hak_akses` VALUES (973, 7, 216, '2022-06-02 15:41:02', '2022-06-02 15:41:02', 5);
INSERT INTO `m_hak_akses` VALUES (974, 7, 217, '2022-06-02 15:41:02', '2022-06-02 15:41:02', 5);
INSERT INTO `m_hak_akses` VALUES (975, 7, 219, '2022-06-02 15:41:02', '2022-06-02 15:41:02', 5);
INSERT INTO `m_hak_akses` VALUES (976, 7, 220, '2022-06-02 15:41:02', '2022-06-02 15:41:02', 5);
INSERT INTO `m_hak_akses` VALUES (977, 7, 221, '2022-06-02 15:41:02', '2022-06-02 15:41:02', 5);
INSERT INTO `m_hak_akses` VALUES (978, 4, 224, '2022-06-04 07:40:51', '2022-06-04 07:40:51', 5);
INSERT INTO `m_hak_akses` VALUES (979, 1, 224, '2022-06-04 08:05:59', '2022-06-04 08:05:59', 5);
INSERT INTO `m_hak_akses` VALUES (980, 1, 225, '2022-06-06 08:14:54', '2022-06-06 08:14:54', 4);
INSERT INTO `m_hak_akses` VALUES (981, 1, 226, '2022-06-06 09:09:32', '2022-06-06 09:09:32', 5);
INSERT INTO `m_hak_akses` VALUES (982, 1, 227, '2022-06-07 08:03:03', '2022-06-07 08:03:03', 4);
INSERT INTO `m_hak_akses` VALUES (983, 1, 228, '2022-06-08 11:00:59', '2022-06-08 11:00:59', 4);
INSERT INTO `m_hak_akses` VALUES (984, 1, 229, '2022-06-08 13:39:14', '2022-06-08 13:39:14', 4);

-- ----------------------------
-- Table structure for m_hak_akses_bo
-- ----------------------------
DROP TABLE IF EXISTS `m_hak_akses_bo`;
CREATE TABLE `m_hak_akses_bo`  (
  `id_m_hak_akses_bo` int(11) NOT NULL,
  `id_m_user_group_bo` int(11) NOT NULL,
  `id_m_menu_bo` int(11) NOT NULL,
  `created_at` timestamp(0) NOT NULL DEFAULT CURRENT_TIMESTAMP(0),
  `updated_at` timestamp(0) NULL DEFAULT NULL,
  PRIMARY KEY (`id_m_hak_akses_bo`) USING BTREE
) ENGINE = MyISAM CHARACTER SET = utf8mb4 COLLATE = utf8mb4_unicode_ci ROW_FORMAT = Fixed;

-- ----------------------------
-- Records of m_hak_akses_bo
-- ----------------------------
INSERT INTO `m_hak_akses_bo` VALUES (6, 1, 6, '2022-06-10 14:29:14', NULL);
INSERT INTO `m_hak_akses_bo` VALUES (5, 1, 5, '2022-06-10 14:29:08', NULL);
INSERT INTO `m_hak_akses_bo` VALUES (4, 1, 4, '2022-06-10 14:29:04', NULL);
INSERT INTO `m_hak_akses_bo` VALUES (3, 1, 3, '2022-06-10 14:28:55', NULL);
INSERT INTO `m_hak_akses_bo` VALUES (2, 1, 2, '2022-06-10 14:28:52', NULL);
INSERT INTO `m_hak_akses_bo` VALUES (1, 1, 1, '2022-06-10 14:28:37', NULL);
INSERT INTO `m_hak_akses_bo` VALUES (7, 1, 7, '2022-06-18 09:42:31', NULL);
INSERT INTO `m_hak_akses_bo` VALUES (8, 1, 8, '2022-06-18 09:42:34', NULL);

-- ----------------------------
-- Table structure for m_menu
-- ----------------------------
DROP TABLE IF EXISTS `m_menu`;
CREATE TABLE `m_menu`  (
  `id_m_menu` int(11) NOT NULL,
  `nm_menu` varchar(100) CHARACTER SET utf8mb4 COLLATE utf8mb4_unicode_ci NOT NULL,
  `slug_m_menu` varchar(255) CHARACTER SET utf8mb4 COLLATE utf8mb4_unicode_ci NULL DEFAULT NULL,
  `aktif` varchar(1) CHARACTER SET utf8mb4 COLLATE utf8mb4_unicode_ci NOT NULL,
  `icon` varchar(50) CHARACTER SET utf8mb4 COLLATE utf8mb4_unicode_ci NOT NULL,
  `route` varchar(100) CHARACTER SET utf8mb4 COLLATE utf8mb4_unicode_ci NULL DEFAULT NULL,
  `id_parent` int(11) NULL DEFAULT NULL,
  `created_at` timestamp(0) NOT NULL DEFAULT CURRENT_TIMESTAMP(0),
  `updated_at` timestamp(0) NULL DEFAULT NULL,
  `order_m_menu` int(11) NULL DEFAULT NULL,
  `head_title` varchar(50) CHARACTER SET utf8mb4 COLLATE utf8mb4_unicode_ci NULL DEFAULT NULL,
  `page_title` varchar(50) CHARACTER SET utf8mb4 COLLATE utf8mb4_unicode_ci NULL DEFAULT NULL,
  `parent_menu_active` varchar(50) CHARACTER SET utf8mb4 COLLATE utf8mb4_unicode_ci NULL DEFAULT NULL,
  `child_menu_active` varchar(50) CHARACTER SET utf8mb4 COLLATE utf8mb4_unicode_ci NULL DEFAULT NULL,
  `id_m_process` int(11) NULL DEFAULT NULL,
  `note_m_menu` varchar(150) CHARACTER SET utf8mb4 COLLATE utf8mb4_unicode_ci NULL DEFAULT NULL,
  `id_m_app` int(14) NULL DEFAULT NULL,
  PRIMARY KEY (`id_m_menu`) USING BTREE
) ENGINE = MyISAM CHARACTER SET = utf8mb4 COLLATE = utf8mb4_unicode_ci ROW_FORMAT = Dynamic;

-- ----------------------------
-- Records of m_menu
-- ----------------------------
INSERT INTO `m_menu` VALUES (4, 'User Group', 'user-group', '1', 'circle', NULL, 1, '2021-07-31 19:36:01', '2022-03-21 08:07:12', 99, NULL, NULL, NULL, NULL, NULL, NULL, 1);
INSERT INTO `m_menu` VALUES (3, 'Admin Menu', 'admin-menu', '1', 'circle', NULL, 1, '2021-07-31 19:36:01', '2022-03-21 08:07:00', 100, NULL, NULL, NULL, NULL, NULL, NULL, 1);
INSERT INTO `m_menu` VALUES (2, 'User', 'user', '1', 'circle', NULL, 1, '2021-07-31 19:36:01', '2022-03-21 08:06:32', 98, NULL, NULL, NULL, NULL, NULL, NULL, 1);
INSERT INTO `m_menu` VALUES (1, 'Master Data', 'master-data', '1', 'database', NULL, NULL, '2021-07-31 19:36:01', NULL, 1, NULL, NULL, NULL, NULL, NULL, NULL, 1);
INSERT INTO `m_menu` VALUES (5, 'Business Field', 'business-field', '1', 'circle', NULL, 1, '2021-07-31 22:23:53', '2021-08-01 14:40:05', 6, NULL, NULL, NULL, NULL, NULL, NULL, 1);
INSERT INTO `m_menu` VALUES (6, 'Business Status', 'business-status', '1', 'circle', NULL, 1, '2021-08-01 06:53:52', '2021-08-01 06:53:52', 7, NULL, NULL, NULL, NULL, NULL, NULL, 1);
INSERT INTO `m_menu` VALUES (7, 'Entity', 'entity', '1', 'circle', NULL, 1, '2021-08-01 06:58:48', '2021-08-01 06:58:48', 5, NULL, NULL, NULL, NULL, NULL, NULL, 1);
INSERT INTO `m_menu` VALUES (8, 'Module', 'module', '1', 'circle', NULL, 1, '2021-08-01 12:55:18', '2021-08-01 12:57:16', 3, NULL, NULL, NULL, NULL, NULL, NULL, 1);
INSERT INTO `m_menu` VALUES (9, 'Branch', 'branch', '1', 'circle', NULL, 1, '2021-08-01 13:14:08', '2021-08-01 13:14:08', 8, NULL, NULL, NULL, NULL, NULL, NULL, 1);
INSERT INTO `m_menu` VALUES (10, 'Division', 'division', '1', 'circle', NULL, 1, '2021-08-01 14:55:04', '2021-09-02 10:47:05', 10, NULL, NULL, NULL, NULL, NULL, NULL, 1);
INSERT INTO `m_menu` VALUES (11, 'Department', 'department', '1', 'circle', NULL, 1, '2021-08-01 14:55:23', '2021-09-02 10:46:45', 9, NULL, NULL, NULL, NULL, NULL, NULL, 1);
INSERT INTO `m_menu` VALUES (12, 'Employee Category', 'employee-category', '1', 'circle', NULL, 1, '2021-08-01 14:56:01', '2021-08-01 14:56:01', 13, NULL, NULL, NULL, NULL, NULL, NULL, 1);
INSERT INTO `m_menu` VALUES (13, 'Position', 'position', '1', 'circle', NULL, 1, '2021-08-01 14:56:43', '2021-08-01 14:56:43', 12, NULL, NULL, NULL, NULL, NULL, NULL, 1);
INSERT INTO `m_menu` VALUES (14, 'Profession', 'profession', '1', 'circle', NULL, 1, '2021-08-01 14:57:10', '2021-08-01 14:57:10', 11, NULL, NULL, NULL, NULL, NULL, NULL, 1);
INSERT INTO `m_menu` VALUES (15, 'Business', 'business', '1', 'circle', NULL, 1, '2021-08-05 07:05:16', '2021-08-05 07:05:16', 6, NULL, NULL, NULL, NULL, NULL, NULL, 1);
INSERT INTO `m_menu` VALUES (16, 'Recruitment', 'recruitment', '1', 'server', NULL, NULL, '2021-08-07 08:54:51', '2021-09-02 08:37:06', 3, NULL, NULL, NULL, NULL, NULL, NULL, 1);
INSERT INTO `m_menu` VALUES (17, 'Submission', 'submission', '1', 'circle', NULL, 16, '2021-08-07 08:58:57', '2021-09-02 10:29:19', 1, NULL, NULL, NULL, NULL, 1, NULL, 1);
INSERT INTO `m_menu` VALUES (18, 'Education Level', 'education-level', '1', 'circle', NULL, 1, '2021-08-13 12:56:04', '2021-08-13 12:56:04', 14, NULL, NULL, NULL, NULL, NULL, NULL, 1);
INSERT INTO `m_menu` VALUES (19, 'Education Type', 'education-type', '1', 'circle', NULL, 1, '2021-08-13 12:56:55', '2021-08-13 12:56:55', 15, NULL, NULL, NULL, NULL, NULL, NULL, 1);
INSERT INTO `m_menu` VALUES (20, 'Document Type', 'document-type', '1', 'circle', NULL, 1, '2021-08-13 13:00:40', '2021-09-18 09:15:08', 18, NULL, NULL, NULL, NULL, NULL, NULL, 1);
INSERT INTO `m_menu` VALUES (21, 'Submission-Verification (HrdMgr)', 'submission-verification-hrdmgr', '1', 'circle', NULL, 16, '2021-08-14 08:01:46', '2021-09-02 08:48:10', 2, NULL, NULL, NULL, NULL, 2, NULL, 1);
INSERT INTO `m_menu` VALUES (22, 'Submission-Approval (BM)', 'submission-approval-bm', '1', 'circle', NULL, 16, '2021-08-18 13:19:57', '2021-09-02 08:47:46', 3, NULL, NULL, NULL, NULL, 3, NULL, 1);
INSERT INTO `m_menu` VALUES (23, 'Submission-Approval (HrdDir)', 'submission-approval-hrddir', '1', 'circle', NULL, 16, '2021-08-19 10:31:01', '2021-09-02 15:05:03', 4, NULL, NULL, NULL, NULL, 4, NULL, 1);
INSERT INTO `m_menu` VALUES (24, 'Submission-Approval (PresDir)', 'submission-approval-presdir', '1', 'circle', NULL, 16, '2021-08-19 10:31:19', '2021-09-02 08:47:23', 4, NULL, NULL, NULL, NULL, 8, NULL, 1);
INSERT INTO `m_menu` VALUES (25, 'Job Vacancy', 'job-vacancy', '1', 'circle', NULL, 16, '2021-08-19 11:12:43', '2021-08-19 11:12:43', 6, NULL, NULL, NULL, NULL, 5, NULL, 1);
INSERT INTO `m_menu` VALUES (26, 'Workflow Categories', 'workflow-categories', '1', 'circle', NULL, 1, '2021-08-21 08:20:45', '2021-08-21 08:20:45', 20, NULL, NULL, NULL, NULL, NULL, NULL, 1);
INSERT INTO `m_menu` VALUES (27, 'Process', 'process', '1', 'circle', NULL, 1, '2021-08-21 08:50:09', '2021-08-21 08:50:09', 21, NULL, NULL, NULL, NULL, NULL, NULL, 1);
INSERT INTO `m_menu` VALUES (28, 'Applicant Selection', 'applicant-selection', '1', 'circle', NULL, 16, '2021-08-21 12:37:03', '2021-09-02 08:41:32', 8, NULL, NULL, NULL, NULL, 6, NULL, 1);
INSERT INTO `m_menu` VALUES (29, 'Applicant Invitation', 'applicant-invitation', '1', 'circle', NULL, 16, '2021-08-27 08:49:15', '2021-09-02 08:41:13', 9, NULL, NULL, NULL, NULL, NULL, NULL, 1);
INSERT INTO `m_menu` VALUES (30, 'General Requirements For Recruitment', 'general-requirements-for-recruitment', '1', 'circle', NULL, 1, '2021-09-01 07:39:28', '2021-09-02 23:03:44', 19, NULL, NULL, NULL, NULL, NULL, NULL, 1);
INSERT INTO `m_menu` VALUES (31, 'Job Candidate Test', 'job-candidate-test', '1', 'user', NULL, NULL, '2021-09-01 07:40:17', '2021-10-16 07:58:15', 4, NULL, NULL, NULL, NULL, NULL, NULL, 1);
INSERT INTO `m_menu` VALUES (32, 'Test Type', 'test-type', '1', 'circle', NULL, 1, '2021-09-01 07:41:08', '2021-10-16 08:44:00', 17, NULL, NULL, NULL, NULL, NULL, NULL, 1);
INSERT INTO `m_menu` VALUES (33, 'Test Module', 'test-module', '1', 'circle', NULL, 44, '2021-09-01 07:41:48', '2021-09-01 07:41:48', 2, NULL, NULL, NULL, NULL, NULL, NULL, 1);
INSERT INTO `m_menu` VALUES (34, 'MC Question', 'mc-question', '1', 'circle', NULL, 44, '2021-09-01 07:42:21', '2022-01-13 05:48:08', 3, NULL, NULL, NULL, NULL, NULL, NULL, 1);
INSERT INTO `m_menu` VALUES (35, 'Essay Question', 'essay-question', '1', 'circle', NULL, 44, '2021-09-01 10:00:49', '2021-09-01 10:00:49', 4, NULL, NULL, NULL, NULL, NULL, NULL, 1);
INSERT INTO `m_menu` VALUES (36, 'Module - Written Test', 'module-written-test', '1', 'circle', NULL, 31, '2021-09-07 14:12:45', '2021-10-16 07:55:28', 1, NULL, NULL, NULL, NULL, NULL, NULL, 1);
INSERT INTO `m_menu` VALUES (37, 'Personality Test', 'personality-test', '1', 'circle', NULL, 44, '2021-09-10 13:53:24', '2021-09-10 13:53:24', 5, NULL, NULL, NULL, NULL, NULL, NULL, 1);
INSERT INTO `m_menu` VALUES (38, 'Evaluation', 'evaluation', '1', 'user', NULL, NULL, '2021-09-14 08:12:46', '2021-10-06 14:50:21', 5, NULL, NULL, NULL, NULL, NULL, NULL, 1);
INSERT INTO `m_menu` VALUES (39, 'Interview', 'interview', '1', 'circle', NULL, 31, '2021-09-14 08:24:10', '2021-10-16 07:55:49', 3, NULL, NULL, NULL, NULL, NULL, NULL, 1);
INSERT INTO `m_menu` VALUES (40, 'Module - Psychology Test', 'module-psychology-test', '1', 'circle', NULL, 31, '2021-09-18 09:08:44', '2021-10-16 07:55:15', 2, NULL, NULL, NULL, NULL, NULL, NULL, 1);
INSERT INTO `m_menu` VALUES (41, 'Report', 'report', '1', 'printer', NULL, NULL, '2021-09-28 10:26:30', '2022-03-21 13:43:48', 200, NULL, NULL, NULL, NULL, NULL, NULL, 1);
INSERT INTO `m_menu` VALUES (42, 'Report Page', 'report-page', '1', 'circle', NULL, 41, '2021-09-28 10:30:22', '2021-09-28 10:30:22', 1, NULL, NULL, NULL, NULL, NULL, NULL, 1);
INSERT INTO `m_menu` VALUES (43, '[Front Office] Applicant', 'front-office-applicant', '1', 'circle', NULL, 41, '2021-09-28 11:06:00', '2021-09-28 11:06:00', 1, NULL, NULL, NULL, NULL, NULL, NULL, 1);
INSERT INTO `m_menu` VALUES (44, 'Examination Data', 'examination-data', '1', 'database', NULL, NULL, '2021-10-06 13:22:14', '2021-10-11 14:29:20', 2, NULL, NULL, NULL, NULL, NULL, NULL, 1);
INSERT INTO `m_menu` VALUES (45, 'Result - Written Test', 'result-written-test', '1', 'circle', NULL, 31, '2021-10-06 14:49:26', '2021-10-16 07:54:37', 4, NULL, NULL, NULL, NULL, NULL, NULL, 1);
INSERT INTO `m_menu` VALUES (46, 'Result - Psychology Test', 'result-psychology-test', '1', 'circle', NULL, 31, '2021-10-06 14:51:15', '2021-10-16 07:57:13', 5, NULL, NULL, NULL, NULL, NULL, NULL, 1);
INSERT INTO `m_menu` VALUES (47, 'Result - Verification', 'result-verification', '1', 'circle', NULL, 31, '2021-10-14 08:54:10', '2021-10-23 09:56:48', 6, NULL, NULL, NULL, NULL, 13, NULL, 1);
INSERT INTO `m_menu` VALUES (48, 'MCU Invitation', 'mcu-invitation', '1', 'circle', NULL, 31, '2021-10-15 09:30:27', '2022-01-12 10:20:47', 7, NULL, NULL, NULL, NULL, 15, NULL, 1);
INSERT INTO `m_menu` VALUES (49, 'Final Verification (HRD)', 'final-verification-hrd', '1', 'circle', NULL, 124, '2021-10-18 10:10:59', '2022-02-07 07:49:24', 10, NULL, NULL, NULL, NULL, 20, NULL, 1);
INSERT INTO `m_menu` VALUES (50, 'Employee', 'employee', '1', 'circle', NULL, 1, '2021-10-22 07:27:10', NULL, 21, NULL, NULL, NULL, NULL, NULL, NULL, 1);
INSERT INTO `m_menu` VALUES (51, 'Employee Agreement', 'employee-agreement', '1', 'circle', NULL, 124, '2021-10-23 09:55:41', '2022-02-07 07:50:20', 22, NULL, NULL, NULL, NULL, 22, NULL, 1);
INSERT INTO `m_menu` VALUES (52, 'Employee Data', 'employee-data', '1', 'database', NULL, NULL, '2021-10-19 12:26:21', '2022-05-06 08:05:49', 2, NULL, NULL, NULL, NULL, NULL, NULL, 1);
INSERT INTO `m_menu` VALUES (53, 'Employee Job History', 'employee-job-history', '1', 'book-open', NULL, NULL, '2021-10-19 12:27:08', '2021-10-19 13:50:39', 3, NULL, NULL, NULL, NULL, NULL, NULL, 1);
INSERT INTO `m_menu` VALUES (54, 'Riwayat Pekerjaan', 'riwayat-pekerjaan', '1', 'circle', NULL, 53, '2021-10-19 12:28:41', '2021-10-19 13:50:25', 1, NULL, NULL, NULL, NULL, NULL, NULL, 1);
INSERT INTO `m_menu` VALUES (55, 'Riwayat Jabatan', 'riwayat-jabatan', '1', 'circle', NULL, 53, '2021-10-19 13:21:46', '2021-10-19 13:21:46', 2, NULL, NULL, NULL, NULL, NULL, NULL, 1);
INSERT INTO `m_menu` VALUES (56, 'Riwayat Golongan', 'riwayat-golongan', '1', 'circle', NULL, 53, '2021-10-19 13:22:34', '2021-10-19 13:22:34', 3, NULL, NULL, NULL, NULL, NULL, NULL, 1);
INSERT INTO `m_menu` VALUES (57, 'Riwayat Penempatan', 'riwayat-penempatan', '1', 'circle', NULL, 53, '2021-10-19 13:43:48', '2021-10-19 13:43:48', 4, NULL, NULL, NULL, NULL, NULL, NULL, 1);
INSERT INTO `m_menu` VALUES (58, 'Employee Personal History', 'employee-personal-history', '1', 'book-open', NULL, NULL, '2021-10-19 13:49:01', '2021-10-19 13:50:57', 4, NULL, NULL, NULL, NULL, NULL, NULL, 1);
INSERT INTO `m_menu` VALUES (59, 'Family', 'family', '1', 'circle', NULL, 58, '2021-10-19 13:51:34', '2021-10-19 13:51:34', 1, NULL, NULL, NULL, NULL, NULL, NULL, 1);
INSERT INTO `m_menu` VALUES (60, 'Education', 'education', '1', 'circle', NULL, 58, '2021-10-19 13:51:48', '2021-10-19 13:51:48', 2, NULL, NULL, NULL, NULL, NULL, NULL, 1);
INSERT INTO `m_menu` VALUES (61, 'Non-formal Education', 'non-formal-education', '1', 'circle', NULL, 58, '2021-10-19 13:52:09', '2021-10-19 13:52:09', 3, NULL, NULL, NULL, NULL, NULL, NULL, 1);
INSERT INTO `m_menu` VALUES (62, 'Award', 'award', '1', 'circle', NULL, 58, '2021-10-19 13:52:20', '2021-10-19 13:52:20', 4, NULL, NULL, NULL, NULL, NULL, NULL, 1);
INSERT INTO `m_menu` VALUES (63, 'Work Experience', 'work-experience', '1', 'circle', NULL, 58, '2021-10-19 13:52:38', '2021-10-19 13:52:38', 5, NULL, NULL, NULL, NULL, NULL, NULL, 1);
INSERT INTO `m_menu` VALUES (64, 'Organizational', 'organizational', '1', 'circle', NULL, 58, '2021-10-19 13:52:51', '2021-10-19 13:52:51', 6, NULL, NULL, NULL, NULL, NULL, NULL, 1);
INSERT INTO `m_menu` VALUES (65, 'Facilities & Welfare', 'facilities-and-welfare', '1', 'coffee', NULL, NULL, '2021-10-19 14:08:30', '2021-10-19 14:08:30', 2, NULL, NULL, NULL, NULL, NULL, NULL, 1);
INSERT INTO `m_menu` VALUES (66, 'Health & Safety', 'health-and-safety', '1', 'activity', NULL, NULL, '2021-10-19 14:09:00', '2021-10-19 14:09:00', 3, NULL, NULL, NULL, NULL, NULL, NULL, 1);
INSERT INTO `m_menu` VALUES (67, 'Training Data Master', 'training-data-master', '1', 'database', NULL, NULL, '2021-10-21 08:34:57', '2021-10-21 08:34:57', 2, NULL, NULL, NULL, NULL, NULL, NULL, 1);
INSERT INTO `m_menu` VALUES (68, 'Probation Training', 'probation-training', '1', 'award', NULL, NULL, '2021-10-21 08:36:14', '2022-02-09 14:56:03', 5, NULL, NULL, NULL, NULL, NULL, NULL, 1);
INSERT INTO `m_menu` VALUES (69, 'KPI Score', 'kpi-score', '1', 'bar-chart-2', NULL, NULL, '2021-10-21 08:38:53', '2021-10-21 08:38:53', 2, NULL, NULL, NULL, NULL, NULL, NULL, 1);
INSERT INTO `m_menu` VALUES (70, 'Employee Orientation Results History', 'employee-orientation-results-history', '1', 'book-open', NULL, NULL, '2021-10-21 08:39:21', '2021-10-21 08:39:21', 3, NULL, NULL, NULL, NULL, NULL, NULL, 1);
INSERT INTO `m_menu` VALUES (71, 'Annual Assessment', 'annual-assessment', '1', 'check-square', NULL, NULL, '2021-10-21 08:41:01', '2021-10-21 08:41:01', 4, NULL, NULL, NULL, NULL, NULL, NULL, 1);
INSERT INTO `m_menu` VALUES (72, 'Managerial Annual Assessment', 'managerial-annual-assessment', '1', 'check-square', NULL, NULL, '2021-10-21 08:46:34', '2021-10-21 08:46:34', 5, NULL, NULL, NULL, NULL, NULL, NULL, 1);
INSERT INTO `m_menu` VALUES (73, 'Employee Sanctions', 'employee-sanctions', '1', 'user', NULL, NULL, '2021-10-21 08:49:06', '2021-10-21 08:49:06', 6, NULL, NULL, NULL, NULL, NULL, NULL, 1);
INSERT INTO `m_menu` VALUES (74, 'Monitoring Documents', 'monitoring-documents', '1', 'monitor', NULL, NULL, '2021-10-21 09:12:10', '2022-03-26 12:02:41', 4, NULL, NULL, NULL, NULL, NULL, NULL, 1);
INSERT INTO `m_menu` VALUES (75, 'Monitoring', 'monitoring', '1', 'circle', NULL, 74, '2021-10-21 09:12:43', '2022-03-29 08:25:58', 1, NULL, NULL, NULL, NULL, NULL, NULL, 1);
INSERT INTO `m_menu` VALUES (76, 'Object Type', 'object-type', '1', 'circle', NULL, 1, '2021-10-21 09:13:01', '2022-03-26 11:53:41', 2, NULL, NULL, NULL, NULL, NULL, NULL, 1);
INSERT INTO `m_menu` VALUES (77, 'General Affair Documents', 'general-affair-documents', '1', 'file-text', NULL, NULL, '2021-10-21 09:13:25', '2022-03-18 09:55:02', 3, NULL, NULL, NULL, NULL, NULL, NULL, 1);
INSERT INTO `m_menu` VALUES (78, 'Object Name', 'object-name', '1', 'circle', NULL, 77, '2021-10-21 09:13:48', '2022-06-08 10:14:06', 1, NULL, NULL, NULL, NULL, NULL, NULL, 1);
INSERT INTO `m_menu` VALUES (79, 'Employee Data', 'employee-data', '1', 'book-open', NULL, NULL, '2021-10-21 09:32:08', '2021-10-21 09:32:08', 1, NULL, NULL, NULL, NULL, NULL, NULL, 1);
INSERT INTO `m_menu` VALUES (80, 'Employee Data per Branch', 'employee-data-per-branch', '1', 'circle', NULL, 79, '2021-10-21 09:33:42', '2021-10-21 09:33:42', 1, NULL, NULL, NULL, NULL, NULL, NULL, 1);
INSERT INTO `m_menu` VALUES (81, 'Employee Data per Status', 'employee-data-per-status', '1', 'circle', NULL, 79, '2021-10-21 09:34:08', '2021-10-21 09:34:08', 2, NULL, NULL, NULL, NULL, NULL, NULL, 1);
INSERT INTO `m_menu` VALUES (82, 'Employee Data per Position', 'employee-data-per-position', '1', 'circle', NULL, 79, '2021-10-21 09:34:33', '2021-10-21 09:34:33', 3, NULL, NULL, NULL, NULL, NULL, NULL, 1);
INSERT INTO `m_menu` VALUES (83, 'Orientation History Report per Employee', 'orientation-history-report-per-employee', '1', 'circle', NULL, 79, '2021-10-21 09:35:03', '2021-10-21 09:35:03', 4, NULL, NULL, NULL, NULL, NULL, NULL, 1);
INSERT INTO `m_menu` VALUES (84, 'Education & Training per Employee', 'education-training-per-employee', '1', 'circle', NULL, 79, '2021-10-21 09:35:46', '2021-10-21 09:35:46', 5, NULL, NULL, NULL, NULL, NULL, NULL, 1);
INSERT INTO `m_menu` VALUES (85, 'Sanction Report', 'sanction-report', '1', 'circle', NULL, 79, '2021-10-21 09:36:01', '2021-10-21 09:36:01', 6, NULL, NULL, NULL, NULL, NULL, NULL, 1);
INSERT INTO `m_menu` VALUES (86, 'KPI Scoring', 'kpi-scoring', '1', 'circle', NULL, 79, '2021-10-21 09:36:19', '2021-10-21 09:36:19', 7, NULL, NULL, NULL, NULL, NULL, NULL, 1);
INSERT INTO `m_menu` VALUES (87, 'Employee Assessment Schedule', 'employee-assessment-schedule', '1', 'circle', NULL, 79, '2021-10-21 09:36:41', '2021-10-21 09:36:41', 8, NULL, NULL, NULL, NULL, NULL, NULL, 1);
INSERT INTO `m_menu` VALUES (88, 'MCU Schedule', 'mcu-schedule', '1', 'circle', NULL, 79, '2021-10-21 09:37:13', '2021-10-21 09:37:25', 8, NULL, NULL, NULL, NULL, NULL, NULL, 1);
INSERT INTO `m_menu` VALUES (89, 'Employee Legality Document Extension Schedule', 'employee-legality-document-extension-schedule', '1', 'circle', NULL, 79, '2021-10-21 09:37:53', '2021-10-21 09:37:53', 9, NULL, NULL, NULL, NULL, NULL, NULL, 1);
INSERT INTO `m_menu` VALUES (90, 'General Affair Data', 'general-affair-data', '1', 'book-open', NULL, NULL, '2021-10-21 09:45:31', '2021-10-21 09:45:31', 2, NULL, NULL, NULL, NULL, NULL, NULL, 1);
INSERT INTO `m_menu` VALUES (91, 'Recap of Tax, Licensing Extension and Others', 'recap-of-tax-licensing-extension-and-others', '1', 'circle', NULL, 90, '2021-10-21 09:45:51', '2021-10-21 09:45:51', 1, NULL, NULL, NULL, NULL, NULL, NULL, 1);
INSERT INTO `m_menu` VALUES (92, 'Orientation Material Master', 'orientation-material-master', '1', 'database', NULL, NULL, '2021-10-19 08:59:45', '2021-10-19 09:06:32', 6, NULL, NULL, NULL, NULL, NULL, NULL, 1);
INSERT INTO `m_menu` VALUES (93, 'Employee Training Orientation', 'employee-training-orientation', '1', 'database', NULL, NULL, '2021-10-19 09:06:25', '2021-10-19 09:06:25', 7, NULL, NULL, NULL, NULL, NULL, NULL, 1);
INSERT INTO `m_menu` VALUES (94, 'Applicant Summary', 'applicant-summary', '1', 'circle', NULL, 41, '2021-10-24 05:41:50', '2021-10-24 05:41:50', 2, NULL, NULL, NULL, NULL, NULL, NULL, 1);
INSERT INTO `m_menu` VALUES (95, 'Training Material Description', 'training-material-description', '1', 'circle', NULL, 1, '2021-12-07 08:14:28', '2022-01-12 10:30:08', 1, NULL, NULL, NULL, NULL, NULL, NULL, 1);
INSERT INTO `m_menu` VALUES (96, 'Description Detail', 'description-detail', '1', 'circle', NULL, 1, '2021-12-07 08:24:35', '2021-12-09 07:37:27', 2, NULL, NULL, NULL, NULL, NULL, NULL, 1);
INSERT INTO `m_menu` VALUES (97, 'Sub Description', 'sub-description', '1', 'circle', NULL, 1, '2021-12-07 08:25:27', '2021-12-10 07:45:54', 3, NULL, NULL, NULL, NULL, NULL, NULL, 1);
INSERT INTO `m_menu` VALUES (98, 'Training Package', 'training-package', '1', 'circle', NULL, 1, '2021-12-13 07:29:04', '2021-12-13 07:29:04', 4, NULL, NULL, NULL, NULL, NULL, NULL, 1);
INSERT INTO `m_menu` VALUES (99, 'Probation Training (PP-01.08)', 'probation-training', '1', 'circle', NULL, 68, '2021-12-17 10:48:34', '2022-02-06 20:11:13', 1, NULL, NULL, NULL, NULL, NULL, NULL, 1);
INSERT INTO `m_menu` VALUES (100, 'Probation Eval. Approval (Mngr)', 'probation-eval-approval-mngr', '1', 'circle', NULL, 68, '2021-12-23 08:08:22', '2022-02-14 09:11:55', 2, NULL, NULL, NULL, NULL, 23, NULL, 1);
INSERT INTO `m_menu` VALUES (101, 'Probation Eval. Approval (HRD)', 'probation-eval-approval-hrd', '1', 'circle', NULL, 68, '2021-12-23 08:14:11', '2022-01-13 14:39:23', 3, NULL, NULL, NULL, NULL, 24, NULL, 1);
INSERT INTO `m_menu` VALUES (102, 'Probation Assessment Variable', 'probation-assessment-variable', '1', 'circle', NULL, 1, '2021-12-28 09:23:59', '2022-02-06 19:28:33', 5, NULL, NULL, NULL, NULL, NULL, NULL, 1);
INSERT INTO `m_menu` VALUES (103, 'Probation Assessment Package', 'probation-assessment-package', '1', 'circle', NULL, 1, '2021-12-28 09:24:35', '2022-02-17 13:48:08', 6, NULL, NULL, NULL, NULL, NULL, NULL, 1);
INSERT INTO `m_menu` VALUES (104, 'Probation Performance Assessment (PP-01.09)', 'probation-performance-assessment', '1', 'circle', NULL, 68, '2021-12-29 13:31:21', '2022-02-06 20:12:01', 4, NULL, NULL, NULL, NULL, 26, 'Tabel T_assessment, T_training_evaluation, m_desc, m_training_package. t_assessment_score_der, t_assessment_det, t_evaluation', 1);
INSERT INTO `m_menu` VALUES (105, 'Permanent Employee Recommendation', 'permanent-employee-recommendation', '1', 'circle', NULL, 68, '2022-01-11 10:18:57', '2022-01-11 10:25:58', 8, NULL, NULL, NULL, NULL, 32, 'Tabel T_assessment, T_training_evaluation, m_desc, m_training_package. t_assessment_score_der, t_assessment_det, t_evaluation', 1);
INSERT INTO `m_menu` VALUES (106, 'Approval Permanent Employee (BM)', 'approval-permanent-employee-bm', '1', 'circle', NULL, 68, '2022-01-15 09:40:27', '2022-01-15 09:42:12', 9, NULL, NULL, NULL, NULL, 33, 'Tabel T_assessment, T_training_evaluation, m_desc, m_training_package. t_assessment_score_der, t_assessment_det, t_evaluation', 1);
INSERT INTO `m_menu` VALUES (107, 'Appointment Letter', 'appointment-letter', '1', 'circle', NULL, 68, '2022-01-15 10:52:09', '2022-01-20 10:17:23', 12, NULL, NULL, NULL, NULL, 34, 'Tabel t_evaluatin, t_log', 1);
INSERT INTO `m_menu` VALUES (109, 'Employee Approval', 'employee-approval', '1', 'circle', NULL, 68, '2022-01-17 08:43:50', '2022-02-06 19:44:30', 5, NULL, NULL, NULL, NULL, 35, 'Tabel t_evaluatin, t_log', 1);
INSERT INTO `m_menu` VALUES (108, 'Appraisal Response', 'appraisal-response', '1', 'circle', NULL, 68, '2022-01-15 12:48:54', '2022-01-19 07:44:58', 6, NULL, NULL, NULL, NULL, 36, 'Tabel t_evaluatin, t_log', 1);
INSERT INTO `m_menu` VALUES (115, 'Final Approval (BM/Dir)', 'final-approval-bm-or-dir', '1', 'circle', NULL, 124, '2022-01-20 13:32:21', '2022-02-07 07:49:46', 11, NULL, NULL, NULL, NULL, 41, NULL, 1);
INSERT INTO `m_menu` VALUES (113, 'Submission-Approval (Dir)', 'submission-approval-dir', '1', 'circle', NULL, 16, '2022-01-20 13:16:37', '2022-01-20 13:16:37', 3, NULL, NULL, NULL, NULL, 40, NULL, 1);
INSERT INTO `m_menu` VALUES (112, 'Recomendation Letter (BM)', 'recomendation-letter-bm', '1', 'circle', NULL, 68, '2022-01-20 10:16:52', '2022-01-20 10:16:52', 10, NULL, NULL, NULL, NULL, 39, 'Tabel: T_recom, T_recom_det, T_training_evaluation', 1);
INSERT INTO `m_menu` VALUES (111, 'Approval Permanent Employee (Dir. HRD)', 'approval-permanent-employee-dir-hrd', '1', 'circle', NULL, 68, '2022-01-20 07:33:23', '2022-01-20 10:17:05', 11, NULL, NULL, NULL, NULL, 38, 'Tabel t_evaluatin, t_log', 1);
INSERT INTO `m_menu` VALUES (110, 'Final Decission', 'final-decission', '1', 'circle', NULL, 68, '2022-01-17 09:25:31', '2022-01-17 09:25:31', 7, NULL, NULL, NULL, NULL, 37, 'Tabel t_evaluatin, t_log', 1);
INSERT INTO `m_menu` VALUES (116, 'Training Submission', 'training-submission', '1', 'circle', NULL, 125, '2022-01-06 10:49:41', '2022-02-09 14:55:58', 5, NULL, NULL, NULL, NULL, 27, NULL, 1);
INSERT INTO `m_menu` VALUES (117, 'Implementation Plan (HRD)', 'implementation-plan-hrd', '1', 'circle', NULL, 125, '2022-01-06 10:58:23', '2022-02-09 14:57:05', 6, NULL, NULL, NULL, NULL, 28, NULL, 1);
INSERT INTO `m_menu` VALUES (118, 'Implementation Plan (BM)', 'implementation-plan-bm', '1', 'circle', NULL, 125, '2022-01-06 10:59:27', '2022-06-02 15:36:30', 7, NULL, NULL, NULL, NULL, 29, NULL, 1);
INSERT INTO `m_menu` VALUES (119, 'Appointment Decree (PresDir)', 'appointment-decree-presdir', '1', 'circle', NULL, 68, '2022-01-26 11:42:38', '2022-01-26 11:42:38', 13, NULL, NULL, NULL, NULL, 42, NULL, 1);
INSERT INTO `m_menu` VALUES (120, 'NIP Submission (BM)', 'nip-submission-bm', '1', 'circle', NULL, 124, '2022-01-29 08:57:37', '2022-02-07 07:51:35', 23, NULL, NULL, NULL, NULL, 43, NULL, 1);
INSERT INTO `m_menu` VALUES (121, 'NIP Submission (Dir.HRD)', 'nip-submission-dir-hrd', '1', 'circle', NULL, 124, '2022-01-29 09:02:04', '2022-02-07 07:50:45', 24, NULL, NULL, NULL, NULL, 44, NULL, 1);
INSERT INTO `m_menu` VALUES (122, 'NIP Submission (PressDir)', 'nip-submission-pressdir', '1', 'circle', NULL, 124, '2022-01-29 09:12:52', '2022-02-07 07:51:16', 26, NULL, NULL, NULL, NULL, 45, NULL, 1);
INSERT INTO `m_menu` VALUES (123, 'Letter Of NIP Submission (Dir.HRD)', 'letter-of-nip-submission-dir-hrd', '1', 'circle', NULL, 124, '2022-01-31 11:33:50', '2022-02-07 07:52:11', 25, NULL, NULL, NULL, NULL, 46, NULL, 1);
INSERT INTO `m_menu` VALUES (124, 'Final Approval', 'final-approval', '1', 'user', NULL, NULL, '2022-02-07 07:42:23', '2022-02-07 07:42:23', 5, NULL, NULL, NULL, NULL, NULL, NULL, 1);
INSERT INTO `m_menu` VALUES (125, 'Education, Training & Achievement', 'education,-training-&-achievement', '1', 'list', NULL, NULL, '2022-02-09 14:51:25', '2022-02-15 09:25:07', 8, NULL, NULL, NULL, NULL, NULL, NULL, 1);
INSERT INTO `m_menu` VALUES (126, 'Permanent Employee Recommendation (HRD)', 'permanent-employee-recommendation-hrd', '1', 'circle', NULL, 68, '2022-02-11 08:36:04', '2022-02-11 08:36:04', 8, NULL, NULL, NULL, NULL, 47, 'T_training_evaluation', 1);
INSERT INTO `m_menu` VALUES (127, 'Work Performance Appraisal', 'work-performance-appraisal', '1', 'book', NULL, NULL, '2022-02-15 09:25:02', '2022-02-15 09:25:02', 6, NULL, NULL, NULL, NULL, NULL, NULL, 1);
INSERT INTO `m_menu` VALUES (128, 'Appraisal Submission', 'appraisal-submission', '1', 'circle', NULL, 127, '2022-02-15 09:26:44', '2022-02-15 09:28:31', 1, NULL, NULL, NULL, NULL, NULL, NULL, 1);
INSERT INTO `m_menu` VALUES (129, 'Appraisal Package', 'appraisal-package', '1', 'circle', NULL, 1, '2022-02-15 13:27:30', '2022-02-17 13:47:11', 10, NULL, NULL, NULL, NULL, NULL, NULL, 1);
INSERT INTO `m_menu` VALUES (130, 'Performance Variable', 'performance-variable', '1', 'circle', NULL, 1, '2022-02-17 13:45:52', '2022-02-17 13:49:36', 7, NULL, NULL, NULL, NULL, NULL, NULL, 1);
INSERT INTO `m_menu` VALUES (131, 'KPI Package', 'kpi-package', '1', 'circle', NULL, 1, '2022-02-18 11:12:36', '2022-02-18 11:12:36', 8, NULL, NULL, NULL, NULL, NULL, NULL, 1);
INSERT INTO `m_menu` VALUES (132, 'Unit', 'unit', '1', 'circle', NULL, 1, '2022-02-19 11:43:11', '2022-02-19 11:43:11', 6, NULL, NULL, NULL, NULL, NULL, NULL, 1);
INSERT INTO `m_menu` VALUES (133, 'KPI', 'kpi', '1', 'circle', NULL, 69, '2022-02-19 12:56:55', '2022-02-21 09:17:34', 1, NULL, NULL, NULL, NULL, 48, NULL, 1);
INSERT INTO `m_menu` VALUES (134, 'KPI Verification (Mngr)', 'kpi-verification-mngr', '1', 'circle', NULL, 69, '2022-02-19 12:57:41', '2022-02-23 08:54:37', 3, NULL, NULL, NULL, NULL, 49, NULL, 1);
INSERT INTO `m_menu` VALUES (135, 'KPI Verification (BM)', 'kpi-verification-bm', '1', 'circle', NULL, 69, '2022-02-19 12:58:29', '2022-02-23 08:54:48', 4, NULL, NULL, NULL, NULL, 50, NULL, 1);
INSERT INTO `m_menu` VALUES (136, 'KPI module', 'kpi-module', '1', 'circle', NULL, 69, '2022-02-23 08:54:20', '2022-02-23 08:54:20', 2, NULL, NULL, NULL, NULL, NULL, NULL, 1);
INSERT INTO `m_menu` VALUES (137, 'Working Hour', 'working-hour', '1', 'circle', NULL, 1, '2022-02-06 20:19:12', '2022-02-06 20:19:12', 1, NULL, NULL, NULL, NULL, NULL, NULL, 1);
INSERT INTO `m_menu` VALUES (138, 'Working Hour Role', 'working-hour-role', '1', 'circle', NULL, 1, '2022-02-06 20:20:15', '2022-02-06 20:20:15', 2, NULL, NULL, NULL, NULL, NULL, NULL, 1);
INSERT INTO `m_menu` VALUES (139, 'Holiday', 'holiday', '1', 'circle', NULL, 1, '2022-02-06 20:22:20', '2022-03-21 08:08:11', 6, NULL, NULL, NULL, NULL, NULL, NULL, 1);
INSERT INTO `m_menu` VALUES (140, 'Fingerprint Device', 'fingerprint-device', '1', 'circle', NULL, 1, '2022-02-06 20:23:46', '2022-02-06 20:23:46', 4, NULL, NULL, NULL, NULL, NULL, NULL, 1);
INSERT INTO `m_menu` VALUES (141, 'Fingerprint Device Brand', 'fingerprint-device-brand', '1', 'circle', NULL, 1, '2022-02-06 20:23:46', '2022-03-21 08:09:33', 3, NULL, NULL, NULL, NULL, NULL, NULL, 1);
INSERT INTO `m_menu` VALUES (142, 'Attendance Data', 'attendance-data', '1', 'speaker', NULL, NULL, '2022-02-11 09:28:29', '2022-03-21 13:40:54', 7, NULL, NULL, NULL, NULL, NULL, NULL, 1);
INSERT INTO `m_menu` VALUES (143, 'Roster Schedule', 'roster-schedule', '1', 'circle', NULL, 142, '2022-02-11 09:30:07', '2022-02-11 09:28:29', 1, NULL, NULL, NULL, NULL, NULL, NULL, 1);
INSERT INTO `m_menu` VALUES (144, 'Roster', 'roster', '1', 'circle', NULL, 1, '2022-02-11 09:30:47', '2022-03-21 08:09:52', 5, NULL, NULL, NULL, NULL, NULL, NULL, 1);
INSERT INTO `m_menu` VALUES (145, 'Monitoring', 'monitoring', '1', 'monitor', NULL, NULL, '2022-03-01 14:20:12', '2022-03-21 13:43:24', 8, NULL, NULL, NULL, NULL, NULL, NULL, 1);
INSERT INTO `m_menu` VALUES (146, 'Device Data', 'device-data', '1', 'circle', NULL, 145, '2022-03-01 14:21:21', '2022-03-07 10:09:01', 1, NULL, NULL, NULL, NULL, NULL, NULL, 1);
INSERT INTO `m_menu` VALUES (147, 'Assessment Submission', 'assessment-submission', '1', 'circle', NULL, 71, '2022-03-02 11:29:43', '2022-03-02 11:31:32', 1, NULL, NULL, NULL, NULL, NULL, NULL, 1);
INSERT INTO `m_menu` VALUES (149, 'Leave Submission', 'leave-submission', '1', 'circle', NULL, 148, '2022-03-02 07:09:29', '2022-03-02 07:11:35', 1, NULL, NULL, NULL, NULL, 57, NULL, 1);
INSERT INTO `m_menu` VALUES (148, 'Leave Permit', 'leave-permit', '1', 'edit', NULL, NULL, '2022-03-02 07:10:44', '2022-04-22 07:58:30', 5, NULL, NULL, NULL, NULL, NULL, NULL, 1);
INSERT INTO `m_menu` VALUES (150, 'Employee Attendance Permit', 'employee-attendance-permit', '1', 'edit', NULL, NULL, '2022-03-02 07:13:19', '2022-03-21 13:41:48', 3, NULL, NULL, NULL, NULL, NULL, NULL, 1);
INSERT INTO `m_menu` VALUES (151, 'Shift Change Permit', 'shift-change-permit', '1', 'edit', NULL, NULL, '2022-03-02 07:14:23', '2022-03-21 13:42:08', 4, NULL, NULL, NULL, NULL, NULL, NULL, 1);
INSERT INTO `m_menu` VALUES (156, 'Shift Change Submission', 'shift-change-submission', '1', 'circle', NULL, 151, '2022-03-05 07:38:28', '2022-03-09 09:04:35', 1, NULL, NULL, NULL, NULL, 67, NULL, 1);
INSERT INTO `m_menu` VALUES (152, 'Overtime Work Order', 'overtime-work-order', '1', 'edit', NULL, NULL, '2022-03-02 07:16:15', '2022-04-22 08:04:38', 6, NULL, NULL, NULL, NULL, NULL, NULL, 1);
INSERT INTO `m_menu` VALUES (157, 'Overtime Submission (MGR)', 'overtime-submission-mgr', '1', 'circle', NULL, 152, '2022-03-05 07:39:31', '2022-06-02 15:34:01', 1, NULL, NULL, NULL, NULL, 72, NULL, 1);
INSERT INTO `m_menu` VALUES (154, 'Setting Holiday', 'setting-holiday', '1', 'circle', NULL, 142, '2022-03-04 13:49:37', '2022-03-04 13:49:37', 2, NULL, NULL, NULL, NULL, NULL, NULL, 1);
INSERT INTO `m_menu` VALUES (155, 'Permit Submission', 'permit-submission', '1', 'circle', NULL, 150, '2022-03-05 07:37:06', '2022-03-08 09:32:46', 1, NULL, NULL, NULL, NULL, 62, NULL, 1);
INSERT INTO `m_menu` VALUES (174, 'Employee Mapping', 'employee-mapping', '1', 'circle', NULL, 142, '2022-03-10 14:01:59', '2022-03-10 14:01:59', 4, NULL, NULL, NULL, NULL, NULL, NULL, 1);
INSERT INTO `m_menu` VALUES (158, 'Verification Leave Submission (MGR)', 'verification-leave-submission-mgr', '1', 'circle', NULL, 148, '2022-03-05 07:52:19', '2022-06-02 15:36:44', 2, NULL, NULL, NULL, NULL, 58, NULL, 1);
INSERT INTO `m_menu` VALUES (159, 'Verification Leave Submission (HRD)', 'verification-leave-submission-hrd', '1', 'circle', NULL, 148, '2022-03-05 07:53:46', '2022-03-07 13:38:46', 3, NULL, NULL, NULL, NULL, 59, NULL, 1);
INSERT INTO `m_menu` VALUES (160, 'Verification Leave Submission (BM)', 'verification-leave-submission-bm', '1', 'circle', NULL, 148, '2022-03-05 07:54:34', '2022-06-02 15:36:16', 4, NULL, NULL, NULL, NULL, 60, NULL, 1);
INSERT INTO `m_menu` VALUES (161, 'Verification Assessment Submission (HRD)', 'verification-assessment-submission-hrd', '1', 'circle', NULL, 71, '2022-03-07 07:52:15', '2022-03-07 07:53:21', 2, NULL, NULL, NULL, NULL, 53, NULL, 1);
INSERT INTO `m_menu` VALUES (162, 'Device Data Log', 'device-data-log', '1', 'circle', NULL, 145, '2022-03-07 09:51:44', '2022-03-07 10:28:41', 2, NULL, NULL, NULL, NULL, NULL, NULL, 1);
INSERT INTO `m_menu` VALUES (163, 'Annual Assessment Manager', 'annual-assessment-manager', '1', 'circle', NULL, 71, '2022-03-07 10:09:18', '2022-03-07 10:09:18', 3, NULL, NULL, NULL, NULL, 54, NULL, 1);
INSERT INTO `m_menu` VALUES (164, 'Finish Leave Submission', 'finish-leave-submission', '1', 'circle', NULL, 148, '2022-03-07 13:40:30', '2022-03-07 13:40:30', 5, NULL, NULL, NULL, NULL, 61, NULL, 1);
INSERT INTO `m_menu` VALUES (165, 'Employee Working Role', 'employee-working-role', '1', 'circle', NULL, 142, '2022-03-07 13:56:16', '2022-03-10 08:09:54', 3, NULL, NULL, NULL, NULL, NULL, NULL, 1);
INSERT INTO `m_menu` VALUES (166, 'Verification Permit Submission (MGR)', 'verification-permit-submission-mgr', '1', 'circle', NULL, 150, '2022-03-08 09:41:46', '2022-06-02 15:37:01', 2, NULL, NULL, NULL, NULL, 63, NULL, 1);
INSERT INTO `m_menu` VALUES (167, 'Verification Permit Submission (HRD)', 'verification-permit-submission-hrd', '1', 'circle', NULL, 150, '2022-03-08 09:42:17', '2022-03-08 09:42:17', 3, NULL, NULL, NULL, NULL, 64, NULL, 1);
INSERT INTO `m_menu` VALUES (168, 'Verification Permit Submission (BM)', 'verification-permit-submission-bm', '1', 'circle', NULL, 150, '2022-03-08 09:42:54', '2022-06-02 15:34:28', 4, NULL, NULL, NULL, NULL, 65, NULL, 1);
INSERT INTO `m_menu` VALUES (169, 'Finish Permit Submission', 'finish-permit-submission', '1', 'circle', NULL, 150, '2022-03-08 09:43:45', '2022-03-08 09:43:45', 5, NULL, NULL, NULL, NULL, 66, NULL, 1);
INSERT INTO `m_menu` VALUES (170, 'Verification Shift Change Submission (MGR)', 'verification-shift-change-submission-mgr', '1', 'circle', NULL, 151, '2022-03-09 09:06:26', '2022-06-02 15:36:02', 3, NULL, NULL, NULL, NULL, 69, NULL, 1);
INSERT INTO `m_menu` VALUES (171, 'Approval (Substitute Employee)', 'approval-substitute-employee', '1', 'circle', NULL, 151, '2022-03-09 09:12:43', '2022-06-02 08:32:18', 2, NULL, NULL, NULL, NULL, 68, NULL, 1);
INSERT INTO `m_menu` VALUES (172, 'Finish Shift Change Submission', 'finish-shift-change-submission', '1', 'circle', NULL, 151, '2022-03-09 11:44:40', '2022-03-10 07:20:50', 5, NULL, NULL, NULL, NULL, 71, NULL, 1);
INSERT INTO `m_menu` VALUES (173, 'Verification Shift Change Submission (HRD)', 'verification-shift-change-submission-hrd', '1', 'circle', NULL, 151, '2022-03-10 07:20:37', '2022-03-10 07:20:37', 4, NULL, NULL, NULL, NULL, 70, NULL, 1);
INSERT INTO `m_menu` VALUES (175, 'Permit Categories', 'permit-categories', '1', 'circle', NULL, 1, '2022-03-11 07:21:28', '2022-03-11 07:23:02', 11, NULL, NULL, NULL, NULL, NULL, NULL, 1);
INSERT INTO `m_menu` VALUES (176, 'Employee Division  Log', 'employee-division-log', '1', 'circle', NULL, 142, '2022-03-11 23:45:23', '2022-03-11 23:45:23', 5, NULL, NULL, NULL, NULL, NULL, NULL, 1);
INSERT INTO `m_menu` VALUES (177, 'Approval Overtime (MGR)', 'approval-overtime-mgr', '1', 'circle', NULL, 152, '2022-03-12 10:43:07', '2022-06-02 15:33:48', 2, NULL, NULL, NULL, NULL, 73, NULL, 1);
INSERT INTO `m_menu` VALUES (178, 'Verification Overtime (BM)', 'verification-overtime-bm', '1', 'circle', NULL, 152, '2022-03-12 11:20:21', '2022-06-02 15:30:37', 3, NULL, NULL, NULL, NULL, 74, NULL, 1);
INSERT INTO `m_menu` VALUES (179, 'Verification Overtime (HRD)', 'verification-overtime-hrd', '1', 'circle', NULL, 152, '2022-03-12 11:20:52', '2022-06-02 15:24:00', 4, NULL, NULL, NULL, NULL, 75, NULL, 1);
INSERT INTO `m_menu` VALUES (180, 'Print Overtime (HRD)', 'print-overtime-hrd', '1', 'circle', NULL, 152, '2022-03-12 11:21:37', '2022-06-02 15:25:56', 5, NULL, NULL, NULL, NULL, 76, NULL, 1);
INSERT INTO `m_menu` VALUES (181, 'Employee Objections', 'employee-objections', '1', 'circle', NULL, 71, '2022-03-14 14:10:50', '2022-03-14 14:10:50', 4, NULL, NULL, NULL, NULL, 35, NULL, 1);
INSERT INTO `m_menu` VALUES (182, 'Generate Attendance', 'generate-attendance', '1', 'circle', NULL, 142, '2022-03-15 07:09:37', '2022-03-15 07:09:37', 6, NULL, NULL, NULL, NULL, NULL, NULL, 1);
INSERT INTO `m_menu` VALUES (183, 'Letter Of Assignment', 'letter-of-assignment', '1', 'users', NULL, NULL, '2022-03-15 08:42:06', '2022-03-15 09:42:50', 8, NULL, NULL, NULL, NULL, NULL, NULL, 1);
INSERT INTO `m_menu` VALUES (184, 'Employee Assignment', 'employee-assignment', '1', 'circle', NULL, 183, '2022-03-15 09:43:15', '2022-03-16 11:25:46', 1, NULL, NULL, NULL, NULL, NULL, NULL, 1);
INSERT INTO `m_menu` VALUES (185, 'Annual Assessment Verification (HRD)', 'annual-assessment-verification-hrd', '1', 'circle', NULL, 71, '2022-03-15 14:54:41', '2022-03-16 08:50:17', 6, NULL, NULL, NULL, NULL, 55, NULL, 1);
INSERT INTO `m_menu` VALUES (186, 'Final Assessment', 'final-assessment', '1', 'circle', NULL, 71, '2022-03-16 08:32:03', '2022-03-16 08:50:33', 7, NULL, NULL, NULL, NULL, 37, NULL, 1);
INSERT INTO `m_menu` VALUES (187, 'Annual Assessment Response (Mngr)', 'annual-assessment-response-mngr', '1', 'circle', NULL, 71, '2022-03-16 08:50:02', '2022-03-16 08:50:02', 5, NULL, NULL, NULL, NULL, 36, NULL, 1);
INSERT INTO `m_menu` VALUES (188, 'Assessment Result (HRD)', 'assessment-result-hrd', '1', 'circle', NULL, 71, '2022-03-16 10:41:30', '2022-03-16 10:41:30', 8, NULL, NULL, NULL, NULL, 56, NULL, 1);
INSERT INTO `m_menu` VALUES (189, 'Permit Categories Details', 'permit-categories-details', '1', 'circle', NULL, 1, '2022-03-17 11:05:33', '2022-03-17 11:05:33', 13, NULL, NULL, NULL, NULL, NULL, NULL, 1);
INSERT INTO `m_menu` VALUES (190, 'Employee Attendance', 'employee-attendance', '1', 'circle', NULL, 41, '2022-03-18 13:15:12', '2022-03-18 13:52:54', 1, NULL, NULL, NULL, NULL, NULL, NULL, 1);
INSERT INTO `m_menu` VALUES (191, 'Employee Branch Log', 'employee-branch-log', '1', 'circle', NULL, 142, '2022-03-23 23:59:45', '2022-03-23 23:59:45', 6, NULL, NULL, NULL, NULL, NULL, NULL, 1);
INSERT INTO `m_menu` VALUES (192, 'Annual Assessment (BM)', 'annual-assessment-bm', '1', 'circle', NULL, 71, '2022-03-25 11:06:23', '2022-03-25 11:06:23', 3, NULL, NULL, NULL, NULL, 77, NULL, 1);
INSERT INTO `m_menu` VALUES (193, 'Document Control', 'document-control', '1', 'circle', NULL, 77, '2022-03-26 11:56:27', '2022-03-28 09:12:52', 1, NULL, NULL, NULL, NULL, NULL, NULL, 1);
INSERT INTO `m_menu` VALUES (194, 'Travel Management', 'travel-management', '1', 'send', NULL, NULL, '2022-03-31 10:10:12', '2022-04-22 13:42:08', 2, NULL, NULL, NULL, NULL, NULL, NULL, 1);
INSERT INTO `m_menu` VALUES (195, 'Business Trip', 'business-trip', '1', 'circle', NULL, 194, '2022-03-31 10:12:09', '2022-03-31 10:12:09', 1, NULL, NULL, NULL, NULL, 78, NULL, 1);
INSERT INTO `m_menu` VALUES (196, 'Assigned  Employee', 'assigned-employee', '1', 'circle', NULL, 194, '2022-04-01 08:17:27', '2022-04-01 08:17:27', 2, NULL, NULL, NULL, NULL, 79, NULL, 1);
INSERT INTO `m_menu` VALUES (197, 'Verification Business Trip (Dir. Keu / BM)', 'verification-business-trip-dir-keu-or-bm', '1', 'circle', NULL, 194, '2022-04-02 07:31:14', '2022-06-02 15:35:43', 3, NULL, NULL, NULL, NULL, 80, NULL, 1);
INSERT INTO `m_menu` VALUES (198, 'Verification Business Trip (BM Target)', 'verification-business-trip-bm-target', '1', 'circle', NULL, 194, '2022-04-02 07:31:52', '2022-06-02 15:37:19', 4, NULL, NULL, NULL, NULL, 81, NULL, 1);
INSERT INTO `m_menu` VALUES (199, 'Recap Branch Attendance', 'recap-branch-attendance', '1', 'circle', NULL, 41, '2022-04-05 09:56:33', '2022-04-05 09:56:33', 2, NULL, NULL, NULL, NULL, NULL, NULL, 1);
INSERT INTO `m_menu` VALUES (200, 'Extra Cost', 'extra-cost', '1', 'dollar-sign', NULL, NULL, '2022-04-05 07:36:35', '2022-04-05 08:15:56', 3, NULL, NULL, NULL, NULL, NULL, NULL, 1);
INSERT INTO `m_menu` VALUES (201, 'Submission Extra Cost', 'submission-extra-cost', '1', 'circle', NULL, 200, '2022-04-05 07:37:11', '2022-04-05 08:15:32', 1, NULL, NULL, NULL, NULL, 84, NULL, 1);
INSERT INTO `m_menu` VALUES (202, 'Verification Extra Cost', 'verification-extra-cost', '1', 'circle', NULL, 200, '2022-04-05 07:38:05', '2022-04-05 08:15:04', 2, NULL, NULL, NULL, NULL, 85, NULL, 1);
INSERT INTO `m_menu` VALUES (203, 'Verification Extra Cost (Dir. Keu / BM)', 'verification-extra-cost-dir-keu-or-bm', '1', 'circle', NULL, 200, '2022-04-07 09:30:44', '2022-06-02 15:35:17', 3, NULL, NULL, NULL, NULL, 86, NULL, 1);
INSERT INTO `m_menu` VALUES (204, 'General Affair Documents', 'general-affair-documents', '1', 'circle', NULL, 41, '2022-04-20 08:42:08', NULL, 1, NULL, NULL, NULL, NULL, NULL, NULL, 1);
INSERT INTO `m_menu` VALUES (205, 'Component', 'component', '1', 'circle', NULL, 1, '2022-04-20 08:43:19', '2022-04-20 09:16:52', 15, NULL, NULL, NULL, NULL, NULL, NULL, 1);
INSERT INTO `m_menu` VALUES (208, 'Basic Salary', 'basic-salary', '1', 'circle', NULL, 1, '2022-04-20 09:18:46', '2022-04-20 09:18:46', 18, NULL, NULL, NULL, NULL, NULL, NULL, 1);
INSERT INTO `m_menu` VALUES (206, 'Region', 'region', '1', 'circle', NULL, 1, '2022-04-20 09:14:20', '2022-04-20 09:14:20', 16, NULL, NULL, NULL, NULL, NULL, NULL, 1);
INSERT INTO `m_menu` VALUES (207, 'Class', 'class', '1', 'circle', NULL, 1, '2022-04-20 09:14:50', '2022-04-20 09:14:50', 17, NULL, NULL, NULL, NULL, NULL, NULL, 1);
INSERT INTO `m_menu` VALUES (209, 'Allowance Profession', 'allowance-profession', '1', 'circle', NULL, 1, '2022-04-20 23:03:16', '2022-04-20 23:03:16', 19, NULL, NULL, NULL, NULL, NULL, NULL, 1);
INSERT INTO `m_menu` VALUES (210, 'Allowance Position', 'allowance-position', '1', 'circle', NULL, 1, '2022-04-20 23:03:16', '2022-04-20 23:03:16', 20, NULL, NULL, NULL, NULL, NULL, NULL, 1);
INSERT INTO `m_menu` VALUES (211, 'Other Benefit', 'other-benefit', '1', 'circle', NULL, 1, '2022-04-22 07:39:24', '2022-04-22 07:39:24', 18, NULL, NULL, NULL, NULL, NULL, NULL, 1);
INSERT INTO `m_menu` VALUES (212, 'Setting KPI', 'setting-kpi', '1', 'circle', NULL, 1, '2022-04-23 07:46:43', '2022-04-23 07:46:43', 19, NULL, NULL, NULL, NULL, NULL, NULL, 1);
INSERT INTO `m_menu` VALUES (213, 'Cashier Business Trip', 'cashier-business-trip', '1', 'circle', NULL, 194, '2022-04-25 10:44:04', '2022-04-25 10:44:04', 4, NULL, NULL, NULL, NULL, NULL, NULL, 1);
INSERT INTO `m_menu` VALUES (214, 'Allowance Meal', 'allowance-meal', '1', 'circle', NULL, 1, '2022-04-28 08:54:39', '2022-04-28 08:54:39', 19, NULL, NULL, NULL, NULL, NULL, NULL, 1);
INSERT INTO `m_menu` VALUES (215, 'Loan Submission', 'loan-submission', '1', 'circle', NULL, 224, '2022-05-05 11:14:54', '2022-06-04 07:40:07', 1, NULL, NULL, NULL, NULL, NULL, NULL, 1);
INSERT INTO `m_menu` VALUES (216, 'Payroll Data', 'payroll-data', '1', 'credit-card', NULL, NULL, '2022-05-06 07:36:54', '2022-05-06 07:40:34', 3, NULL, NULL, NULL, NULL, NULL, NULL, 1);
INSERT INTO `m_menu` VALUES (217, 'Generate Payroll', 'generate-payroll', '1', 'circle', NULL, 216, '2022-05-06 07:38:23', '2022-05-06 07:38:23', 1, NULL, NULL, NULL, NULL, NULL, NULL, 1);
INSERT INTO `m_menu` VALUES (218, 'Employee Working Role Group', 'employee-working-role-group', '1', 'circle', NULL, 142, '2022-05-09 13:34:36', '2022-05-19 14:12:19', 10, NULL, NULL, NULL, NULL, NULL, NULL, 1);
INSERT INTO `m_menu` VALUES (224, 'Loan', 'loan', '1', 'credit-card', NULL, NULL, '2022-06-04 07:39:19', '2022-06-04 07:39:19', 5, NULL, NULL, NULL, NULL, NULL, NULL, 1);
INSERT INTO `m_menu` VALUES (219, 'Employee Salary', 'employee-salary', '1', 'circle', NULL, 221, '2022-05-13 09:02:58', '2022-05-25 08:17:47', 2, NULL, NULL, NULL, NULL, NULL, NULL, 1);
INSERT INTO `m_menu` VALUES (220, 'Employee Payroll', 'employee-payroll', '1', 'circle', NULL, 216, '2022-05-13 10:01:45', '2022-05-25 08:58:08', 1, NULL, NULL, NULL, NULL, NULL, NULL, 1);
INSERT INTO `m_menu` VALUES (221, 'Monitoring Payroll', 'monitoring-payroll', '1', 'monitor', NULL, NULL, '2022-05-25 08:15:36', '2022-05-25 08:16:12', 4, NULL, NULL, NULL, NULL, NULL, NULL, 1);
INSERT INTO `m_menu` VALUES (222, 'Employee Payroll', 'employee-payroll', '1', 'circle', NULL, 41, '2022-05-13 10:01:45', '2022-05-13 10:01:45', 1, NULL, NULL, NULL, NULL, NULL, NULL, 1);
INSERT INTO `m_menu` VALUES (223, 'Overtime per Employee', 'overtime-per-employee', '1', 'circle', NULL, 152, '2022-05-31 13:32:09', '2022-06-02 15:27:24', 7, NULL, NULL, NULL, NULL, 89, NULL, 1);
INSERT INTO `m_menu` VALUES (225, 'Attendance Adjustment', 'attendance-adjustment', '1', 'watch', NULL, NULL, '2022-06-06 08:14:23', '2022-06-06 08:14:23', 9, NULL, NULL, NULL, NULL, NULL, NULL, 1);
INSERT INTO `m_menu` VALUES (226, 'Range BPJS', 'range-bpjs', '1', 'circle', NULL, 1, '2022-06-06 09:08:42', '2022-06-06 09:50:43', 21, NULL, NULL, NULL, NULL, NULL, NULL, 1);
INSERT INTO `m_menu` VALUES (227, 'Adjustment Submission', 'adjustment-submission', '1', 'circle', NULL, 225, '2022-06-07 08:00:13', '2022-06-07 08:00:13', 1, NULL, NULL, NULL, NULL, NULL, NULL, 1);
INSERT INTO `m_menu` VALUES (228, 'Adjustment Verification (Mngr)', 'adjustment-verification-mngr', '1', 'circle', NULL, 225, '2022-06-08 10:59:48', '2022-06-08 10:59:48', 2, NULL, NULL, NULL, NULL, 91, NULL, 1);
INSERT INTO `m_menu` VALUES (229, 'Adjustment Verification (BM)', 'adjustment-verification-bm', '1', 'circle', NULL, 225, '2022-06-08 13:38:43', '2022-06-08 13:38:43', 3, NULL, NULL, NULL, NULL, 92, NULL, 1);

-- ----------------------------
-- Table structure for m_menu_bo
-- ----------------------------
DROP TABLE IF EXISTS `m_menu_bo`;
CREATE TABLE `m_menu_bo`  (
  `id_m_menu_bo` int(11) NOT NULL,
  `nm_menu_bo` varchar(100) CHARACTER SET utf8mb4 COLLATE utf8mb4_unicode_ci NOT NULL,
  `aktif` varchar(1) CHARACTER SET utf8mb4 COLLATE utf8mb4_unicode_ci NOT NULL,
  `icon` varchar(50) CHARACTER SET utf8mb4 COLLATE utf8mb4_unicode_ci NOT NULL,
  `route` varchar(100) CHARACTER SET utf8mb4 COLLATE utf8mb4_unicode_ci NULL DEFAULT NULL,
  `id_parent` int(11) NULL DEFAULT NULL,
  `created_at` timestamp(0) NOT NULL DEFAULT CURRENT_TIMESTAMP(0),
  `updated_at` timestamp(0) NULL DEFAULT NULL,
  `order_m_menu_bo` int(11) NULL DEFAULT NULL,
  `head_title` varchar(50) CHARACTER SET utf8mb4 COLLATE utf8mb4_unicode_ci NULL DEFAULT NULL,
  `page_title` varchar(50) CHARACTER SET utf8mb4 COLLATE utf8mb4_unicode_ci NULL DEFAULT NULL,
  `parent_menu_active` varchar(50) CHARACTER SET utf8mb4 COLLATE utf8mb4_unicode_ci NULL DEFAULT NULL,
  `child_menu_active` varchar(50) CHARACTER SET utf8mb4 COLLATE utf8mb4_unicode_ci NULL DEFAULT NULL,
  `id_m_process` int(11) NULL DEFAULT NULL,
  `note_m_menu_bo` varchar(150) CHARACTER SET utf8mb4 COLLATE utf8mb4_unicode_ci NULL DEFAULT NULL,
  PRIMARY KEY (`id_m_menu_bo`) USING BTREE
) ENGINE = MyISAM CHARACTER SET = utf8mb4 COLLATE = utf8mb4_unicode_ci ROW_FORMAT = Dynamic;

-- ----------------------------
-- Records of m_menu_bo
-- ----------------------------
INSERT INTO `m_menu_bo` VALUES (4, 'User Group BO', '1', 'circle', 'admin.m_user_group_bo.index', 1, '2021-07-31 19:36:01', '2022-03-21 08:07:12', 101, NULL, NULL, NULL, NULL, NULL, NULL);
INSERT INTO `m_menu_bo` VALUES (3, 'Admin Menu BO', '1', 'circle', 'admin.m_menu_bo.index', 1, '2021-07-31 19:36:01', '2022-03-21 08:07:00', 103, NULL, NULL, NULL, NULL, NULL, NULL);
INSERT INTO `m_menu_bo` VALUES (2, 'User', '1', 'circle', NULL, 1, '2021-07-31 19:36:01', '2022-03-21 08:06:32', 98, NULL, NULL, NULL, NULL, NULL, NULL);
INSERT INTO `m_menu_bo` VALUES (1, 'Master Data', '1', 'database', NULL, NULL, '2021-07-31 19:36:01', NULL, 1, NULL, NULL, NULL, NULL, NULL, NULL);
INSERT INTO `m_menu_bo` VALUES (6, 'Content Data', '1', 'circle', 'admin.t_content.index', 5, '2022-06-10 14:26:06', NULL, 3, NULL, NULL, NULL, NULL, NULL, NULL);
INSERT INTO `m_menu_bo` VALUES (5, 'Content Management', '1', 'book-open', NULL, NULL, '2022-06-08 13:38:43', '2022-06-08 13:38:43', 2, NULL, NULL, NULL, NULL, NULL, NULL);
INSERT INTO `m_menu_bo` VALUES (8, 'User Group FO', '1', 'circle', 'admin.m_user_group.index', 1, '2022-06-18 10:13:41', NULL, 100, NULL, NULL, NULL, NULL, NULL, NULL);
INSERT INTO `m_menu_bo` VALUES (7, 'Admin Menu FO', '1', 'circle', 'admin.m_menu_fo.index', 1, '2022-06-18 09:41:07', NULL, 102, NULL, NULL, NULL, NULL, NULL, NULL);

-- ----------------------------
-- Table structure for m_module
-- ----------------------------
DROP TABLE IF EXISTS `m_module`;
CREATE TABLE `m_module`  (
  `id_m_module` int(11) NOT NULL,
  `id_m_app` int(14) NULL DEFAULT NULL,
  `nm_m_module` varchar(60) CHARACTER SET latin1 COLLATE latin1_swedish_ci NULL DEFAULT NULL,
  `category_m_module` varchar(40) CHARACTER SET latin1 COLLATE latin1_swedish_ci NULL DEFAULT NULL,
  `created_at` timestamp(0) NULL DEFAULT CURRENT_TIMESTAMP(0),
  `updated_at` timestamp(0) NULL DEFAULT NULL,
  `deleted_at` timestamp(0) NULL DEFAULT NULL,
  `icon_m_module` varchar(255) CHARACTER SET latin1 COLLATE latin1_swedish_ci NULL DEFAULT NULL,
  `active_m_module` varchar(15) CHARACTER SET latin1 COLLATE latin1_swedish_ci NULL DEFAULT NULL COMMENT 'ACTIVE, NON ACTIVE',
  `slug_m_module` varchar(255) CHARACTER SET latin1 COLLATE latin1_swedish_ci NULL DEFAULT NULL,
  `color_m_module` varchar(60) CHARACTER SET latin1 COLLATE latin1_swedish_ci NULL DEFAULT NULL,
  PRIMARY KEY (`id_m_module`) USING BTREE
) ENGINE = MyISAM CHARACTER SET = latin1 COLLATE = latin1_swedish_ci ROW_FORMAT = Dynamic;

-- ----------------------------
-- Records of m_module
-- ----------------------------
INSERT INTO `m_module` VALUES (2, 1, 'E-RECRUITMENT', 'PERSONNEL ADMINISTRATIONS', '2021-07-31 08:55:04', NULL, NULL, 'clipboard', 'ACTIVE', 'e-recruitment', 'success');
INSERT INTO `m_module` VALUES (3, 1, 'BENEFIT MANAGEMENT', 'PERSONNEL ADMINISTRATIONS', '2021-07-31 08:55:06', NULL, NULL, 'star', 'ACTIVE', 'benefit-management', 'warning');
INSERT INTO `m_module` VALUES (4, 1, 'TIME MANAGEMENT', 'PERSONNEL ADMINISTRATIONS', '2021-07-31 08:55:08', NULL, NULL, 'clock', 'ACTIVE', 'time-management', 'info');
INSERT INTO `m_module` VALUES (5, 1, 'PAYROLL MANAGEMENT', 'PERSONNEL ADMINISTRATIONS', '2021-07-31 08:55:08', NULL, NULL, 'dollar-sign', 'ACTIVE', 'payroll-management', 'primary');
INSERT INTO `m_module` VALUES (7, 1, 'DOCUMENT CONTROL', 'PERSONNEL ADMINISTRATIONS', '2021-07-31 08:55:09', NULL, NULL, 'file-text', 'ACTIVE', 'document-control', 'warning');
INSERT INTO `m_module` VALUES (6, 1, 'TRAVEL MANAGEMENT', 'PERSONNEL ADMINISTRATIONS', '2021-07-31 08:59:24', NULL, NULL, 'briefcase', 'ACTIVE', 'travel-management', 'success');
INSERT INTO `m_module` VALUES (9, 1, 'QUALIFICATIONS & REQUIREMENTS', 'PERSONNEL DEVELOPMENT', '2021-07-31 08:59:36', NULL, NULL, 'user-plus', 'ACTIVE', 'qualifications-requirements', 'primary');
INSERT INTO `m_module` VALUES (10, 1, 'APPRAISAL SYSTEM', 'PERSONNEL DEVELOPMENT', '2021-07-31 08:59:37', NULL, NULL, 'award', 'ACTIVE', 'appraisal-system', 'success');
INSERT INTO `m_module` VALUES (11, 1, 'DEVELOPMENT PLANS', 'PERSONNEL DEVELOPMENT', '2021-07-31 08:59:38', NULL, NULL, 'activity', 'ACTIVE', 'development-plans', 'warning');
INSERT INTO `m_module` VALUES (12, 1, 'CAREER & SUCCESSION PLANNING', 'PERSONNEL DEVELOPMENT', '2021-07-31 08:59:41', NULL, NULL, 'package', 'ACTIVE', 'career-succession-planning', 'info');
INSERT INTO `m_module` VALUES (8, 1, 'TRAINING & EVENT MANAGEMENT', 'PERSONNEL DEVELOPMENT', '2021-07-31 08:59:43', NULL, NULL, 'calendar', 'ACTIVE', 'training-event-management', 'info');
INSERT INTO `m_module` VALUES (1, 1, 'PERSONEL INFORMATION MANAGEMENT', 'ALL', '2021-08-03 09:23:44', NULL, NULL, 'user', 'ACTIVE', 'personel-information-management', 'primary');
INSERT INTO `m_module` VALUES (13, 1, 'SETTING', 'PERSONEL ADMINISTRATIONS', '2021-10-16 10:25:09', '2021-10-16 10:25:09', NULL, 'settings', 'ACTIVE', 'setting', 'danger');

-- ----------------------------
-- Table structure for m_token
-- ----------------------------
DROP TABLE IF EXISTS `m_token`;
CREATE TABLE `m_token`  (
  `id_m_token` varchar(255) CHARACTER SET latin1 COLLATE latin1_swedish_ci NOT NULL,
  `id_m_user_group` int(14) NULL DEFAULT NULL,
  `id_m_app` int(14) NULL DEFAULT NULL,
  `expired_at` datetime(0) NULL DEFAULT NULL,
  `created_at` datetime(0) NULL DEFAULT CURRENT_TIMESTAMP(0),
  `updated_at` datetime(0) NULL DEFAULT NULL,
  `deleted_at` datetime(0) NULL DEFAULT NULL,
  PRIMARY KEY (`id_m_token`) USING BTREE
) ENGINE = MyISAM CHARACTER SET = latin1 COLLATE = latin1_swedish_ci ROW_FORMAT = Dynamic;

-- ----------------------------
-- Records of m_token
-- ----------------------------
INSERT INTO `m_token` VALUES ('3ae5603c63b55572f24a4e8447b13e00', 1, 1, '2022-06-18 13:27:20', '2022-06-18 12:27:20', NULL, NULL);

-- ----------------------------
-- Table structure for m_user_bo
-- ----------------------------
DROP TABLE IF EXISTS `m_user_bo`;
CREATE TABLE `m_user_bo`  (
  `id_m_user_bo` int(11) NOT NULL,
  `username` varchar(40) CHARACTER SET utf8mb4 COLLATE utf8mb4_unicode_ci NOT NULL,
  `nm_user` varchar(100) CHARACTER SET utf8mb4 COLLATE utf8mb4_unicode_ci NOT NULL,
  `password` varchar(100) CHARACTER SET utf8mb4 COLLATE utf8mb4_unicode_ci NOT NULL,
  `id_m_user_group` bigint(20) UNSIGNED NOT NULL,
  `aktif` varchar(1) CHARACTER SET utf8mb4 COLLATE utf8mb4_unicode_ci NOT NULL,
  `last_login` timestamp(0) NULL DEFAULT NULL,
  `created_at` timestamp(0) NOT NULL DEFAULT CURRENT_TIMESTAMP(0),
  `updated_at` timestamp(0) NULL DEFAULT NULL,
  `status_verifikator` int(3) NULL DEFAULT NULL,
  PRIMARY KEY (`id_m_user_bo`) USING BTREE,
  INDEX `m_user_bo_id_m_user_group_foreign`(`id_m_user_group`) USING BTREE
) ENGINE = MyISAM CHARACTER SET = utf8mb4 COLLATE = utf8mb4_unicode_ci ROW_FORMAT = Dynamic;

-- ----------------------------
-- Records of m_user_bo
-- ----------------------------
INSERT INTO `m_user_bo` VALUES (1, 'admin', 'Developer', '$2y$10$GJLr1PgfQdJBib2URlN3QeQL4bMmny9BiPLMaWnxjWy7mB4rK77xa', 1, '1', '2022-06-18 09:16:10', '2021-07-31 19:36:01', '2022-06-18 09:16:10', 1);

-- ----------------------------
-- Table structure for m_user_group
-- ----------------------------
DROP TABLE IF EXISTS `m_user_group`;
CREATE TABLE `m_user_group`  (
  `id_m_user_group` int(11) NOT NULL,
  `nm_user_group` varchar(40) CHARACTER SET utf8mb4 COLLATE utf8mb4_unicode_ci NULL DEFAULT NULL,
  `is_active_m_user_group` varchar(1) CHARACTER SET utf8mb4 COLLATE utf8mb4_unicode_ci NOT NULL,
  `created_at` timestamp(0) NOT NULL DEFAULT CURRENT_TIMESTAMP(0),
  `updated_at` timestamp(0) NULL DEFAULT NULL,
  `id_m_app` int(14) NULL DEFAULT NULL,
  PRIMARY KEY (`id_m_user_group`) USING BTREE
) ENGINE = MyISAM CHARACTER SET = utf8mb4 COLLATE = utf8mb4_unicode_ci ROW_FORMAT = Dynamic;

-- ----------------------------
-- Records of m_user_group
-- ----------------------------
INSERT INTO `m_user_group` VALUES (4, 'Manager SDM Umum', '1', '2022-06-18 10:12:01', NULL, 1);
INSERT INTO `m_user_group` VALUES (1, 'developer', '1', '2022-06-18 10:12:01', NULL, 1);
INSERT INTO `m_user_group` VALUES (2, 'admin', '1', '2022-06-18 10:12:01', NULL, 1);
INSERT INTO `m_user_group` VALUES (3, 'Manager Keuangan', '1', '2022-06-18 10:12:01', NULL, 1);
INSERT INTO `m_user_group` VALUES (13, 'Presiden Direktur', '1', '2022-06-18 10:12:01', NULL, 1);
INSERT INTO `m_user_group` VALUES (12, 'Direktur IT', '1', '2022-06-18 10:12:01', NULL, 1);
INSERT INTO `m_user_group` VALUES (9, 'Manager Pemasaran', '1', '2022-06-18 10:12:01', NULL, 1);
INSERT INTO `m_user_group` VALUES (8, 'Manager Laboratorium', '1', '2022-06-18 10:12:01', NULL, 1);
INSERT INTO `m_user_group` VALUES (7, 'Kepala Cabang', '1', '2022-06-18 10:12:01', NULL, 1);
INSERT INTO `m_user_group` VALUES (6, 'Direktur SDM Umum', '1', '2022-06-18 10:12:01', NULL, 1);
INSERT INTO `m_user_group` VALUES (5, 'Manager Pelayanan', '1', '2022-06-18 10:12:01', NULL, 1);
INSERT INTO `m_user_group` VALUES (14, 'Staff', '1', '2022-06-18 10:12:01', NULL, 1);
INSERT INTO `m_user_group` VALUES (15, 'Kepala Cabang - Adm', '1', '2022-06-18 10:12:01', NULL, 1);
INSERT INTO `m_user_group` VALUES (16, 'Manager Mutu', '1', '2022-06-18 10:12:01', NULL, 1);

-- ----------------------------
-- Table structure for m_user_group_bo
-- ----------------------------
DROP TABLE IF EXISTS `m_user_group_bo`;
CREATE TABLE `m_user_group_bo`  (
  `id_m_user_group_bo` int(11) NOT NULL,
  `nm_user_group_bo` varchar(40) CHARACTER SET utf8mb4 COLLATE utf8mb4_unicode_ci NULL DEFAULT NULL,
  `is_active_m_user_group_bo` varchar(1) CHARACTER SET utf8mb4 COLLATE utf8mb4_unicode_ci NOT NULL,
  `created_at` timestamp(0) NOT NULL DEFAULT CURRENT_TIMESTAMP(0),
  `updated_at` timestamp(0) NULL DEFAULT NULL,
  PRIMARY KEY (`id_m_user_group_bo`) USING BTREE
) ENGINE = MyISAM CHARACTER SET = utf8mb4 COLLATE = utf8mb4_unicode_ci ROW_FORMAT = Dynamic;

-- ----------------------------
-- Records of m_user_group_bo
-- ----------------------------
INSERT INTO `m_user_group_bo` VALUES (2, 'Admin', '1', '2022-06-18 12:33:52', '2022-06-18 12:33:52');
INSERT INTO `m_user_group_bo` VALUES (1, 'developer', '1', '2021-07-31 19:36:01', '2022-06-18 11:44:47');

-- ----------------------------
-- Table structure for t_content
-- ----------------------------
DROP TABLE IF EXISTS `t_content`;
CREATE TABLE `t_content`  (
  `id_t_content` int(14) NOT NULL,
  `id_m_app` int(14) NULL DEFAULT NULL,
  `id_m_menu` int(14) NULL DEFAULT NULL,
  `id_m_user_bo` int(14) NULL DEFAULT NULL,
  `title_t_content` varchar(255) CHARACTER SET latin1 COLLATE latin1_swedish_ci NULL DEFAULT NULL,
  `subtitle_t_content` varchar(255) CHARACTER SET latin1 COLLATE latin1_swedish_ci NULL DEFAULT NULL,
  `is_active_t_content` int(1) NULL DEFAULT NULL,
  `created_at` datetime(0) NULL DEFAULT NULL,
  `updated_at` datetime(0) NULL DEFAULT NULL,
  `deleted_at` datetime(0) NULL DEFAULT NULL,
  PRIMARY KEY (`id_t_content`) USING BTREE
) ENGINE = MyISAM CHARACTER SET = latin1 COLLATE = latin1_swedish_ci ROW_FORMAT = Dynamic;

-- ----------------------------
-- Records of t_content
-- ----------------------------
INSERT INTO `t_content` VALUES (1, 1, 2, 1, 'User Data', 'User Data Management', NULL, '2022-06-11 08:29:54', '2022-06-17 08:34:59', '2022-06-17 08:34:59');
INSERT INTO `t_content` VALUES (2, 1, 146, 1, 'Device Data', 'Device Data', 1, '2022-06-11 11:33:09', '2022-06-14 08:54:25', NULL);
INSERT INTO `t_content` VALUES (3, 1, 137, 1, 'Working Hour', 'Working Hour', 1, '2022-06-14 08:03:16', '2022-06-14 08:03:16', NULL);
INSERT INTO `t_content` VALUES (6, 1, 166, 1, 'Verification Permit Submission Manager', 'Verification Permit Submission Manager', 1, '2022-06-14 09:51:21', '2022-06-14 09:51:21', NULL);
INSERT INTO `t_content` VALUES (4, 1, 138, 1, 'Working Hour Role', 'Working Hour Role', 1, '2022-06-14 08:46:15', '2022-06-14 08:46:15', NULL);
INSERT INTO `t_content` VALUES (5, 1, 155, 1, 'Permit Submission', 'Permit Submission', 1, '2022-06-14 09:15:54', '2022-06-14 09:15:54', NULL);
INSERT INTO `t_content` VALUES (7, 1, 167, 1, 'Verification Permit Submission HRD', 'Verification Permit Submission HRD', 1, '2022-06-14 10:21:02', '2022-06-14 10:21:02', NULL);
INSERT INTO `t_content` VALUES (8, 1, 168, 1, 'Verification Permit Submission BM', 'Verification Permit Submission BM', 1, '2022-06-14 10:27:26', '2022-06-14 10:27:26', NULL);
INSERT INTO `t_content` VALUES (9, 1, 169, 1, 'Finish Permit Submission', 'Finish Permit Submission', 1, '2022-06-14 10:33:57', '2022-06-14 10:33:57', NULL);
INSERT INTO `t_content` VALUES (10, 1, 156, 1, 'Shift Change Submission', 'Shift Change Submission', 1, '2022-06-14 10:40:06', '2022-06-14 10:40:06', NULL);
INSERT INTO `t_content` VALUES (11, 1, 171, 1, 'Approval Substitute Employee', 'Approval Substitute Employee', 1, '2022-06-14 10:51:39', '2022-06-14 10:51:39', NULL);
INSERT INTO `t_content` VALUES (12, 1, 170, 1, 'Verification Shift Change Manager', 'Verification Shift Change Manager', 1, '2022-06-14 11:01:11', '2022-06-14 11:01:11', NULL);
INSERT INTO `t_content` VALUES (13, 1, 173, 1, 'Verification Shift Change HRD', 'Verification Shift Change HRD', 1, '2022-06-14 11:10:33', '2022-06-14 11:10:33', NULL);
INSERT INTO `t_content` VALUES (14, 1, 172, 1, 'Finish Shift Change Submission', 'Finish Shift Change Submission', 1, '2022-06-14 11:21:43', '2022-06-14 11:21:43', NULL);
INSERT INTO `t_content` VALUES (15, 1, 149, 1, 'Leave Submission', 'Leave Submission', 1, '2022-06-14 12:57:48', '2022-06-14 12:57:48', NULL);
INSERT INTO `t_content` VALUES (16, 1, 158, 1, 'Verification Leave Submission Manager', 'Verification Leave Submission Manager', 1, '2022-06-14 13:09:35', '2022-06-14 13:09:35', NULL);
INSERT INTO `t_content` VALUES (17, 1, 159, 1, 'Verification Leave Submission HRD', 'Verification Leave Submission HRD', 1, '2022-06-14 13:23:40', '2022-06-14 13:23:40', NULL);
INSERT INTO `t_content` VALUES (18, 1, 160, 1, 'Verification Leave Submission BM', 'Verification Leave Submission BM', 1, '2022-06-14 13:30:02', '2022-06-14 13:30:02', NULL);
INSERT INTO `t_content` VALUES (19, 1, 164, 1, 'Finish Leave Submission', 'Finish Leave Submission', 1, '2022-06-14 13:35:15', '2022-06-14 13:35:15', NULL);
INSERT INTO `t_content` VALUES (20, 1, 157, 1, 'Overtime Submission Manager', 'Overtime Submission Manager', 1, '2022-06-14 13:40:03', '2022-06-14 13:40:03', NULL);
INSERT INTO `t_content` VALUES (21, 1, 177, 1, 'Approval Overtime Manager', 'Approval Overtime Manager', 1, '2022-06-14 14:00:11', '2022-06-14 14:00:11', NULL);
INSERT INTO `t_content` VALUES (22, 1, 178, 1, 'Verification Overtime BM', 'Verification Overtime BM', 1, '2022-06-14 14:08:57', '2022-06-14 14:08:57', NULL);
INSERT INTO `t_content` VALUES (23, 1, 179, 1, 'Verification Overtime HRD', 'Verification Overtime HRD', 1, '2022-06-14 14:14:48', '2022-06-14 14:14:48', NULL);
INSERT INTO `t_content` VALUES (24, 1, 180, 1, 'Print Overtime HRD', 'Print Overtime HRD', 1, '2022-06-14 14:21:20', '2022-06-14 14:21:20', NULL);
INSERT INTO `t_content` VALUES (25, 1, 223, 1, 'Overtime per Employee', 'Overtime per Employee', 1, '2022-06-14 14:25:18', '2022-06-14 14:25:18', NULL);
INSERT INTO `t_content` VALUES (26, 1, 141, 1, 'Fingerprint Device Brand', 'Fingerprint Device Brand', 1, '2022-06-15 08:04:15', '2022-06-15 08:04:15', NULL);
INSERT INTO `t_content` VALUES (27, 1, 140, 1, 'Fingerprint Device', 'Fingerprint Device', 1, '2022-06-15 09:17:11', '2022-06-15 09:17:11', NULL);
INSERT INTO `t_content` VALUES (28, 1, 144, 1, 'Roster', 'Roster', 1, '2022-06-15 09:29:06', '2022-06-15 09:29:06', NULL);
INSERT INTO `t_content` VALUES (29, 1, 139, 1, 'Holiday', 'Holiday', 1, '2022-06-15 09:43:06', '2022-06-15 09:43:06', NULL);
INSERT INTO `t_content` VALUES (30, 1, 175, 1, 'Permit Categories', 'Permit Categories', 1, '2022-06-15 09:59:04', '2022-06-15 09:59:04', NULL);
INSERT INTO `t_content` VALUES (31, 1, 189, 1, 'Permit Categories Details', 'Permit Categories Details', 1, '2022-06-15 10:14:27', '2022-06-15 10:14:27', NULL);
INSERT INTO `t_content` VALUES (32, 1, 1, 1, 'Master Data', 'Master Data', 1, '2022-06-15 10:31:38', '2022-06-15 10:31:38', NULL);
INSERT INTO `t_content` VALUES (33, 1, 150, 1, 'Employee Attendance Permit', 'Employee Attendance Permit', 1, '2022-06-15 10:33:39', '2022-06-15 10:33:39', NULL);
INSERT INTO `t_content` VALUES (34, 1, 151, 1, 'Shift Change Permit', 'Shift Change Permit', 1, '2022-06-15 10:35:38', '2022-06-15 10:35:38', NULL);
INSERT INTO `t_content` VALUES (35, 1, 148, 1, 'Leave Permit', 'Leave Permit', 1, '2022-06-15 10:37:01', '2022-06-15 10:37:01', NULL);
INSERT INTO `t_content` VALUES (36, 1, 152, 1, 'Overtime Work Order', 'Overtime Work Order', 1, '2022-06-15 10:38:33', '2022-06-15 10:38:33', NULL);
INSERT INTO `t_content` VALUES (37, 1, 142, 1, 'Attendance Data', 'Attendance Data', 1, '2022-06-15 10:43:35', '2022-06-15 10:43:35', NULL);
INSERT INTO `t_content` VALUES (38, 1, 143, 1, 'Roster Schedule', 'Roster Schedule', 1, '2022-06-15 10:49:26', '2022-06-15 10:49:26', NULL);
INSERT INTO `t_content` VALUES (39, 1, 165, 1, 'Employee Working Role', 'Employee Working Role', 1, '2022-06-15 11:11:45', '2022-06-15 11:11:45', NULL);
INSERT INTO `t_content` VALUES (40, 1, 174, 1, 'Employee Mapping', 'Employee Mapping', 1, '2022-06-15 11:38:28', '2022-06-15 11:38:28', NULL);
INSERT INTO `t_content` VALUES (41, 1, 182, 1, 'Generate Attendance', 'Generate Attendance', 1, '2022-06-15 11:51:54', '2022-06-15 11:51:54', NULL);
INSERT INTO `t_content` VALUES (42, 1, 218, 1, 'Employee Working Role Group', 'Employee Working Role Group', 1, '2022-06-15 13:03:54', '2022-06-15 13:03:54', NULL);
INSERT INTO `t_content` VALUES (43, 1, 162, 1, 'Device Data Log', 'Device Data Log', 1, '2022-06-15 13:48:58', '2022-06-15 13:48:58', NULL);
INSERT INTO `t_content` VALUES (44, 1, 183, 1, 'Letter Of Assignment', 'Letter Of Assignment', 1, '2022-06-15 13:55:40', '2022-06-15 13:55:40', NULL);
INSERT INTO `t_content` VALUES (45, 1, 184, 1, 'Employee Assignment', 'Employee Assignment', 1, '2022-06-15 13:57:58', '2022-06-15 13:57:58', NULL);
INSERT INTO `t_content` VALUES (46, 1, 225, 1, 'Attendance Adjustment', 'Attendance Adjustment', 1, '2022-06-15 14:15:41', '2022-06-15 14:15:41', NULL);
INSERT INTO `t_content` VALUES (47, 1, 227, 1, 'Adjustment Submission', 'Adjustment Submission', 1, '2022-06-15 14:17:43', '2022-06-15 14:17:43', NULL);
INSERT INTO `t_content` VALUES (48, 1, 228, 1, 'Adjustment Verification Manager', 'Adjustment Verification Manager', 1, '2022-06-15 14:26:07', '2022-06-15 14:26:07', NULL);
INSERT INTO `t_content` VALUES (49, 1, 229, 1, 'Adjustment Verification BM', 'Adjustment Verification BM', 1, '2022-06-15 14:26:29', '2022-06-15 14:26:29', NULL);
INSERT INTO `t_content` VALUES (50, 1, 190, 1, 'Employee Attendance', 'Employee Attendance', 1, '2022-06-15 14:37:17', '2022-06-15 14:37:17', NULL);
INSERT INTO `t_content` VALUES (51, 1, 199, 1, 'Recap Branch Attendance', 'Recap Branch Attendance', 1, '2022-06-15 14:47:06', '2022-06-15 14:47:06', NULL);
INSERT INTO `t_content` VALUES (52, 1, 43, 1, 'coba', 'coba', NULL, '2022-06-15 14:53:15', '2022-06-16 07:49:10', '2022-06-16 07:49:10');
INSERT INTO `t_content` VALUES (53, 1, 195, 1, 'Business Trip', 'Business Trip', 1, '2022-06-16 08:42:12', '2022-06-16 08:42:12', NULL);
INSERT INTO `t_content` VALUES (54, 1, 196, 1, 'Assigned Employee', 'Assigned Employee', 1, '2022-06-16 09:17:46', '2022-06-16 09:17:46', NULL);
INSERT INTO `t_content` VALUES (55, 1, 197, 1, 'Verification Business Trip (Dir. Keu / BM)', 'Verification Business Trip (Dir. Keu / BM)', 1, '2022-06-16 09:57:26', '2022-06-16 09:57:26', NULL);
INSERT INTO `t_content` VALUES (56, 1, 198, 1, 'Verification Business Trip (BM Target)', 'Verification Business Trip (BM Target)', 1, '2022-06-16 10:05:23', '2022-06-16 10:05:23', NULL);
INSERT INTO `t_content` VALUES (57, 1, 213, 1, 'Cashier Business Trip', 'Cashier Business Trip', 1, '2022-06-16 10:36:42', '2022-06-16 10:36:42', NULL);
INSERT INTO `t_content` VALUES (58, 1, 201, 1, 'Submission Extra Cost', 'Submission Extra Cost', 1, '2022-06-16 14:21:22', '2022-06-16 14:21:22', NULL);

-- ----------------------------
-- Table structure for t_content_det
-- ----------------------------
DROP TABLE IF EXISTS `t_content_det`;
CREATE TABLE `t_content_det`  (
  `id_t_content_det` int(14) NOT NULL,
  `id_t_content` int(14) NULL DEFAULT NULL,
  `value_m_component` text CHARACTER SET latin1 COLLATE latin1_swedish_ci NULL,
  `style_m_component` varchar(255) CHARACTER SET latin1 COLLATE latin1_swedish_ci NULL DEFAULT NULL,
  `id_m_component` int(2) NULL DEFAULT NULL,
  `path_t_content_det` varchar(255) CHARACTER SET latin1 COLLATE latin1_swedish_ci NULL DEFAULT NULL COMMENT 'jika type datanya image',
  `created_at` datetime(0) NULL DEFAULT CURRENT_TIMESTAMP(0),
  `updated_at` datetime(0) NULL DEFAULT NULL,
  `deleted_at` datetime(0) NULL DEFAULT NULL,
  `sort_t_content_det` int(2) NULL DEFAULT NULL,
  PRIMARY KEY (`id_t_content_det`) USING BTREE
) ENGINE = MyISAM CHARACTER SET = latin1 COLLATE = latin1_swedish_ci ROW_FORMAT = Dynamic;

-- ----------------------------
-- Records of t_content_det
-- ----------------------------
INSERT INTO `t_content_det` VALUES (1, 1, 'Jaran Goyang', NULL, 1, NULL, '2022-06-11 08:30:20', NULL, NULL, 1);
INSERT INTO `t_content_det` VALUES (377, 2, '<p>Device Data digunakan untuk proses upload, download dan copy image mesin finger pada masing &ndash; masing cabang. Adapun caranya sebagai berikut :</p>', NULL, 4, NULL, '2022-06-15 13:21:37', '2022-06-15 13:21:37', NULL, 1);
INSERT INTO `t_content_det` VALUES (378, 2, '<p>1.<span style=\"white-space: pre;\"> </span>Buka halaman aplikasi HRMS melalui web browser (Chrome, Mozila FireFox atau lainnya) kemudian &ldquo;<strong>Login</strong>&rdquo;, setelah berhasil login pilih modul &ldquo;<strong>Time Management</strong>&rdquo;.</p>', NULL, 4, NULL, '2022-06-15 13:21:58', '2022-06-15 13:21:58', NULL, 2);
INSERT INTO `t_content_det` VALUES (7, 1, 'asa', NULL, 5, 'files_content/1/1655105279_landscape-nature-mountan-alps-rainbow-76824355.jpg', '2022-06-13 14:27:59', '2022-06-13 15:05:41', NULL, 9);
INSERT INTO `t_content_det` VALUES (8, 1, '<p><span style=\"font-family: Helvetica-FF, Arial, Tahoma, sans-serif; font-size: 16px; background-color: #ffffff;\">Surabaya - Menteri Pendayagunaan Aparatur Negara dan Reformasi Birokrasi (MenPAN-RB) Tjahjo Kumolo mengeluarkan SE penghapusan tenaga honorer pada 28 November 2023. Wali Kota Surabaya Eri Cahyadi pun buka suara.</span><br style=\"box-sizing: border-box; font-family: Helvetica-FF, Arial, Tahoma, sans-serif; font-size: 16px; background-color: #ffffff;\" /><span style=\"font-family: Helvetica-FF, Arial, Tahoma, sans-serif; font-size: 16px; background-color: #ffffff;\">Menurut dia, nantinya tetap ada tenaga kerja seperti honorer sesuai kebutuhan di Surabaya. Yakni untuk kebutuhan survei, petugas kebersihan dan lainnya.</span><br style=\"box-sizing: border-box; font-family: Helvetica-FF, Arial, Tahoma, sans-serif; font-size: 16px; background-color: #ffffff;\" /><br style=\"box-sizing: border-box; font-family: Helvetica-FF, Arial, Tahoma, sans-serif; font-size: 16px; background-color: #ffffff;\" /><span style=\"font-family: Helvetica-FF, Arial, Tahoma, sans-serif; font-size: 16px; background-color: #ffffff;\">\"Jadi nanti insyaalah kita ada sesuai yang kita butuhkan. Kalau survei langsung kontraknya sebagai survei, kalau sebagai kebersihan jalan ya kontraknya harus itu,\" kata Eri, Minggu (12/6/20222).</span><br style=\"box-sizing: border-box; font-family: Helvetica-FF, Arial, Tahoma, sans-serif; font-size: 16px; background-color: #ffffff;\" /><br style=\"box-sizing: border-box; font-family: Helvetica-FF, Arial, Tahoma, sans-serif; font-size: 16px; background-color: #ffffff;\" /><span style=\"font-family: Helvetica-FF, Arial, Tahoma, sans-serif; font-size: 16px; background-color: #ffffff;\">Baca artikel detikjatim, \"Ini Langkah Pemkot Surabaya Tanggapi Penghapusan Tenaga Honorer\" selengkapnya&nbsp;</span><a style=\"box-sizing: border-box; background: #ffffff; text-decoration-line: none; color: #000000; transition: all 0.3s ease-in-out 0s; font-family: Helvetica-FF, Arial, Tahoma, sans-serif; font-size: 16px;\" href=\"https://www.detik.com/jatim/berita/d-6123738/ini-langkah-pemkot-surabaya-tanggapi-penghapusan-tenaga-honorer\">https://www.detik.com/jatim/berita/d-6123738/ini-langkah-pemkot-surabaya-tanggapi-penghapusan-tenaga-honorer</a><span style=\"font-family: Helvetica-FF, Arial, Tahoma, sans-serif; font-size: 16px; background-color: #ffffff;\">.</span></p>', NULL, 4, NULL, '2022-06-13 14:28:30', '2022-06-13 14:28:30', NULL, 3);
INSERT INTO `t_content_det` VALUES (9, 1, 'Lorem ipsum dolor dolor sedoyo', NULL, 7, NULL, '2022-06-13 14:29:08', '2022-06-13 14:29:08', NULL, 4);
INSERT INTO `t_content_det` VALUES (10, 1, '<p><span style=\"font-family: Helvetica-FF, Arial, Tahoma, sans-serif; font-size: 16px; background-color: #ffffff;\">Nantinya, Pemkot Surabaya juga akan memperjuangkan kebutuhan tenaga lapangan. Sebab, jumlah ASN yang ada di Surabaya diakui terbatas dan tidak menutupi kebutuhan tenaga lapangan.</span><br style=\"box-sizing: border-box; font-family: Helvetica-FF, Arial, Tahoma, sans-serif; font-size: 16px; background-color: #ffffff;\" /><br style=\"box-sizing: border-box; font-family: Helvetica-FF, Arial, Tahoma, sans-serif; font-size: 16px; background-color: #ffffff;\" /><span style=\"font-family: Helvetica-FF, Arial, Tahoma, sans-serif; font-size: 16px; background-color: #ffffff;\">\"Ini yang akan kami perjuangkan, karena ketika kami ada kebutuhan tenaga, maka harus cepat untuk membantu pelayanan publik. Termasuk kebersihan, saluran banjir, itu kan sudah kita lakukan secara swakelola. Kalau itu tidak ada, maka siapa yang jaga Surabaya dengan keterbatasan dari jumlah PNS kita?,\" jelas Eri.</span><br style=\"box-sizing: border-box; font-family: Helvetica-FF, Arial, Tahoma, sans-serif; font-size: 16px; background-color: #ffffff;\" /><br style=\"box-sizing: border-box; font-family: Helvetica-FF, Arial, Tahoma, sans-serif; font-size: 16px; background-color: #ffffff;\" /><span style=\"font-family: Helvetica-FF, Arial, Tahoma, sans-serif; font-size: 16px; background-color: #ffffff;\">Eri mengatakan, kebutuhan tenaga lapangan adalah salah satu cara pemkot mengurangi pengangguran di Surabaya. Bahkan, saat ini pemkot menggerakkan pemuda untuk menggunakan asetnya sebagai tempat pekerjaan baru bagi warga Surabaya.</span><br style=\"box-sizing: border-box; font-family: Helvetica-FF, Arial, Tahoma, sans-serif; font-size: 16px; background-color: #ffffff;\" /><br style=\"box-sizing: border-box; font-family: Helvetica-FF, Arial, Tahoma, sans-serif; font-size: 16px; background-color: #ffffff;\" /><span style=\"font-family: Helvetica-FF, Arial, Tahoma, sans-serif; font-size: 16px; background-color: #ffffff;\">Baca artikel detikjatim, \"Ini Langkah Pemkot Surabaya Tanggapi Penghapusan Tenaga Honorer\" selengkapnya&nbsp;</span><a style=\"box-sizing: border-box; background: #ffffff; text-decoration-line: none; color: #000000; transition: all 0.3s ease-in-out 0s; font-family: Helvetica-FF, Arial, Tahoma, sans-serif; font-size: 16px;\" href=\"https://www.detik.com/jatim/berita/d-6123738/ini-langkah-pemkot-surabaya-tanggapi-penghapusan-tenaga-honorer\">https://www.detik.com/jatim/berita/d-6123738/ini-langkah-pemkot-surabaya-tanggapi-penghapusan-tenaga-honorer</a><span style=\"font-family: Helvetica-FF, Arial, Tahoma, sans-serif; font-size: 16px; background-color: #ffffff;\">.</span></p>', NULL, 4, NULL, '2022-06-13 15:02:08', '2022-06-13 15:02:08', NULL, 5);
INSERT INTO `t_content_det` VALUES (29, 4, 'Sub Menu Working Hour Role', NULL, 5, 'files_content/4/1655171854_working hour role.png', '2022-06-14 08:57:35', '2022-06-14 08:57:35', NULL, 6);
INSERT INTO `t_content_det` VALUES (30, 4, '<p>3.<span style=\"white-space: pre;\"> </span>Pilih tombol &ldquo;<strong>Add New</strong>&rdquo; untuk menambah data kemudian lengkapi form yang tersedia dan pilih tombol &ldquo;<strong>Submit</strong>&rdquo; untuk menyimpan data atau tombol &ldquo;<strong>Back</strong>&rdquo; untuk kembali ke halaman sebelumnya.</p>', NULL, 4, NULL, '2022-06-14 08:59:46', '2022-06-14 08:59:46', NULL, 7);
INSERT INTO `t_content_det` VALUES (31, 4, 'Form Add', NULL, 5, 'files_content/4/1655172181_form add working hour role.png', '2022-06-14 09:03:01', '2022-06-14 09:03:01', NULL, 8);
INSERT INTO `t_content_det` VALUES (11, 3, 'Working Hour digunakan untuk mencatat data jam kerja pada masing-masing cabang. Adapun caranya sebagai berikut :', NULL, 6, NULL, '2022-06-14 08:13:02', '2022-06-14 08:13:02', NULL, 1);
INSERT INTO `t_content_det` VALUES (12, 3, '<p>1.<span style=\"white-space: pre;\"> </span>Buka halaman aplikasi HRMS melalui web browser (Chrome, Mozila FireFox atau lainnya) kemudian &ldquo;<strong>Login</strong>&rdquo;, setelah berhasil login pilih modul &ldquo;<strong>Time Management</strong>&rdquo;</p>', NULL, 4, NULL, '2022-06-14 08:13:54', '2022-06-14 08:13:54', NULL, 2);
INSERT INTO `t_content_det` VALUES (27, 3, 'Halaman Login', NULL, 5, 'files_content/3/1655171482_1. Login.png', '2022-06-14 08:51:22', '2022-06-14 08:51:32', NULL, 3);
INSERT INTO `t_content_det` VALUES (14, 3, '<p>2.<span style=\"white-space: pre;\"> </span>Selanjutnya pilih menu &ldquo;<strong>Master Data</strong>&rdquo;&nbsp; kemudian sub menu &ldquo;<strong>Working Hour</strong>&rdquo;</p>', NULL, 4, NULL, '2022-06-14 08:18:22', '2022-06-14 08:19:39', NULL, 5);
INSERT INTO `t_content_det` VALUES (15, 3, 'Modul HRMS', NULL, 5, 'files_content/3/1655169563_2. Modul.png', '2022-06-14 08:19:23', '2022-06-14 08:19:51', NULL, 4);
INSERT INTO `t_content_det` VALUES (16, 3, 'Sub Menu Working Hour', NULL, 5, 'files_content/3/1655169894_working hour.png', '2022-06-14 08:24:54', '2022-06-14 08:24:54', NULL, 6);
INSERT INTO `t_content_det` VALUES (17, 3, '<p>3.<span style=\"white-space: pre;\"> </span>Pilih tombol &ldquo;<strong>Add New</strong>&ldquo; untuk menambah data kemudian lengkapi form yang tersedia dan pilih tombol &ldquo;<strong>Submit</strong>&rdquo; untuk menyimpan data atau tombol &ldquo;<strong>Back</strong>&rdquo; untuk kembali ke halaman sebelumnya.</p>', NULL, 4, NULL, '2022-06-14 08:26:53', '2022-06-14 08:26:53', NULL, 7);
INSERT INTO `t_content_det` VALUES (18, 3, 'Form Add', NULL, 5, 'files_content/3/1655170337_form add working hour.png', '2022-06-14 08:32:17', '2022-06-14 08:32:17', NULL, 8);
INSERT INTO `t_content_det` VALUES (19, 3, '<p>4.<span style=\"white-space: pre;\"> </span>Pilih actions &ldquo;<strong>Edit</strong>&rdquo; untuk merubah data,&nbsp; kemudian input data yang ingin dilakukan perubahan dan pilih tombol &ldquo;<strong>Submit</strong>&rdquo; untuk menyimpan data atau tombol &ldquo;<strong>Back</strong>&rdquo; untuk kembali ke halaman sebelumnya.</p>', NULL, 4, NULL, '2022-06-14 08:33:27', '2022-06-14 08:33:27', NULL, 9);
INSERT INTO `t_content_det` VALUES (20, 3, 'Form Edit', NULL, 5, 'files_content/3/1655170506_form edit working hour.png', '2022-06-14 08:35:06', '2022-06-14 08:35:06', NULL, 10);
INSERT INTO `t_content_det` VALUES (21, 3, '<p>5.<span style=\"white-space: pre;\"> </span>Pilih actions &ldquo;<strong>Delete</strong>&rdquo; untuk menghapus data.</p>', NULL, 4, NULL, '2022-06-14 08:35:47', '2022-06-14 08:35:48', NULL, 11);
INSERT INTO `t_content_det` VALUES (22, 3, 'Actions Delete', NULL, 5, 'files_content/3/1655170935_actions delete.png', '2022-06-14 08:42:15', '2022-06-14 08:42:15', NULL, 12);
INSERT INTO `t_content_det` VALUES (23, 4, '<p>Working Hour Role digunakan untuk mencatat data aturan jam kerja pada masing &ndash; masing cabang. Adapun caranya sebagai berikut :</p>', NULL, 4, NULL, '2022-06-14 08:47:03', '2022-06-14 08:47:03', NULL, 1);
INSERT INTO `t_content_det` VALUES (24, 4, '<p>1.<span style=\"white-space: pre;\"> </span>Buka halaman aplikasi HRMS melalui web browser (Chrome, Mozila FireFox atau lainnya) kemudian &ldquo;<strong>Login</strong>&rdquo;, setelah berhasil login pilih modul &ldquo;<strong>Time Management</strong>&rdquo;</p>', NULL, 4, NULL, '2022-06-14 08:47:38', '2022-06-14 08:47:38', NULL, 2);
INSERT INTO `t_content_det` VALUES (28, 4, '<p>2.<span style=\"white-space: pre;\"> </span>Selanjutnya pilih menu &ldquo;<strong>Master Data</strong>&rdquo;&nbsp; kemudian sub menu &ldquo;<strong>Working Hour Rules</strong>&rdquo;.</p>', NULL, 4, NULL, '2022-06-14 08:54:32', '2022-06-14 08:54:32', NULL, 5);
INSERT INTO `t_content_det` VALUES (25, 4, 'Halaman Login', NULL, 5, 'files_content/4/1655171404_1. Login.png', '2022-06-14 08:50:04', '2022-06-14 08:50:04', NULL, 3);
INSERT INTO `t_content_det` VALUES (26, 4, 'Modul HRMS', NULL, 5, 'files_content/4/1655171414_2. Modul.png', '2022-06-14 08:50:14', '2022-06-14 08:50:14', NULL, 4);
INSERT INTO `t_content_det` VALUES (32, 4, '<p>4.<span style=\"white-space: pre;\"> </span>Pilih actions &ldquo;<strong>Edit</strong>&rdquo; untuk merubah data,&nbsp; kemudian input data yang ingin dilakukan perubahan dan pilih tombol &ldquo;<strong>Submit</strong>&rdquo; untuk menyimpan data atau tombol &ldquo;<strong>Back</strong>&rdquo; untuk kembali ke halaman sebelumnya.</p>\r\n', NULL, 4, NULL, '2022-06-14 09:03:34', '2022-06-14 09:03:34', NULL, 9);
INSERT INTO `t_content_det` VALUES (33, 4, 'Form Edit', NULL, 5, 'files_content/4/1655172231_form edit working hour role.png', '2022-06-14 09:03:51', '2022-06-14 09:03:51', NULL, 10);
INSERT INTO `t_content_det` VALUES (34, 4, '<p>5.<span style=\"white-space: pre;\"> </span>Pilih actions &ldquo;<strong>Delete</strong>&rdquo; untuk menghapus data.</p>', NULL, 4, NULL, '2022-06-14 09:04:21', '2022-06-14 09:04:21', NULL, 11);
INSERT INTO `t_content_det` VALUES (35, 4, 'Actions Delete', NULL, 5, 'files_content/4/1655172277_actions delete.png', '2022-06-14 09:04:37', '2022-06-14 09:04:37', NULL, 12);
INSERT INTO `t_content_det` VALUES (36, 4, '<p>6.<span style=\"white-space: pre;\"> </span>Pilih actions &ldquo;<strong>Setting</strong>&rdquo; untuk menambah jam kerja kemudian lengkapi form yang tersedia dan pilih tombol &ldquo;Submit&rdquo; untuk menyimpan data atau tombol &ldquo;Back&rdquo; untuk kembali ke halaman sebelumnya</p>\r\n', NULL, 4, NULL, '2022-06-14 09:07:32', '2022-06-14 09:07:32', NULL, 13);
INSERT INTO `t_content_det` VALUES (37, 4, 'Form Add', NULL, 5, 'files_content/4/1655172520_form add2 working hour role.png', '2022-06-14 09:08:40', '2022-06-14 09:08:40', NULL, 14);
INSERT INTO `t_content_det` VALUES (38, 5, '<p>Permit Submission digunakan untuk melakukan pengajuan permohonan ijin. Adapun caranya sebagai berikut :&nbsp;</p>', NULL, 4, NULL, '2022-06-14 09:16:50', '2022-06-14 09:16:50', NULL, 1);
INSERT INTO `t_content_det` VALUES (39, 5, '<p>1.<span style=\"white-space: pre;\"> </span>Buka halaman aplikasi HRMS melalui web browser (Chrome, Mozila FireFox atau lainnya) kemudian &ldquo;<strong>Login</strong>&rdquo;, setelah berhasil login pilih modul &ldquo;<strong>Time Management</strong>&rdquo;.</p>', NULL, 4, NULL, '2022-06-14 09:20:27', '2022-06-14 09:20:27', NULL, 2);
INSERT INTO `t_content_det` VALUES (40, 5, 'Halaman Login', NULL, 5, 'files_content/5/1655173251_1. Login.png', '2022-06-14 09:20:51', '2022-06-14 09:20:51', NULL, 3);
INSERT INTO `t_content_det` VALUES (44, 5, 'Modul HRMS', NULL, 5, 'files_content/5/1655173454_3. Modul Time Management.png', '2022-06-14 09:24:14', '2022-06-14 09:24:26', NULL, 4);
INSERT INTO `t_content_det` VALUES (42, 5, '<p>2.<span style=\"white-space: pre;\"> </span>Selanjutnya pilih menu &ldquo;<strong>Employee Attendance Permit</strong>&rdquo;&nbsp; kemudian sub menu &ldquo;<strong>Permit Submission</strong>&rdquo;.</p>', NULL, 4, NULL, '2022-06-14 09:22:39', '2022-06-14 09:22:39', NULL, 5);
INSERT INTO `t_content_det` VALUES (43, 5, 'Sub Menu Permit Submission', NULL, 5, 'files_content/5/1655173430_5. Permit Submission.png', '2022-06-14 09:23:50', '2022-06-14 09:23:50', NULL, 6);
INSERT INTO `t_content_det` VALUES (45, 5, '<p>3.<span style=\"white-space: pre;\"> </span>Pilih tombol &ldquo;<strong>Add New</strong>&rdquo; untuk mengajukan permohonan ijin kemudian lengkapi form yang tersedia dan pilih tombol &ldquo;<strong>Submit</strong>&rdquo; untuk menyimpan data atau tombol &ldquo;<strong>Back</strong>&rdquo; untuk kembali ke halaman sebelumnya.</p>', NULL, 4, NULL, '2022-06-14 09:27:06', '2022-06-14 09:27:06', NULL, 7);
INSERT INTO `t_content_det` VALUES (46, 5, 'Form Add', NULL, 5, 'files_content/5/1655173649_6. Form Add Permit Submission.png', '2022-06-14 09:27:29', '2022-06-14 09:27:29', NULL, 8);
INSERT INTO `t_content_det` VALUES (47, 5, '<p>4.<span style=\"white-space: pre;\"> </span>Pilih actions &ldquo;<strong>Edit</strong>&rdquo; untuk merubah data,&nbsp; kemudian input data yang ingin dilakukan perubahan dan pilih tombol &ldquo;<strong>Submit</strong>&rdquo; untuk menyimpan data atau tombol &ldquo;<strong>Back</strong>&rdquo; untuk kembali ke halaman sebelumnya.</p>', NULL, 4, NULL, '2022-06-14 09:30:11', '2022-06-14 09:30:11', NULL, 9);
INSERT INTO `t_content_det` VALUES (48, 5, 'Form Edit', NULL, 5, 'files_content/5/1655173825_8. Form Edit Permit Submission.png', '2022-06-14 09:30:25', '2022-06-14 09:30:25', NULL, 10);
INSERT INTO `t_content_det` VALUES (49, 5, '<p>5.<span style=\"white-space: pre;\"> </span>Pilih actions &ldquo;<strong>Delete</strong>&rdquo; untuk menghapus data.</p>', NULL, 4, NULL, '2022-06-14 09:32:36', '2022-06-14 09:32:36', NULL, 11);
INSERT INTO `t_content_det` VALUES (50, 5, 'Actions Delete', NULL, 5, 'files_content/5/1655173982_actions delete.png', '2022-06-14 09:33:02', '2022-06-14 09:33:02', NULL, 12);
INSERT INTO `t_content_det` VALUES (51, 5, '<p>6.<span style=\"white-space: pre;\"> </span>Pilih actions &ldquo;<strong>Verify</strong>&rdquo; untuk mengirimkan data ke proses berikutnya dengan memberikan catatan dan pilih tombol &ldquo;<strong>Submit</strong>&rdquo; untuk menyimpan data atau tombol &ldquo;<strong>Back</strong>&rdquo; untuk kembali ke halaman sebelumnya.</p>', NULL, 4, NULL, '2022-06-14 09:35:58', '2022-06-14 09:35:58', NULL, 13);
INSERT INTO `t_content_det` VALUES (52, 5, 'Form Verify', NULL, 5, 'files_content/5/1655174786_form verify.png', '2022-06-14 09:46:26', '2022-06-14 09:46:26', NULL, 14);
INSERT INTO `t_content_det` VALUES (53, 5, '<p>7.<span style=\"white-space: pre;\"> </span>Pilih tombol &ldquo;<strong>Print</strong>&rdquo; untuk mencetak hasil permohonan ijin/surat ijin.</p>', NULL, 4, NULL, '2022-06-14 09:47:54', '2022-06-14 09:47:54', NULL, 15);
INSERT INTO `t_content_det` VALUES (54, 5, 'Print Out', NULL, 5, 'files_content/5/1655174952_16. Permit Print.png', '2022-06-14 09:49:12', '2022-06-14 09:49:12', NULL, 16);
INSERT INTO `t_content_det` VALUES (55, 6, '<p>Verification Permit Submission Manager digunakan oleh manajer terkait untuk melakukan proses verifikasi permohonan ijin. Adapun caranya sebagai berikut :&nbsp;</p>', NULL, 4, NULL, '2022-06-14 09:51:43', '2022-06-14 09:51:43', NULL, 1);
INSERT INTO `t_content_det` VALUES (56, 6, '<p>1.<span style=\"white-space: pre;\"> </span>Buka halaman aplikasi HRMS melalui web browser (Chrome, Mozila FireFox atau lainnya) kemudian &ldquo;<strong>Login</strong>&rdquo;, setelah berhasil login pilih modul &ldquo;<strong>Time Management</strong>&rdquo;.</p>', NULL, 4, NULL, '2022-06-14 09:52:29', '2022-06-14 09:52:29', NULL, 2);
INSERT INTO `t_content_det` VALUES (57, 6, 'Halaman Login', NULL, 5, 'files_content/6/1655175167_1. Login.png', '2022-06-14 09:52:47', '2022-06-14 09:52:47', NULL, 3);
INSERT INTO `t_content_det` VALUES (58, 6, 'Modul HRMS', NULL, 5, 'files_content/6/1655175178_3. Modul Time Management.png', '2022-06-14 09:52:58', '2022-06-14 09:52:58', NULL, 4);
INSERT INTO `t_content_det` VALUES (59, 6, '<p>2.<span style=\"white-space: pre;\"> </span>Selanjutnya pilih menu &ldquo;<strong>Employee Attendance Permit</strong>&rdquo;&nbsp; kemudian sub menu &ldquo;<strong>Verification Permit Submission Manager</strong>&rdquo;</p>', NULL, 4, NULL, '2022-06-14 09:53:35', '2022-06-14 09:53:35', NULL, 5);
INSERT INTO `t_content_det` VALUES (60, 6, 'Sub Menu Verification Permit Submission MGR', NULL, 5, 'files_content/6/1655175373_11. Permit Verify MGR.png', '2022-06-14 09:56:13', '2022-06-14 09:56:13', NULL, 6);
INSERT INTO `t_content_det` VALUES (61, 6, '<p>3.<span style=\"white-space: pre;\"> </span>Pilih actions &ldquo;<strong>Verify</strong>&rdquo; untuk mengirimkan data ke proses berikutnya dengan memberikan catatan dan pilih tombol &ldquo;<strong>Submit</strong>&rdquo; untuk menyimpan data atau tombol &ldquo;<strong>Back</strong>&rdquo; untuk kembali ke halaman sebelumnya.</p>', NULL, 4, NULL, '2022-06-14 09:58:03', '2022-06-14 09:58:03', NULL, 7);
INSERT INTO `t_content_det` VALUES (62, 6, 'Form Verify', NULL, 5, 'files_content/6/1655175501_form verify.png', '2022-06-14 09:58:21', '2022-06-14 09:58:21', NULL, 8);
INSERT INTO `t_content_det` VALUES (63, 7, '<p>Verification Permit Submission HRD digunakan oleh manajer HRD untuk melakukan proses verifikasi permohonan ijin. Adapun caranya sebagai berikut :&nbsp;</p>', NULL, 4, NULL, '2022-06-14 10:21:44', '2022-06-14 10:21:44', NULL, 1);
INSERT INTO `t_content_det` VALUES (64, 7, '<p>1.<span style=\"white-space: pre;\"> </span>Buka halaman aplikasi HRMS melalui web browser (Chrome, Mozila FireFox atau lainnya) kemudian &ldquo;<strong>Login</strong>&rdquo;, setelah berhasil login pilih modul &ldquo;<strong>Time Management</strong>&rdquo;.</p>', NULL, 4, NULL, '2022-06-14 10:22:22', '2022-06-14 10:22:22', NULL, 2);
INSERT INTO `t_content_det` VALUES (65, 7, 'Halaman Login', NULL, 5, 'files_content/7/1655176982_1. Login.png', '2022-06-14 10:23:02', '2022-06-14 10:23:02', NULL, 3);
INSERT INTO `t_content_det` VALUES (66, 7, 'Modul HRMS', NULL, 5, 'files_content/7/1655176993_3. Modul Time Management.png', '2022-06-14 10:23:13', '2022-06-14 10:23:13', NULL, 4);
INSERT INTO `t_content_det` VALUES (67, 7, '<p>2.<span style=\"white-space: pre;\"> </span>Selanjutnya pilih menu &ldquo;<strong>Employee Attendance Permit</strong>&rdquo;&nbsp; kemudian sub menu &ldquo;<strong>Verification Permit Submission HRD</strong>&rdquo;.</p>', NULL, 4, NULL, '2022-06-14 10:24:09', '2022-06-14 10:24:09', NULL, 5);
INSERT INTO `t_content_det` VALUES (68, 7, 'Sub Menu Verification Permit Submission HRD', NULL, 5, 'files_content/7/1655177089_12. Permit Verify HRD.png', '2022-06-14 10:24:49', '2022-06-14 10:24:49', NULL, 6);
INSERT INTO `t_content_det` VALUES (69, 7, '<p>3.<span style=\"white-space: pre;\"> </span>Pilih actions &ldquo;<strong>Verify</strong>&rdquo; untuk mengirimkan data ke proses berikutnya dengan memberikan catatan dan pilih tombol &ldquo;<strong>Submit</strong>&rdquo; untuk menyimpan data atau tombol &ldquo;<strong>Back</strong>&rdquo; untuk kembali ke halaman sebelumnya.</p>', NULL, 4, NULL, '2022-06-14 10:25:25', '2022-06-14 10:25:25', NULL, 7);
INSERT INTO `t_content_det` VALUES (70, 7, 'Form Verify', NULL, 5, 'files_content/7/1655177147_form verify.png', '2022-06-14 10:25:47', '2022-06-14 10:25:47', NULL, 8);
INSERT INTO `t_content_det` VALUES (71, 8, '<p>Verification Permit Submission BM digunakan oleh kepala cabang untuk melakukan proses persetujuan permohonan ijin. Adapun caranya sebagai berikut :&nbsp;</p>', NULL, 4, NULL, '2022-06-14 10:27:56', '2022-06-14 10:27:56', NULL, 1);
INSERT INTO `t_content_det` VALUES (72, 8, '<p>1.<span style=\"white-space: pre;\"> </span>Buka halaman aplikasi HRMS melalui web browser (Chrome, Mozila FireFox atau lainnya) kemudian &ldquo;<strong>Login</strong>&rdquo;, setelah berhasil login pilih modul &ldquo;<strong>Time Management</strong>&rdquo;.</p>', NULL, 4, NULL, '2022-06-14 10:28:32', '2022-06-14 10:28:32', NULL, 2);
INSERT INTO `t_content_det` VALUES (73, 8, 'Halaman Login', NULL, 5, 'files_content/8/1655177327_1. Login.png', '2022-06-14 10:28:47', '2022-06-14 10:28:47', NULL, 3);
INSERT INTO `t_content_det` VALUES (74, 8, 'Modul HRMS', NULL, 5, 'files_content/8/1655177335_3. Modul Time Management.png', '2022-06-14 10:28:55', '2022-06-14 10:28:55', NULL, 4);
INSERT INTO `t_content_det` VALUES (75, 8, '<p>2.<span style=\"white-space: pre;\"> </span>Selanjutnya pilih menu &ldquo;<strong>Employee Attendance Permit</strong>&rdquo;&nbsp; kemudian sub menu &ldquo;<strong>Verification Permit Submission BM</strong>&rdquo;.</p>', NULL, 4, NULL, '2022-06-14 10:30:47', '2022-06-14 10:30:47', NULL, 5);
INSERT INTO `t_content_det` VALUES (76, 8, 'Sub Menu Verification Permit Submission BM', NULL, 5, 'files_content/8/1655177476_13. Permit Verify BM.png', '2022-06-14 10:31:16', '2022-06-14 10:31:16', NULL, 6);
INSERT INTO `t_content_det` VALUES (77, 8, '<p>3.<span style=\"white-space: pre;\"> </span>Pilih actions &ldquo;<strong>Verify</strong>&rdquo; untuk mengirimkan data ke proses berikutnya dengan memberikan catatan dan pilih tombol &ldquo;<strong>Submit</strong>&rdquo; untuk menyimpan data atau tombol &ldquo;<strong>Back</strong>&rdquo; untuk kembali ke halaman sebelumnya.</p>', NULL, 4, NULL, '2022-06-14 10:32:02', '2022-06-14 10:32:02', NULL, 7);
INSERT INTO `t_content_det` VALUES (78, 8, 'Form Verify', NULL, 5, 'files_content/8/1655177536_form verify.png', '2022-06-14 10:32:16', '2022-06-14 10:32:16', NULL, 8);
INSERT INTO `t_content_det` VALUES (79, 9, '<p>Finish Permit Submission digunakan untuk penampungan data permohonan ijin yang sudah selesai proses verifikasi/persetujuan dan dapat mencetak surat ijin. Adapun caranya sebagai berikut :&nbsp;</p>', NULL, 4, NULL, '2022-06-14 10:35:22', '2022-06-14 10:35:22', NULL, 1);
INSERT INTO `t_content_det` VALUES (80, 9, '<p>1.<span style=\"white-space: pre;\"> </span>Buka halaman aplikasi HRMS melalui web browser (Chrome, Mozila FireFox atau lainnya) kemudian &ldquo;<strong>Login</strong>&rdquo;, setelah berhasil login pilih modul &ldquo;<strong>Time Management</strong>&rdquo;.</p>', NULL, 4, NULL, '2022-06-14 10:35:52', '2022-06-14 10:35:52', NULL, 2);
INSERT INTO `t_content_det` VALUES (81, 9, 'Halaman Login', NULL, 5, 'files_content/9/1655177765_1. Login.png', '2022-06-14 10:36:05', '2022-06-14 10:36:05', NULL, 3);
INSERT INTO `t_content_det` VALUES (82, 9, 'Modul HRMS', NULL, 5, 'files_content/9/1655177772_3. Modul Time Management.png', '2022-06-14 10:36:12', '2022-06-14 10:36:12', NULL, 4);
INSERT INTO `t_content_det` VALUES (83, 9, '<p>2.<span style=\"white-space: pre;\"> </span>Selanjutnya pilih menu &ldquo;<strong>Employee Attendance Permit</strong>&rdquo;&nbsp; kemudian sub menu &ldquo;<strong>Finish Permit Submission</strong>&rdquo;.</p>', NULL, 4, NULL, '2022-06-14 10:36:40', '2022-06-14 10:36:41', NULL, 5);
INSERT INTO `t_content_det` VALUES (84, 9, 'Sub Menu Finish Permit Submission', NULL, 5, 'files_content/9/1655177840_14. Permit Finish.png', '2022-06-14 10:37:20', '2022-06-14 10:37:20', NULL, 6);
INSERT INTO `t_content_det` VALUES (85, 9, '<p>3.<span style=\"white-space: pre;\"> </span>Pilih tombol &ldquo;<strong>Print</strong>&rdquo; untuk mencetak hasil permohonan ijin/surat ijin.</p>', NULL, 4, NULL, '2022-06-14 10:37:48', '2022-06-14 10:37:48', NULL, 7);
INSERT INTO `t_content_det` VALUES (86, 9, 'Print Out', NULL, 5, 'files_content/9/1655177881_16. Permit Print.png', '2022-06-14 10:38:01', '2022-06-14 10:38:01', NULL, 8);
INSERT INTO `t_content_det` VALUES (87, 10, '<p>Shift Change Submission digunakan untuk melakukan pengajuan permohonan ijin. Adapun caranya sebagai berikut :&nbsp;</p>', NULL, 4, NULL, '2022-06-14 10:40:26', '2022-06-14 10:40:26', NULL, 1);
INSERT INTO `t_content_det` VALUES (88, 10, '<p>1.<span style=\"white-space: pre;\"> </span>Buka halaman aplikasi HRMS melalui web browser (Chrome, Mozila FireFox atau lainnya) kemudian &ldquo;<strong>Login</strong>&rdquo;, setelah berhasil login pilih modul &ldquo;<strong>Time Management</strong>&rdquo;.</p>', NULL, 4, NULL, '2022-06-14 10:40:55', '2022-06-14 10:40:55', NULL, 2);
INSERT INTO `t_content_det` VALUES (89, 10, 'Halaman Login', NULL, 5, 'files_content/10/1655178086_1. Login.png', '2022-06-14 10:41:26', '2022-06-14 10:41:26', NULL, 3);
INSERT INTO `t_content_det` VALUES (90, 10, 'Modul HRMS', NULL, 5, 'files_content/10/1655178094_3. Modul Time Management.png', '2022-06-14 10:41:34', '2022-06-14 10:41:34', NULL, 4);
INSERT INTO `t_content_det` VALUES (91, 10, '<p>2.<span style=\"white-space: pre;\"> </span>Selanjutnya pilih menu &ldquo;<strong>Shift Change Permit</strong>&rdquo;&nbsp; kemudian sub menu &ldquo;<strong>Shift Change Submission</strong>&rdquo;.</p>', NULL, 4, NULL, '2022-06-14 10:42:33', '2022-06-14 10:42:33', NULL, 5);
INSERT INTO `t_content_det` VALUES (92, 10, 'Sub Menu Shift Change Submission', NULL, 5, 'files_content/10/1655178218_5. Shift Change Submission.png', '2022-06-14 10:43:38', '2022-06-14 10:43:38', NULL, 6);
INSERT INTO `t_content_det` VALUES (93, 10, '<p>3.<span style=\"white-space: pre;\"> </span>Pilih tombol &ldquo;<strong>Add New</strong>&rdquo; untuk mengajukan permohonan ijin kemudian lengkapi form yang tersedia dan pilih tombol &ldquo;<strong>Submit</strong>&rdquo; untuk menyimpan data atau tombol &ldquo;<strong>Back</strong>&rdquo; untuk kembali ke halaman sebelumnya.</p>', NULL, 4, NULL, '2022-06-14 10:45:00', '2022-06-14 10:45:00', NULL, 7);
INSERT INTO `t_content_det` VALUES (94, 10, 'Form Add', NULL, 5, 'files_content/10/1655178317_6. Form Add Shift Change.png', '2022-06-14 10:45:17', '2022-06-14 10:45:17', NULL, 8);
INSERT INTO `t_content_det` VALUES (95, 10, '<p>4.<span style=\"white-space: pre;\"> </span>Pilih actions &ldquo;<strong>Edit</strong>&rdquo; untuk merubah data,&nbsp; kemudian input data yang ingin dilakukan perubahan dan pilih tombol &ldquo;<strong>Submit</strong>&rdquo; untuk menyimpan data atau tombol &ldquo;<strong>Back</strong>&rdquo; untuk kembali ke halaman sebelumnya.</p>', NULL, 4, NULL, '2022-06-14 10:45:55', '2022-06-14 10:45:55', NULL, 9);
INSERT INTO `t_content_det` VALUES (96, 10, 'Form Edit', NULL, 5, 'files_content/10/1655178371_8. Form Edit Shift Change.png', '2022-06-14 10:46:11', '2022-06-14 10:46:11', NULL, 10);
INSERT INTO `t_content_det` VALUES (97, 10, '<p>5.<span style=\"white-space: pre;\"> </span>Pilih actions &ldquo;<strong>Delete</strong>&rdquo; untuk menghapus data.</p>', NULL, 4, NULL, '2022-06-14 10:46:35', '2022-06-14 10:46:35', NULL, 11);
INSERT INTO `t_content_det` VALUES (98, 10, 'Actions Delete', NULL, 5, 'files_content/10/1655178412_actions delete.png', '2022-06-14 10:46:52', '2022-06-14 10:46:52', NULL, 12);
INSERT INTO `t_content_det` VALUES (99, 10, '<p>6.<span style=\"white-space: pre;\"> </span>Pilih actions &ldquo;<strong>Verify</strong>&rdquo; untuk mengirimkan data ke proses berikutnya dengan memberikan catatan dan pilih tombol &ldquo;<strong>Submit</strong>&rdquo; untuk menyimpan data atau tombol &ldquo;<strong>Back</strong>&rdquo; untuk kembali ke halaman sebelumnya.</p>', NULL, 4, NULL, '2022-06-14 10:47:39', '2022-06-14 10:47:39', NULL, 13);
INSERT INTO `t_content_det` VALUES (100, 10, 'Form Verify', NULL, 5, 'files_content/10/1655178480_form verify.png', '2022-06-14 10:48:00', '2022-06-14 10:48:00', NULL, 14);
INSERT INTO `t_content_det` VALUES (101, 10, '<p>7.<span style=\"white-space: pre;\"> </span>Pilih tombol &ldquo;<strong>Print</strong>&rdquo; untuk mencetak hasil permohonan ijin/surat ijin.</p>', NULL, 4, NULL, '2022-06-14 10:48:19', '2022-06-14 10:48:19', NULL, 15);
INSERT INTO `t_content_det` VALUES (102, 10, 'Print Out', NULL, 5, 'files_content/10/1655178521_15. Shift Change Print.png', '2022-06-14 10:48:41', '2022-06-14 10:48:41', NULL, 16);
INSERT INTO `t_content_det` VALUES (103, 11, '<p>Approval Substitute Employee digunakan oleh pegawai pengganti untuk melakukan proses persetujuan permohonan ijin. Adapun caranya sebagai berikut :&nbsp;</p>', NULL, 4, NULL, '2022-06-14 10:52:05', '2022-06-14 10:52:05', NULL, 1);
INSERT INTO `t_content_det` VALUES (104, 11, '<p>1.<span style=\"white-space: pre;\"> </span>Buka halaman aplikasi HRMS melalui web browser (Chrome, Mozila FireFox atau lainnya) kemudian &ldquo;<strong>Login</strong>&rdquo;, setelah berhasil login pilih modul &ldquo;<strong>Time Management</strong>&rdquo;.</p>', NULL, 4, NULL, '2022-06-14 10:53:13', '2022-06-14 10:53:13', NULL, 2);
INSERT INTO `t_content_det` VALUES (105, 11, 'Halaman Login', NULL, 5, 'files_content/11/1655178847_1. Login.png', '2022-06-14 10:54:07', '2022-06-14 10:54:07', NULL, 3);
INSERT INTO `t_content_det` VALUES (106, 11, 'Modul HRMS', NULL, 5, 'files_content/11/1655178859_3. Modul Time Management.png', '2022-06-14 10:54:19', '2022-06-14 10:54:19', NULL, 4);
INSERT INTO `t_content_det` VALUES (107, 11, '<p>2.<span style=\"white-space: pre;\"> </span>Selanjutnya pilih menu &ldquo;<strong>Shift Change Permit</strong>&rdquo;&nbsp; kemudian sub menu &ldquo;<strong>Approval Substitute Employee</strong>&rdquo;.</p>', NULL, 4, NULL, '2022-06-14 10:56:07', '2022-06-14 10:56:07', NULL, 5);
INSERT INTO `t_content_det` VALUES (108, 11, 'Sub Menu Approval Substitute Employee', NULL, 5, 'files_content/11/1655179020_9. Actions Verify Employee Substitude.png', '2022-06-14 10:57:00', '2022-06-14 10:57:00', NULL, 6);
INSERT INTO `t_content_det` VALUES (109, 11, '<p>3.<span style=\"white-space: pre;\"> </span>Pilih actions &ldquo;<strong>Verify</strong>&rdquo; untuk memberikan persetujuan sebagai pegawai pengganti dan mengirimkan data ke proses berikutnya dengan memberikan catatan dan pilih tombol &ldquo;<strong>Submit</strong>&rdquo; untuk menyimpan data atau tombol &ldquo;<strong>Back</strong>&rdquo; untuk kembali ke halaman sebelumnya.</p>', NULL, 4, NULL, '2022-06-14 10:57:59', '2022-06-14 10:57:59', NULL, 7);
INSERT INTO `t_content_det` VALUES (110, 11, 'Form Verify', NULL, 5, 'files_content/11/1655179092_form verify.png', '2022-06-14 10:58:12', '2022-06-14 10:58:12', NULL, 8);
INSERT INTO `t_content_det` VALUES (111, 12, '<p>Verification Shift Change Manager digunakan oleh manajer terkait untuk melakukan proses verifikasi permohonan ijin. Adapun caranya sebagai berikut :&nbsp;</p>', NULL, 4, NULL, '2022-06-14 11:01:30', '2022-06-14 11:01:30', NULL, 1);
INSERT INTO `t_content_det` VALUES (112, 12, '<p>1.<span style=\"white-space: pre;\"> </span>Buka halaman aplikasi HRMS melalui web browser (Chrome, Mozila FireFox atau lainnya) kemudian &ldquo;<strong>Login</strong>&rdquo;, setelah berhasil login pilih modul &ldquo;<strong>Time Management</strong>&rdquo;.</p>', NULL, 4, NULL, '2022-06-14 11:01:56', '2022-06-14 11:01:56', NULL, 2);
INSERT INTO `t_content_det` VALUES (113, 12, 'Halaman Login', NULL, 5, 'files_content/12/1655179326_1. Login.png', '2022-06-14 11:02:06', '2022-06-14 11:02:06', NULL, 3);
INSERT INTO `t_content_det` VALUES (114, 12, 'Modul HRMS', NULL, 5, 'files_content/12/1655179338_3. Modul Time Management.png', '2022-06-14 11:02:18', '2022-06-14 11:02:18', NULL, 4);
INSERT INTO `t_content_det` VALUES (115, 12, '<p>2.<span style=\"white-space: pre;\"> </span>Selanjutnya pilih menu &ldquo;<strong>Shift Change Permit</strong>&rdquo;&nbsp; kemudian sub menu &ldquo;<strong>Verification Shift Change Manager</strong>&rdquo;.</p>', NULL, 4, NULL, '2022-06-14 11:03:03', '2022-06-14 11:03:03', NULL, 5);
INSERT INTO `t_content_det` VALUES (116, 12, 'Sub Menu Shift Change Submission Manager', NULL, 5, 'files_content/12/1655179432_11. Shift Change Verify MGR.png', '2022-06-14 11:03:52', '2022-06-14 11:03:52', NULL, 6);
INSERT INTO `t_content_det` VALUES (117, 12, '<p>3.<span style=\"white-space: pre;\"> </span>Pilih actions &ldquo;<strong>Verify</strong>&rdquo; untuk mengirimkan data ke proses berikutnya dengan memberikan catatan dan pilih tombol &ldquo;<strong>Submit</strong>&rdquo; untuk menyimpan data atau tombol &ldquo;<strong>Back</strong>&rdquo; untuk kembali ke halaman sebelumnya.</p>', NULL, 4, NULL, '2022-06-14 11:04:16', '2022-06-14 11:04:16', NULL, 7);
INSERT INTO `t_content_det` VALUES (118, 12, 'Form Verify', NULL, 5, 'files_content/12/1655179476_form verify.png', '2022-06-14 11:04:36', '2022-06-14 11:04:36', NULL, 8);
INSERT INTO `t_content_det` VALUES (119, 13, '<p>Verification Shift Change HRD digunakan oleh manajer HRD untuk melakukan proses verifikasi permohonan ijin. Adapun caranya sebagai berikut :&nbsp;</p>', NULL, 4, NULL, '2022-06-14 11:11:06', '2022-06-14 11:11:06', NULL, 1);
INSERT INTO `t_content_det` VALUES (120, 13, '<p>1.<span style=\"white-space: pre;\"> </span>Buka halaman aplikasi HRMS melalui web browser (Chrome, Mozila FireFox atau lainnya) kemudian &ldquo;<strong>Login</strong>&rdquo;, setelah berhasil login pilih modul &ldquo;<strong>Time Management</strong>&rdquo;.</p>', NULL, 4, NULL, '2022-06-14 11:11:35', '2022-06-14 11:11:35', NULL, 2);
INSERT INTO `t_content_det` VALUES (121, 13, 'Halaman Login', NULL, 5, 'files_content/13/1655179984_1. Login.png', '2022-06-14 11:13:04', '2022-06-14 11:13:04', NULL, 3);
INSERT INTO `t_content_det` VALUES (122, 13, 'Modul HRMS', NULL, 5, 'files_content/13/1655180000_3. Modul Time Management.png', '2022-06-14 11:13:20', '2022-06-14 11:13:20', NULL, 4);
INSERT INTO `t_content_det` VALUES (123, 13, '<p>2.<span style=\"white-space: pre;\"> </span>Selanjutnya pilih menu &ldquo;<strong>Shift Change Permit</strong>&rdquo;&nbsp; kemudian sub menu &ldquo;<strong>Verification Shift Change HRD</strong>&rdquo;.</p>', NULL, 4, NULL, '2022-06-14 11:14:05', '2022-06-14 11:14:05', NULL, 5);
INSERT INTO `t_content_det` VALUES (124, 13, 'Sub Menu Shift Change Submission HRD', NULL, 5, 'files_content/13/1655180172_12. Shift Change Verify HRD.png', '2022-06-14 11:16:12', '2022-06-14 11:16:12', NULL, 6);
INSERT INTO `t_content_det` VALUES (125, 13, '<p>3.<span style=\"white-space: pre;\"> </span>Pilih actions &ldquo;<strong>Verify</strong>&rdquo; untuk mengirimkan data ke proses berikutnya dengan memberikan catatan dan pilih tombol &ldquo;<strong>Submit</strong>&rdquo; untuk menyimpan data atau tombol &ldquo;<strong>Back</strong>&rdquo; untuk kembali ke halaman sebelumnya.</p>', NULL, 4, NULL, '2022-06-14 11:18:16', '2022-06-14 11:18:16', NULL, 7);
INSERT INTO `t_content_det` VALUES (126, 13, 'Form Verify', NULL, 5, 'files_content/13/1655180318_form verify.png', '2022-06-14 11:18:38', '2022-06-14 11:18:38', NULL, 8);
INSERT INTO `t_content_det` VALUES (127, 14, '<p>Finish Shift Change Submission digunakan untuk penampungan data permohonan ijin yang sudah selesai proses verifikasi/persetujuan dan dapat mencetak surat ijin. Adapun caranya sebagai berikut :&nbsp;</p>', NULL, 4, NULL, '2022-06-14 11:22:11', '2022-06-14 11:22:11', NULL, 1);
INSERT INTO `t_content_det` VALUES (128, 14, '<p>1.<span style=\"white-space: pre;\"> </span>Buka halaman aplikasi HRMS melalui web browser (Chrome, Mozila FireFox atau lainnya) kemudian &ldquo;<strong>Login</strong>&rdquo;, setelah berhasil login pilih modul &ldquo;<strong>Time Management</strong>&rdquo;.</p>', NULL, 4, NULL, '2022-06-14 11:22:37', '2022-06-14 11:22:37', NULL, 2);
INSERT INTO `t_content_det` VALUES (129, 14, 'Halaman Login', NULL, 5, 'files_content/14/1655180575_1. Login.png', '2022-06-14 11:22:55', '2022-06-14 11:22:55', NULL, 3);
INSERT INTO `t_content_det` VALUES (130, 14, 'Modul HRMS', NULL, 5, 'files_content/14/1655180583_3. Modul Time Management.png', '2022-06-14 11:23:03', '2022-06-14 11:23:03', NULL, 4);
INSERT INTO `t_content_det` VALUES (131, 14, '<p>2.<span style=\"white-space: pre;\"> </span>Selanjutnya pilih menu &ldquo;<strong>Shift Change Permit</strong>&rdquo;&nbsp; kemudian sub menu &ldquo;<strong>Finish Shift Change</strong>&rdquo;.</p>', NULL, 4, NULL, '2022-06-14 11:23:40', '2022-06-14 11:23:40', NULL, 5);
INSERT INTO `t_content_det` VALUES (132, 14, 'Sub Menu Finish Shift Change Submission', NULL, 5, 'files_content/14/1655180678_13. Shift Change Finish.png', '2022-06-14 11:24:38', '2022-06-14 11:24:38', NULL, 6);
INSERT INTO `t_content_det` VALUES (133, 14, '<p>3.<span style=\"white-space: pre;\"> </span>Pilih tombol &ldquo;<strong>Print</strong>&rdquo; untuk mencetak hasil permohonan ijin/surat ijin.</p>', NULL, 4, NULL, '2022-06-14 11:25:00', '2022-06-14 11:25:00', NULL, 7);
INSERT INTO `t_content_det` VALUES (134, 14, 'Print Out', NULL, 5, 'files_content/14/1655180720_15. Shift Change Print.png', '2022-06-14 11:25:20', '2022-06-14 11:25:20', NULL, 8);
INSERT INTO `t_content_det` VALUES (135, 15, '<p>Leave Submission digunakan untuk melakukan pengajuan permohonan ijin cuti. Adapun caranya sebagai berikut :&nbsp;</p>', NULL, 4, NULL, '2022-06-14 12:59:31', '2022-06-14 12:59:31', NULL, 1);
INSERT INTO `t_content_det` VALUES (136, 15, '<p>1.<span style=\"white-space: pre;\"> </span>Buka halaman aplikasi HRMS melalui web browser (Chrome, Mozila FireFox atau lainnya) kemudian &ldquo;<strong>Login</strong>&rdquo;, setelah berhasil login pilih modul &ldquo;<strong>Time Management&rdquo;</strong></p>', NULL, 4, NULL, '2022-06-14 13:00:03', '2022-06-14 13:00:03', NULL, 2);
INSERT INTO `t_content_det` VALUES (137, 15, 'Halaman Login', NULL, 5, 'files_content/15/1655186418_1. Login.png', '2022-06-14 13:00:18', '2022-06-14 13:00:18', NULL, 3);
INSERT INTO `t_content_det` VALUES (138, 15, 'Modul HRMS', NULL, 5, 'files_content/15/1655186428_3. Modul Time Management.png', '2022-06-14 13:00:28', '2022-06-14 13:00:28', NULL, 4);
INSERT INTO `t_content_det` VALUES (139, 15, '<p>2.<span style=\"white-space: pre;\"> </span>Selanjutnya pilih menu &ldquo;<strong>Leave Permit</strong>&rdquo;&nbsp; kemudian sub menu &ldquo;<strong>Leave Submission</strong>&rdquo;.</p>', NULL, 4, NULL, '2022-06-14 13:01:00', '2022-06-14 13:01:00', NULL, 5);
INSERT INTO `t_content_det` VALUES (140, 15, 'Sub Menu Leave Submission', NULL, 5, 'files_content/15/1655186490_5. Leave Submission.png', '2022-06-14 13:01:30', '2022-06-14 13:01:30', NULL, 6);
INSERT INTO `t_content_det` VALUES (141, 15, '<p>3.<span style=\"white-space: pre;\"> </span>Pilih tombol &ldquo;<strong>Add New</strong>&rdquo; untuk mengajukan permohonan cuti kemudian lengkapi form yang tersedia dan pilih tombol &ldquo;<strong>Submit</strong>&rdquo; untuk menyimpan data atau tombol &ldquo;<strong>Back</strong>&rdquo; untuk kembali ke halaman sebelumnya.</p>', NULL, 4, NULL, '2022-06-14 13:02:23', '2022-06-14 13:02:23', NULL, 7);
INSERT INTO `t_content_det` VALUES (142, 15, 'Form Add', NULL, 5, 'files_content/15/1655186598_6. Form Add Leave Submission.png', '2022-06-14 13:03:18', '2022-06-14 13:03:18', NULL, 8);
INSERT INTO `t_content_det` VALUES (143, 15, '<p>4.<span style=\"white-space: pre;\"> </span>Pilih actions &ldquo;<strong>Edit</strong>&rdquo; untuk merubah data,&nbsp; kemudian input data yang ingin dilakukan perubahan dan pilih tombol &ldquo;<strong>Submit</strong>&rdquo; untuk menyimpan data atau tombol &ldquo;<strong>Back</strong>&rdquo; untuk kembali ke halaman sebelumnya.</p>', NULL, 4, NULL, '2022-06-14 13:04:34', '2022-06-14 13:04:34', NULL, 9);
INSERT INTO `t_content_det` VALUES (144, 15, 'Form Edit', NULL, 5, 'files_content/15/1655186686_8. Form Edit Leave Submission.png', '2022-06-14 13:04:46', '2022-06-14 13:04:46', NULL, 10);
INSERT INTO `t_content_det` VALUES (145, 15, '<p>5.<span style=\"white-space: pre;\"> </span>Pilih actions &ldquo;<strong>Delete</strong>&rdquo; untuk menghapus data.</p>', NULL, 4, NULL, '2022-06-14 13:05:44', '2022-06-14 13:05:44', NULL, 11);
INSERT INTO `t_content_det` VALUES (146, 15, 'Actions Delete', NULL, 5, 'files_content/15/1655186756_actions delete.png', '2022-06-14 13:05:56', '2022-06-14 13:05:56', NULL, 12);
INSERT INTO `t_content_det` VALUES (147, 15, '<p>6.<span style=\"white-space: pre;\"> </span>Pilih actions &ldquo;<strong>Verify</strong>&rdquo; untuk mengirimkan data ke proses berikutnya dengan memberikan catatan dan pilih tombol &ldquo;<strong>Submit</strong>&rdquo; untuk menyimpan data atau tombol &ldquo;<strong>Back</strong>&rdquo; untuk kembali ke halaman sebelumnya.</p>', NULL, 4, NULL, '2022-06-14 13:06:17', '2022-06-14 13:06:17', NULL, 13);
INSERT INTO `t_content_det` VALUES (148, 15, 'Form Verify', NULL, 5, 'files_content/15/1655186788_form verify.png', '2022-06-14 13:06:28', '2022-06-14 13:06:28', NULL, 14);
INSERT INTO `t_content_det` VALUES (149, 15, '<p>7.<span style=\"white-space: pre;\"> </span>Pilih tombol &ldquo;<strong>Print</strong>&rdquo; untuk mencetak hasil permohonan cuti/surat ijin cuti.</p>', NULL, 4, NULL, '2022-06-14 13:06:48', '2022-06-14 13:06:48', NULL, 15);
INSERT INTO `t_content_det` VALUES (150, 15, 'Print Out', NULL, 5, 'files_content/15/1655186823_14. Leave Print.png', '2022-06-14 13:07:03', '2022-06-14 13:07:03', NULL, 16);
INSERT INTO `t_content_det` VALUES (151, 16, '<p>Verification Leave Submission Manager digunakan oleh manajer terkait untuk melakukan proses verifikasi permohonan ijin. Adapun caranya sebagai berikut :&nbsp;</p>', NULL, 4, NULL, '2022-06-14 13:10:36', '2022-06-14 13:10:36', NULL, 1);
INSERT INTO `t_content_det` VALUES (152, 16, '<p>1.<span style=\"white-space: pre;\"> </span>Buka halaman aplikasi HRMS melalui web browser (Chrome, Mozila FireFox atau lainnya) kemudian &ldquo;<strong>Login</strong>&rdquo;, setelah berhasil login pilih modul &ldquo;<strong>Time Management</strong>&rdquo;.</p>', NULL, 4, NULL, '2022-06-14 13:11:08', '2022-06-14 13:11:08', NULL, 2);
INSERT INTO `t_content_det` VALUES (153, 16, 'Halaman Login', NULL, 5, 'files_content/16/1655187088_1. Login.png', '2022-06-14 13:11:28', '2022-06-14 13:11:28', NULL, 3);
INSERT INTO `t_content_det` VALUES (154, 16, 'Modul HRMS', NULL, 5, 'files_content/16/1655187097_3. Modul Time Management.png', '2022-06-14 13:11:37', '2022-06-14 13:11:37', NULL, 4);
INSERT INTO `t_content_det` VALUES (155, 16, '<p>2.<span style=\"white-space: pre;\"> </span>Selanjutnya pilih menu &ldquo;<strong>Leave Permit</strong>&rdquo;&nbsp; kemudian sub menu &ldquo;<strong>Verification Leave Submission Manager</strong>&rdquo;.</p>', NULL, 4, NULL, '2022-06-14 13:12:06', '2022-06-14 13:12:06', NULL, 5);
INSERT INTO `t_content_det` VALUES (156, 16, 'Sub Menu Verification Leave Submission MGR', NULL, 5, 'files_content/16/1655187189_5. Leave Submission.png', '2022-06-14 13:13:09', '2022-06-14 13:13:09', NULL, 6);
INSERT INTO `t_content_det` VALUES (157, 16, '<p>3.<span style=\"white-space: pre;\"> </span>Pilih actions &ldquo;<strong>Edit</strong>&rdquo; untuk merubah data permohonan cuti dan jumlah hari cuti serta kategori cuti,&nbsp; kemudian input data yang ingin dilakukan perubahan dan pilih tombol &ldquo;<strong>Submit</strong>&rdquo; untuk menyimpan data atau tombol &ldquo;<strong>Back</strong>&rdquo; untuk kembali ke halaman sebelumnya.</p>', NULL, 4, NULL, '2022-06-14 13:13:52', '2022-06-14 13:13:52', NULL, 7);
INSERT INTO `t_content_det` VALUES (158, 16, 'Form Edit', NULL, 5, 'files_content/16/1655187504_15 Kategori leave.png', '2022-06-14 13:18:24', '2022-06-14 13:18:24', NULL, 8);
INSERT INTO `t_content_det` VALUES (159, 16, '<p>4.<span style=\"white-space: pre;\"> </span>Pilih actions &ldquo;<strong>Verify</strong>&rdquo; untuk mengirimkan data ke proses berikutnya dengan memberikan catatan dan pilih tombol &ldquo;<strong>Submit</strong>&rdquo; untuk menyimpan data atau tombol &ldquo;<strong>Back</strong>&rdquo; untuk kembali ke halaman sebelumnya.</p>', NULL, 4, NULL, '2022-06-14 13:19:44', '2022-06-14 13:19:44', NULL, 9);
INSERT INTO `t_content_det` VALUES (160, 16, 'Form Verify', NULL, 5, 'files_content/16/1655187595_form verify.png', '2022-06-14 13:19:55', '2022-06-14 13:19:55', NULL, 10);
INSERT INTO `t_content_det` VALUES (161, 17, '<p>Verification Leave Submission HRD digunakan oleh manajer HRD untuk melakukan proses verifikasi permohonan ijin. Adapun caranya sebagai berikut :&nbsp;</p>', NULL, 4, NULL, '2022-06-14 13:23:58', '2022-06-14 13:23:58', NULL, 1);
INSERT INTO `t_content_det` VALUES (162, 17, '<p>1.<span style=\"white-space: pre;\"> </span>Buka halaman aplikasi HRMS melalui web browser (Chrome, Mozila FireFox atau lainnya) kemudian &ldquo;<strong>Login</strong>&rdquo;, setelah berhasil login pilih modul &ldquo;<strong>Time Management</strong>&rdquo;.</p>', NULL, 4, NULL, '2022-06-14 13:24:28', '2022-06-14 13:24:28', NULL, 2);
INSERT INTO `t_content_det` VALUES (163, 17, 'Halaman Login', NULL, 5, 'files_content/17/1655187883_1. Login.png', '2022-06-14 13:24:43', '2022-06-14 13:24:43', NULL, 3);
INSERT INTO `t_content_det` VALUES (164, 17, 'Modul HRMS', NULL, 5, 'files_content/17/1655187895_3. Modul Time Management.png', '2022-06-14 13:24:55', '2022-06-14 13:24:55', NULL, 4);
INSERT INTO `t_content_det` VALUES (165, 17, '<p>2.<span style=\"white-space: pre;\"> </span>Selanjutnya pilih menu &ldquo;<strong>Leave Permit</strong>&rdquo;&nbsp; kemudian sub menu &ldquo;<strong>Verification Leave Submission HRD</strong>&rdquo;.</p>', NULL, 4, NULL, '2022-06-14 13:26:08', '2022-06-14 13:26:08', NULL, 5);
INSERT INTO `t_content_det` VALUES (166, 17, 'Sub Menu Verification Leave Submission HRD', NULL, 5, 'files_content/17/1655188018_11. Leave HRD.png', '2022-06-14 13:26:58', '2022-06-14 13:26:58', NULL, 6);
INSERT INTO `t_content_det` VALUES (167, 17, '<p>3.<span style=\"white-space: pre;\"> </span>Pilih actions &ldquo;<strong>Edit</strong>&rdquo; untuk merubah data permohonan cuti dan jumlah hari cuti serta kategori cuti,&nbsp; kemudian input data yang ingin dilakukan perubahan dan pilih tombol &ldquo;<strong>Submit</strong>&rdquo; untuk menyimpan data atau tombol &ldquo;<strong>Back</strong>&rdquo; untuk kembali ke halaman sebelumnya.</p>', NULL, 4, NULL, '2022-06-14 13:27:27', '2022-06-14 13:27:27', NULL, 7);
INSERT INTO `t_content_det` VALUES (168, 17, 'Form Edit', NULL, 5, 'files_content/17/1655188067_15 Kategori leave.png', '2022-06-14 13:27:47', '2022-06-14 13:27:48', NULL, 8);
INSERT INTO `t_content_det` VALUES (169, 17, '<p>4.<span style=\"white-space: pre;\"> </span>Pilih actions &ldquo;<strong>Verify</strong>&rdquo; untuk mengirimkan data ke proses berikutnya dengan memberikan catatan dan pilih tombol &ldquo;<strong>Submit</strong>&rdquo; untuk menyimpan data atau tombol &ldquo;<strong>Back</strong>&rdquo; untuk kembali ke halaman sebelumnya.</p>', NULL, 4, NULL, '2022-06-14 13:28:43', '2022-06-14 13:28:43', NULL, 9);
INSERT INTO `t_content_det` VALUES (170, 17, 'Form Verify', NULL, 5, 'files_content/17/1655188139_form verify.png', '2022-06-14 13:28:59', '2022-06-14 13:28:59', NULL, 10);
INSERT INTO `t_content_det` VALUES (171, 18, '<p>Verification Leave Submission BM digunakan oleh kepala cabang untuk melakukan proses persetujuan permohonan ijin. Adapun caranya sebagai berikut :&nbsp;</p>', NULL, 4, NULL, '2022-06-14 13:30:49', '2022-06-14 13:30:49', NULL, 1);
INSERT INTO `t_content_det` VALUES (172, 18, '<p>1.<span style=\"white-space: pre;\"> </span>Buka halaman aplikasi HRMS melalui web browser (Chrome, Mozila FireFox atau lainnya) kemudian &ldquo;<strong>Login</strong>&rdquo;, setelah berhasil login pilih modul &ldquo;<strong>Time Management</strong>&rdquo;.</p>', NULL, 4, NULL, '2022-06-14 13:31:12', '2022-06-14 13:31:13', NULL, 2);
INSERT INTO `t_content_det` VALUES (173, 18, 'Halaman Login', NULL, 5, 'files_content/18/1655188287_1. Login.png', '2022-06-14 13:31:27', '2022-06-14 13:31:27', NULL, 3);
INSERT INTO `t_content_det` VALUES (174, 18, 'Modul HRMS', NULL, 5, 'files_content/18/1655188295_3. Modul Time Management.png', '2022-06-14 13:31:35', '2022-06-14 13:31:35', NULL, 4);
INSERT INTO `t_content_det` VALUES (175, 18, '<p>2.<span style=\"white-space: pre;\"> </span>Selanjutnya pilih menu &ldquo;<strong>Leave Permit</strong>&rdquo;&nbsp; kemudian sub menu &ldquo;<strong>Verification Leave Submission BM</strong>&rdquo;.</p>', NULL, 4, NULL, '2022-06-14 13:32:00', '2022-06-14 13:32:00', NULL, 5);
INSERT INTO `t_content_det` VALUES (176, 18, 'Sub Menu Verification Leave Submission BM', NULL, 5, 'files_content/18/1655188348_12. Leave BM.png', '2022-06-14 13:32:28', '2022-06-14 13:32:29', NULL, 6);
INSERT INTO `t_content_det` VALUES (177, 18, '<p>3.<span style=\"white-space: pre;\"> </span>Pilih actions &ldquo;<strong>Edit</strong>&rdquo; untuk merubah data permohonan cuti dan jumlah hari cuti serta kategori cuti,&nbsp; kemudian input data yang ingin dilakukan perubahan dan pilih tombol &ldquo;<strong>Submit</strong>&rdquo; untuk menyimpan data atau tombol &ldquo;<strong>Back</strong>&rdquo; untuk kembali ke halaman sebelumnya.</p>', NULL, 4, NULL, '2022-06-14 13:32:51', '2022-06-14 13:32:51', NULL, 7);
INSERT INTO `t_content_det` VALUES (178, 18, 'Form Edit', NULL, 5, 'files_content/18/1655188385_15 Kategori leave.png', '2022-06-14 13:33:05', '2022-06-14 13:33:05', NULL, 8);
INSERT INTO `t_content_det` VALUES (179, 18, '<p>4.<span style=\"white-space: pre;\"> </span>Pilih actions &ldquo;<strong>Verify</strong>&rdquo; untuk mengirimkan data ke proses berikutnya dengan memberikan catatan dan pilih tombol &ldquo;<strong>Submit</strong>&rdquo; untuk menyimpan data atau tombol &ldquo;<strong>Back</strong>&rdquo; untuk kembali ke halaman sebelumnya.</p>', NULL, 4, NULL, '2022-06-14 13:33:24', '2022-06-14 13:33:24', NULL, 9);
INSERT INTO `t_content_det` VALUES (180, 18, 'Form Verify', NULL, 5, 'files_content/18/1655188419_form verify.png', '2022-06-14 13:33:39', '2022-06-14 13:33:39', NULL, 10);
INSERT INTO `t_content_det` VALUES (181, 19, '<p>Finish Leave Submission digunakan untuk penampungan data permohonan ijin yang sudah selesai proses verifikasi/persetujuan dan dapat mencetak surat ijin cuti. Adapun caranya sebagai berikut :&nbsp;</p>', NULL, 4, NULL, '2022-06-14 13:35:40', '2022-06-14 13:35:40', NULL, 1);
INSERT INTO `t_content_det` VALUES (182, 19, '<p>1.<span style=\"white-space: pre;\"> </span>Buka halaman aplikasi HRMS melalui web browser (Chrome, Mozila FireFox atau lainnya) kemudian &ldquo;<strong>Login</strong>&rdquo;, setelah berhasil login pilih modul &ldquo;<strong>Time Management</strong>&rdquo;.</p>', NULL, 4, NULL, '2022-06-14 13:36:03', '2022-06-14 13:36:03', NULL, 2);
INSERT INTO `t_content_det` VALUES (183, 19, 'Halaman Login', NULL, 5, 'files_content/19/1655188572_1. Login.png', '2022-06-14 13:36:12', '2022-06-14 13:36:12', NULL, 3);
INSERT INTO `t_content_det` VALUES (184, 19, 'Modul HRMS', NULL, 5, 'files_content/19/1655188578_3. Modul Time Management.png', '2022-06-14 13:36:18', '2022-06-14 13:36:18', NULL, 4);
INSERT INTO `t_content_det` VALUES (185, 19, '<p>2.<span style=\"white-space: pre;\"> </span>Selanjutnya pilih menu &ldquo;<strong>Leave Permit</strong>&rdquo;&nbsp; kemudian sub menu &ldquo;<strong>Finish Leave Submission</strong>&rdquo;.</p>', NULL, 4, NULL, '2022-06-14 13:36:46', '2022-06-14 13:36:46', NULL, 5);
INSERT INTO `t_content_det` VALUES (186, 19, 'Sub Menu Finish Leave Submission', NULL, 5, 'files_content/19/1655188633_13. Leave Finish.png', '2022-06-14 13:37:13', '2022-06-14 13:37:13', NULL, 6);
INSERT INTO `t_content_det` VALUES (187, 19, '<p>3.<span style=\"white-space: pre;\"> </span>Pilih tombol &ldquo;<strong>Print</strong>&rdquo; untuk mencetak hasil permohonan cuti/surat ijin cuti.</p>', NULL, 4, NULL, '2022-06-14 13:37:30', '2022-06-14 13:37:30', NULL, 7);
INSERT INTO `t_content_det` VALUES (188, 19, 'Print Out', NULL, 5, 'files_content/19/1655188661_14. Leave Print.png', '2022-06-14 13:37:41', '2022-06-14 13:37:41', NULL, 8);
INSERT INTO `t_content_det` VALUES (189, 20, '<p>Overtime Submission Manager digunakan oleh manager terkait untuk membuat permohonan surat perintah lembur&nbsp; dan menentukan pegawai yang melakukan lembur. Adapun caranya sebagai berikut :</p>', NULL, 4, NULL, '2022-06-14 13:40:15', '2022-06-14 13:40:15', NULL, 1);
INSERT INTO `t_content_det` VALUES (190, 20, '<p>1.<span style=\"white-space: pre;\"> </span>Buka halaman aplikasi HRMS melalui web browser (Chrome, Mozila FireFox atau lainnya) kemudian &ldquo;<strong>Login</strong>&rdquo;, setelah berhasil login pilih modul &ldquo;<strong>Time Management</strong>&rdquo;.</p>', NULL, 4, NULL, '2022-06-14 13:40:41', '2022-06-14 13:40:41', NULL, 2);
INSERT INTO `t_content_det` VALUES (191, 20, 'Halaman Login', NULL, 5, 'files_content/20/1655188853_1. Login.png', '2022-06-14 13:40:54', '2022-06-14 13:40:54', NULL, 3);
INSERT INTO `t_content_det` VALUES (192, 20, 'Modul HRMS', NULL, 5, 'files_content/20/1655188862_3. Modul Time Management.png', '2022-06-14 13:41:02', '2022-06-14 13:41:02', NULL, 4);
INSERT INTO `t_content_det` VALUES (193, 20, '<p>2.<span style=\"white-space: pre;\"> </span>Selanjutnya pilih menu &ldquo;<strong>Overtime Work Order</strong>&rdquo;&nbsp; kemudian sub menu &ldquo;<strong>Overtime Submission Manager</strong>&rdquo;.</p>', NULL, 4, NULL, '2022-06-14 13:41:28', '2022-06-14 13:41:28', NULL, 5);
INSERT INTO `t_content_det` VALUES (194, 20, 'Sub Menu Overtime Submission Manager', NULL, 5, 'files_content/20/1655189004_7. Overtime Submission.png', '2022-06-14 13:43:24', '2022-06-14 13:43:24', NULL, 6);
INSERT INTO `t_content_det` VALUES (195, 20, '<p>3.<span style=\"white-space: pre;\"> </span>Pilih tombol &ldquo;<strong>Add New</strong>&rdquo; untuk membuat permohonan surat perintah lembur kemudian lengkapi form yang tersedia dan pilih tombol &ldquo;<strong>Submit</strong>&rdquo; untuk menyimpan data atau tombol &ldquo;<strong>Back</strong>&rdquo; untuk kembali ke halaman sebelumnya.</p>', NULL, 4, NULL, '2022-06-14 13:44:18', '2022-06-14 13:44:18', NULL, 7);
INSERT INTO `t_content_det` VALUES (196, 20, 'Form Add', NULL, 5, 'files_content/20/1655189075_8. Form Add Overtime Submission.png', '2022-06-14 13:44:35', '2022-06-14 13:44:35', NULL, 8);
INSERT INTO `t_content_det` VALUES (197, 20, '<p>4.<span style=\"white-space: pre;\"> </span>Pilih actions &ldquo;<strong>Edit </strong>&rdquo; untuk merubah data,&nbsp; kemudian input data yang ingin dilakukan perubahan dan pilih tombol &ldquo;<strong>Submit</strong>&rdquo; untuk menyimpan data atau tombol &ldquo;<strong>Back</strong>&rdquo; untuk kembali ke halaman sebelumnya.</p>\r\n<p>&nbsp;</p>', NULL, 4, NULL, '2022-06-14 13:45:06', '2022-06-14 13:45:06', NULL, 9);
INSERT INTO `t_content_det` VALUES (198, 20, 'Form Edit', NULL, 5, 'files_content/20/1655189124_10. Form Edit Overtime Submission.png', '2022-06-14 13:45:24', '2022-06-14 13:45:24', NULL, 10);
INSERT INTO `t_content_det` VALUES (199, 20, '<p>5.<span style=\"white-space: pre;\"> </span>Pilih actions &ldquo;<strong>Delete</strong>&rdquo; untuk menghapus data.</p>', NULL, 4, NULL, '2022-06-14 13:45:58', '2022-06-14 13:45:58', NULL, 11);
INSERT INTO `t_content_det` VALUES (200, 20, 'Actions Delete', NULL, 5, 'files_content/20/1655189170_actions delete.png', '2022-06-14 13:46:10', '2022-06-14 13:46:10', NULL, 12);
INSERT INTO `t_content_det` VALUES (201, 20, '<p>6.<span style=\"white-space: pre;\"> </span>Pilih actions &ldquo;<strong>Add Employee</strong>&rdquo; untuk menambahkan pegawai yang melakukan lembur, kemudian centang nama pegawai serta input jam lembur dan pilih tombol &ldquo;<strong>Submit</strong>&rdquo; untuk menyimpan data atau tombol &ldquo;<strong>Back</strong>&rdquo; untuk kembali ke halaman sebelumnya.</p>', NULL, 4, NULL, '2022-06-14 13:46:45', '2022-06-14 13:46:45', NULL, 13);
INSERT INTO `t_content_det` VALUES (202, 20, 'Form Add', NULL, 5, 'files_content/20/1655189272_11. Form Add Emp Overtime.png', '2022-06-14 13:47:52', '2022-06-14 13:47:52', NULL, 14);
INSERT INTO `t_content_det` VALUES (203, 20, '<p>7.<span style=\"white-space: pre;\"> </span>Pilih actions &ldquo;<strong>Verify</strong>&rdquo; untuk mengirimkan data ke proses berikutnya dengan memberikan catatan dan pilih tombol &ldquo;<strong>Submit</strong>&rdquo; untuk menyimpan data atau tombol &ldquo;<strong>Back</strong>&rdquo; untuk kembali ke halaman sebelumnya.</p>', NULL, 4, NULL, '2022-06-14 13:49:26', '2022-06-14 13:49:26', NULL, 15);
INSERT INTO `t_content_det` VALUES (204, 20, 'Form Verify', NULL, 5, 'files_content/20/1655189379_form verify.png', '2022-06-14 13:49:39', '2022-06-14 13:49:39', NULL, 16);
INSERT INTO `t_content_det` VALUES (205, 20, '<p>8.<span style=\"white-space: pre;\"> </span>Pilih actions &ldquo;<strong>Print</strong>&rdquo; untuk mencetak surat perintah lembur.</p>', NULL, 4, NULL, '2022-06-14 13:50:19', '2022-06-14 13:50:19', NULL, 17);
INSERT INTO `t_content_det` VALUES (206, 20, 'Print Out', NULL, 5, 'files_content/20/1655189435_6. PrintOut Overtime Employee.png', '2022-06-14 13:50:35', '2022-06-14 13:50:35', NULL, 18);
INSERT INTO `t_content_det` VALUES (207, 20, '<p>9.<span style=\"white-space: pre;\"> </span>Pilih actions &ldquo;<strong>List Employee</strong>&rdquo; untuk mengetahui nama &ndash; nama pegawai yang mendapatkan perintah lembur.</p>', NULL, 4, NULL, '2022-06-14 13:50:55', '2022-06-14 13:50:55', NULL, 19);
INSERT INTO `t_content_det` VALUES (208, 20, 'List Employee', NULL, 5, 'files_content/20/1655189675_list.png', '2022-06-14 13:54:35', '2022-06-14 13:54:35', NULL, 20);
INSERT INTO `t_content_det` VALUES (209, 21, '<p>Approval Overtime Manager digunakan oleh manajer terkait untuk melakukan proses verifikasi permohonan surat perintah lembur. Adapun caranya sebagai berikut :</p>', NULL, 4, NULL, '2022-06-14 14:00:32', '2022-06-14 14:00:32', NULL, 1);
INSERT INTO `t_content_det` VALUES (210, 21, '<p>1.<span style=\"white-space: pre;\"> </span>Buka halaman aplikasi HRMS melalui web browser (Chrome, Mozila FireFox atau lainnya) kemudian &ldquo;<strong>Login</strong>&rdquo;, setelah berhasil login pilih modul &ldquo;<strong>Time Management</strong>&rdquo;.</p>', NULL, 4, NULL, '2022-06-14 14:00:58', '2022-06-14 14:00:58', NULL, 2);
INSERT INTO `t_content_det` VALUES (211, 21, 'Halaman Login', NULL, 5, 'files_content/21/1655190071_1. Login.png', '2022-06-14 14:01:11', '2022-06-14 14:01:11', NULL, 3);
INSERT INTO `t_content_det` VALUES (212, 21, 'Modul HRMS', NULL, 5, 'files_content/21/1655190086_3. Modul Time Management.png', '2022-06-14 14:01:26', '2022-06-14 14:01:26', NULL, 4);
INSERT INTO `t_content_det` VALUES (213, 21, '<p>2.<span style=\"white-space: pre;\"> </span>Selanjutnya pilih menu &ldquo;<strong>Overtime Work Order</strong>&rdquo;&nbsp; kemudian sub menu &ldquo;<strong>Approval Overtime Manager</strong>&rdquo;.</p>', NULL, 4, NULL, '2022-06-14 14:01:58', '2022-06-14 14:01:58', NULL, 5);
INSERT INTO `t_content_det` VALUES (214, 21, 'Sub Menu Approval Overtime Manager', NULL, 5, 'files_content/21/1655190344_app mgr.png', '2022-06-14 14:05:44', '2022-06-14 14:05:44', NULL, 6);
INSERT INTO `t_content_det` VALUES (215, 21, '<p>3.<span style=\"white-space: pre;\"> </span>Pilih actions &ldquo;<strong>Verify</strong>&rdquo; untuk mengirimkan data ke proses berikutnya dengan memberikan catatan dan pilih tombol &ldquo;<strong>Submit</strong>&rdquo; untuk menyimpan data atau tombol &ldquo;<strong>Back</strong>&rdquo; untuk kembali ke halaman sebelumnya.</p>', NULL, 4, NULL, '2022-06-14 14:06:56', '2022-06-14 14:06:56', NULL, 7);
INSERT INTO `t_content_det` VALUES (216, 21, 'Form Verify', NULL, 5, 'files_content/21/1655190427_form verify.png', '2022-06-14 14:07:07', '2022-06-14 14:07:07', NULL, 8);
INSERT INTO `t_content_det` VALUES (217, 22, '<p>Verification Overtime BM digunakan oleh kepala cabang untuk melakukan proses verifikasi permohonan surat perintah lembur. Adapun caranya sebagai berikut :</p>', NULL, 4, NULL, '2022-06-14 14:09:08', '2022-06-14 14:09:08', NULL, 1);
INSERT INTO `t_content_det` VALUES (218, 22, '<p>1.<span style=\"white-space: pre;\"> </span>Buka halaman aplikasi HRMS melalui web browser (Chrome, Mozila FireFox atau lainnya) kemudian &ldquo;<strong>Login</strong>&rdquo;, setelah berhasil login pilih modul &ldquo;<strong>Time Management</strong>&rdquo;.</p>', NULL, 4, NULL, '2022-06-14 14:09:36', '2022-06-14 14:09:36', NULL, 2);
INSERT INTO `t_content_det` VALUES (219, 22, 'Halaman Login', NULL, 5, 'files_content/22/1655190597_1. Login.png', '2022-06-14 14:09:57', '2022-06-14 14:09:57', NULL, 3);
INSERT INTO `t_content_det` VALUES (220, 22, 'Modul HRMS', NULL, 5, 'files_content/22/1655190606_3. Modul Time Management.png', '2022-06-14 14:10:06', '2022-06-14 14:10:06', NULL, 4);
INSERT INTO `t_content_det` VALUES (221, 22, '<p>2.<span style=\"white-space: pre;\"> </span>Selanjutnya pilih menu &ldquo;<strong>Overtime Work Order</strong>&rdquo;&nbsp; kemudian sub menu &ldquo;<strong>Verification Overtime BM</strong>&rdquo;.</p>', NULL, 4, NULL, '2022-06-14 14:10:28', '2022-06-14 14:10:28', NULL, 5);
INSERT INTO `t_content_det` VALUES (222, 22, 'Sub Menu Verification Overtime BM', NULL, 5, 'files_content/22/1655190702_16. Overtime Verify BM.png', '2022-06-14 14:11:42', '2022-06-14 14:11:42', NULL, 6);
INSERT INTO `t_content_det` VALUES (223, 22, '<p>3.<span style=\"white-space: pre;\"> </span>Pilih actions &ldquo;<strong>Verify</strong>&rdquo; untuk mengirimkan data ke proses berikutnya dengan memberikan catatan dan pilih tombol &ldquo;<strong>Submit</strong>&rdquo; untuk menyimpan data atau tombol &ldquo;<strong>Back</strong>&rdquo; untuk kembali ke halaman sebelumnya.</p>', NULL, 4, NULL, '2022-06-14 14:12:38', '2022-06-14 14:12:38', NULL, 7);
INSERT INTO `t_content_det` VALUES (224, 22, 'Form Verify', NULL, 5, 'files_content/22/1655190778_form verify.png', '2022-06-14 14:12:58', '2022-06-14 14:12:58', NULL, 8);
INSERT INTO `t_content_det` VALUES (225, 23, '<p>Verification Overtime HRD digunakan oleh manager HRD untuk melakukan proses verifikasi permohonan surat perintah lembur. Adapun caranya sebagai berikut :</p>', NULL, 4, NULL, '2022-06-14 14:15:00', '2022-06-14 14:15:00', NULL, 1);
INSERT INTO `t_content_det` VALUES (226, 23, '<p>1.<span style=\"white-space: pre;\"> </span>Buka halaman aplikasi HRMS melalui web browser (Chrome, Mozila FireFox atau lainnya) kemudian &ldquo;<strong>Login</strong>&rdquo;, setelah berhasil login pilih modul &ldquo;<strong>Time Management</strong>&rdquo;.</p>', NULL, 4, NULL, '2022-06-14 14:15:23', '2022-06-14 14:15:23', NULL, 2);
INSERT INTO `t_content_det` VALUES (227, 23, 'Halaman Login', NULL, 5, 'files_content/23/1655190934_1. Login.png', '2022-06-14 14:15:34', '2022-06-14 14:15:35', NULL, 3);
INSERT INTO `t_content_det` VALUES (228, 23, 'Modul HRMS', NULL, 5, 'files_content/23/1655190944_3. Modul Time Management.png', '2022-06-14 14:15:44', '2022-06-14 14:15:44', NULL, 4);
INSERT INTO `t_content_det` VALUES (229, 23, '<p>2.<span style=\"white-space: pre;\"> </span>Selanjutnya pilih menu &ldquo;<strong>Overtime Work Order</strong>&rdquo;&nbsp; kemudian sub menu &ldquo;<strong>Verification Overtime HRD</strong>&rdquo;.</p>', NULL, 4, NULL, '2022-06-14 14:16:07', '2022-06-14 14:16:07', NULL, 5);
INSERT INTO `t_content_det` VALUES (230, 23, 'Sub Menu Verification Overtime HRD', NULL, 5, 'files_content/23/1655191023_17. Overtime Verify HRD.png', '2022-06-14 14:17:03', '2022-06-14 14:17:03', NULL, 6);
INSERT INTO `t_content_det` VALUES (231, 23, '<p>3.<span style=\"white-space: pre;\"> </span>Pilih actions &ldquo;<strong>Verify</strong>&rdquo; untuk mengirimkan data ke proses berikutnya dengan memberikan catatan dan pilih tombol &ldquo;<strong>Submit</strong>&rdquo; untuk menyimpan data atau tombol &ldquo;<strong>Back</strong>&rdquo; untuk kembali ke halaman sebelumnya.</p>', NULL, 4, NULL, '2022-06-14 14:17:26', '2022-06-14 14:17:26', NULL, 7);
INSERT INTO `t_content_det` VALUES (232, 23, 'Form Verify', NULL, 5, 'files_content/23/1655191060_form verify.png', '2022-06-14 14:17:40', '2022-06-14 14:17:40', NULL, 8);
INSERT INTO `t_content_det` VALUES (233, 24, '<p>Print Overtime HRD digunakan untuk penampungan data permohonan surat perintah lembur yang sudah selesai proses verifikasi/persetujuan. Adapun caranya sebagai berikut :</p>', NULL, 4, NULL, '2022-06-14 14:21:42', '2022-06-14 14:21:42', NULL, 1);
INSERT INTO `t_content_det` VALUES (234, 24, '<p>1.<span style=\"white-space: pre;\"> </span>Buka halaman aplikasi HRMS melalui web browser (Chrome, Mozila FireFox atau lainnya) kemudian &ldquo;<strong>Login</strong>&rdquo;, setelah berhasil login pilih modul &ldquo;<strong>Time Management</strong>&rdquo;.</p>', NULL, 4, NULL, '2022-06-14 14:22:10', '2022-06-14 14:22:10', NULL, 2);
INSERT INTO `t_content_det` VALUES (235, 24, 'Halaman Login', NULL, 5, 'files_content/24/1655191339_1. Login.png', '2022-06-14 14:22:20', '2022-06-14 14:22:20', NULL, 3);
INSERT INTO `t_content_det` VALUES (236, 24, 'Modul HRMS', NULL, 5, 'files_content/24/1655191350_3. Modul Time Management.png', '2022-06-14 14:22:30', '2022-06-14 14:22:30', NULL, 4);
INSERT INTO `t_content_det` VALUES (237, 24, '<p>2.<span style=\"white-space: pre;\"> </span>Selanjutnya pilih menu &ldquo;<strong>Overtime Work Order</strong>&rdquo;&nbsp; kemudian sub menu &ldquo;<strong>Print Overtime HRD</strong>&rdquo;.</p>', NULL, 4, NULL, '2022-06-14 14:22:56', '2022-06-14 14:22:56', NULL, 5);
INSERT INTO `t_content_det` VALUES (238, 24, 'Sub Menu Print Overtime HRD', NULL, 5, 'files_content/24/1655191413_18. Overtime Print HRD.png', '2022-06-14 14:23:33', '2022-06-14 14:23:33', NULL, 6);
INSERT INTO `t_content_det` VALUES (239, 24, '<p>3.<span style=\"white-space: pre;\"> </span>Pilih actions &ldquo;<strong>Print</strong>&rdquo; untuk mencetak surat perintah lembur.</p>', NULL, 4, NULL, '2022-06-14 14:23:53', '2022-06-14 14:23:53', NULL, 7);
INSERT INTO `t_content_det` VALUES (240, 24, 'Print Out', NULL, 5, 'files_content/24/1655191448_6. PrintOut Overtime Employee.png', '2022-06-14 14:24:08', '2022-06-14 14:24:08', NULL, 8);
INSERT INTO `t_content_det` VALUES (241, 25, '<p>Overtime Per Employee digunakan untuk penampungan data permohonan surat perintah lembur yang sudah selesai proses verifikasi/persetujuan per pegawai. Adapun caranya sebagai berikut :</p>', NULL, 4, NULL, '2022-06-14 14:25:37', '2022-06-14 14:25:37', NULL, 1);
INSERT INTO `t_content_det` VALUES (242, 25, '<p>1.<span style=\"white-space: pre;\"> </span>Buka halaman aplikasi HRMS melalui web browser (Chrome, Mozila FireFox atau lainnya) kemudian &ldquo;<strong>Login</strong>&rdquo;, setelah berhasil login pilih modul &ldquo;<strong>Time Management</strong>&rdquo;.</p>', NULL, 4, NULL, '2022-06-14 14:25:57', '2022-06-14 14:25:57', NULL, 2);
INSERT INTO `t_content_det` VALUES (243, 25, 'Halaman Login', NULL, 5, 'files_content/25/1655191573_1. Login.png', '2022-06-14 14:26:13', '2022-06-14 14:26:13', NULL, 3);
INSERT INTO `t_content_det` VALUES (244, 25, 'Modul HRMS', NULL, 5, 'files_content/25/1655191582_3. Modul Time Management.png', '2022-06-14 14:26:22', '2022-06-14 14:26:22', NULL, 4);
INSERT INTO `t_content_det` VALUES (245, 25, '<p>2.<span style=\"white-space: pre;\"> </span>Selanjutnya pilih menu &ldquo;<strong>Overtime Work Order</strong>&rdquo;&nbsp; kemudian sub menu &ldquo;<strong>Overtime per Employee</strong>&rdquo;.</p>', NULL, 4, NULL, '2022-06-14 14:26:51', '2022-06-14 14:26:51', NULL, 5);
INSERT INTO `t_content_det` VALUES (246, 25, 'Sub Menu Overtime per Employee', NULL, 5, 'files_content/25/1655191655_5. Overtime Employee.png', '2022-06-14 14:27:35', '2022-06-14 14:27:35', NULL, 6);
INSERT INTO `t_content_det` VALUES (247, 25, '<p>3.<span style=\"white-space: pre;\"> </span>Pilih actions &ldquo;<strong>Print</strong>&rdquo; untuk mencetak surat perintah lembur.</p>', NULL, 4, NULL, '2022-06-14 14:28:01', '2022-06-14 14:28:01', NULL, 7);
INSERT INTO `t_content_det` VALUES (248, 25, 'Print Out', NULL, 5, 'files_content/25/1655191691_6. PrintOut Overtime Employee.png', '2022-06-14 14:28:11', '2022-06-14 14:28:11', NULL, 8);
INSERT INTO `t_content_det` VALUES (249, 26, '<p>Fingerprint Device Brand digunakan untuk mencatat data brand dan tipe mesin finger pada masing &ndash; masing cabang. Adapun caranya sebagai berikut :</p>', NULL, 4, NULL, '2022-06-15 08:24:32', '2022-06-15 08:24:32', NULL, 1);
INSERT INTO `t_content_det` VALUES (250, 26, '<p>1.<span style=\"white-space: pre;\"> </span>Buka halaman aplikasi HRMS melalui web browser (Chrome, Mozila FireFox atau lainnya) kemudian &ldquo;<strong>Login</strong>&rdquo;, setelah berhasil login pilih modul &ldquo;<strong>Time Management</strong>&rdquo;</p>', NULL, 4, NULL, '2022-06-15 08:25:22', '2022-06-15 08:25:22', NULL, 2);
INSERT INTO `t_content_det` VALUES (251, 26, 'Halaman Login', NULL, 5, 'files_content/26/1655258295_1. Login.png', '2022-06-15 08:58:16', '2022-06-15 08:58:16', NULL, 3);
INSERT INTO `t_content_det` VALUES (252, 26, 'Modul HRMS', NULL, 5, 'files_content/26/1655258305_3. Modul Time Management.png', '2022-06-15 08:58:25', '2022-06-15 08:58:25', NULL, 4);
INSERT INTO `t_content_det` VALUES (253, 26, '<p>2.<span style=\"white-space: pre;\"> </span>Selanjutnya pilih menu &ldquo;<strong>Master Data</strong>&rdquo;&nbsp; kemudian sub menu &ldquo;<strong>Fingerprint Device Brand</strong>&rdquo;.</p>', NULL, 4, NULL, '2022-06-15 09:03:19', '2022-06-15 09:03:19', NULL, 5);
INSERT INTO `t_content_det` VALUES (254, 26, 'Sub Menu Fingerprint Device Brand', NULL, 5, 'files_content/26/1655258697_menu.png', '2022-06-15 09:04:57', '2022-06-15 09:04:57', NULL, 6);
INSERT INTO `t_content_det` VALUES (255, 26, '<p>3.<span style=\"white-space: pre;\"> </span>Pilih tombol &ldquo;<strong>Add New</strong>&rdquo; untuk menambah data kemudian lengkapi form yang tersedia dan pilih tombol &ldquo;<strong>Submit</strong>&rdquo; untuk menyimpan data atau tombol &ldquo;<strong>Back</strong>&rdquo; untuk kembali ke halaman sebelumnya.</p>', NULL, 4, NULL, '2022-06-15 09:05:45', '2022-06-15 09:05:45', NULL, 7);
INSERT INTO `t_content_det` VALUES (256, 26, 'Form Add', NULL, 5, 'files_content/26/1655258840_form add.png', '2022-06-15 09:07:20', '2022-06-15 09:07:20', NULL, 8);
INSERT INTO `t_content_det` VALUES (257, 26, '<p>4.<span style=\"white-space: pre;\"> </span>Pilih actions &ldquo;<strong>Edit</strong>&rdquo; untuk merubah data,&nbsp; kemudian input data yang ingin dilakukan perubahan dan pilih tombol &ldquo;<strong>Submit</strong>&rdquo; untuk menyimpan data atau tombol &ldquo;<strong>Back</strong>&rdquo; untuk kembali ke halaman sebelumnya.</p>', NULL, 4, NULL, '2022-06-15 09:08:01', '2022-06-15 09:08:01', NULL, 9);
INSERT INTO `t_content_det` VALUES (258, 26, 'Form Edit', NULL, 5, 'files_content/26/1655259022_edit.png', '2022-06-15 09:10:22', '2022-06-15 09:10:22', NULL, 10);
INSERT INTO `t_content_det` VALUES (259, 26, '<p>5.<span style=\"white-space: pre;\"> </span>Pilih actions &ldquo;<strong>Delete</strong>&rdquo; untuk menghapus data.</p>', NULL, 4, NULL, '2022-06-15 09:10:45', '2022-06-15 09:10:45', NULL, 11);
INSERT INTO `t_content_det` VALUES (260, 26, 'Actions Delete', NULL, 5, 'files_content/26/1655259070_actions delete.png', '2022-06-15 09:11:10', '2022-06-15 09:11:10', NULL, 12);
INSERT INTO `t_content_det` VALUES (261, 27, '<p>Fingerprint Device digunakan untuk mencatat data port, ip address, status mesin finger pada masing &ndash; masing cabang. Adapun caranya sebagai berikut :</p>', NULL, 4, NULL, '2022-06-15 09:17:40', '2022-06-15 09:17:40', NULL, 1);
INSERT INTO `t_content_det` VALUES (262, 27, '<p>1.<span style=\"white-space: pre;\"> </span>Buka halaman aplikasi HRMS melalui web browser (Chrome, Mozila FireFox atau lainnya) kemudian &ldquo;<strong>Login</strong>&rdquo;, setelah berhasil login pilih modul &ldquo;<strong>Time Management</strong>&rdquo;.</p>', NULL, 4, NULL, '2022-06-15 09:18:05', '2022-06-15 09:18:05', NULL, 2);
INSERT INTO `t_content_det` VALUES (263, 27, 'Halaman Login', NULL, 5, 'files_content/27/1655259556_1. Login.png', '2022-06-15 09:19:16', '2022-06-15 09:19:16', NULL, 3);
INSERT INTO `t_content_det` VALUES (264, 27, 'Modul HRMS', NULL, 5, 'files_content/27/1655259582_3. Modul Time Management.png', '2022-06-15 09:19:42', '2022-06-15 09:19:42', NULL, 4);
INSERT INTO `t_content_det` VALUES (265, 27, '<p>2.<span style=\"white-space: pre;\"> </span>Selanjutnya pilih menu &ldquo;<strong>Master Data</strong>&rdquo;&nbsp; kemudian sub menu &ldquo;<strong>Fingerprint Device</strong>&rdquo;.</p>', NULL, 4, NULL, '2022-06-15 09:21:05', '2022-06-15 09:21:06', NULL, 5);
INSERT INTO `t_content_det` VALUES (266, 27, 'Sub Menu Fingerprint Device', NULL, 5, 'files_content/27/1655259688_menu.png', '2022-06-15 09:21:28', '2022-06-15 09:21:28', NULL, 6);
INSERT INTO `t_content_det` VALUES (267, 27, '<p>3.<span style=\"white-space: pre;\"> </span>Pilih tombol &ldquo;<strong>Add New</strong>&rdquo; untuk menambah data kemudian lengkapi form yang tersedia dan pilih tombol &ldquo;<strong>Submit</strong>&rdquo; untuk menyimpan data atau tombol &ldquo;<strong>Back</strong>&rdquo; untuk kembali ke halaman sebelumnya.</p>', NULL, 4, NULL, '2022-06-15 09:22:04', '2022-06-15 09:22:04', NULL, 7);
INSERT INTO `t_content_det` VALUES (268, 27, 'Form Add', NULL, 5, 'files_content/27/1655259816_form add.png', '2022-06-15 09:23:36', '2022-06-15 09:23:36', NULL, 8);
INSERT INTO `t_content_det` VALUES (269, 27, '<p>4.<span style=\"white-space: pre;\"> </span>Pilih actions &ldquo;<strong>Edit </strong>&rdquo; untuk merubah data,&nbsp; kemudian input data yang ingin dilakukan perubahan dan pilih tombol &ldquo;<strong>Submit</strong>&rdquo; untuk menyimpan data atau tombol &ldquo;<strong>Back</strong>&rdquo; untuk kembali ke halaman sebelumnya.</p>', NULL, 4, NULL, '2022-06-15 09:24:04', '2022-06-15 09:24:04', NULL, 9);
INSERT INTO `t_content_det` VALUES (270, 27, 'Form Edit', NULL, 5, 'files_content/27/1655259912_form edit.png', '2022-06-15 09:25:12', '2022-06-15 09:25:12', NULL, 10);
INSERT INTO `t_content_det` VALUES (271, 27, '<p>5.<span style=\"white-space: pre;\"> </span>Pilih actions &ldquo;<strong>Delete</strong>&rdquo; untuk menghapus data.</p>', NULL, 4, NULL, '2022-06-15 09:25:34', '2022-06-15 09:25:34', NULL, 11);
INSERT INTO `t_content_det` VALUES (272, 27, 'Actions Delete', NULL, 5, 'files_content/27/1655259952_actions delete.png', '2022-06-15 09:25:52', '2022-06-15 09:25:52', NULL, 12);
INSERT INTO `t_content_det` VALUES (273, 28, '<p>Roster digunakan untuk mencatat data nama , kode, status dan deskripsi roster. Adapun caranya sebagai berikut :</p>', NULL, 4, NULL, '2022-06-15 09:30:52', '2022-06-15 09:30:52', NULL, 1);
INSERT INTO `t_content_det` VALUES (274, 28, '<p>1.<span style=\"white-space: pre;\"> </span>Buka halaman aplikasi HRMS melalui web browser (Chrome, Mozila FireFox atau lainnya) kemudian &ldquo;<strong>Login</strong>&rdquo;, setelah berhasil login pilih modul &ldquo;<strong>Time Management</strong>&rdquo;.</p>', NULL, 4, NULL, '2022-06-15 09:31:15', '2022-06-15 09:31:15', NULL, 2);
INSERT INTO `t_content_det` VALUES (275, 28, 'Halaman Login', NULL, 5, 'files_content/28/1655260285_1. Login.png', '2022-06-15 09:31:25', '2022-06-15 09:31:25', NULL, 3);
INSERT INTO `t_content_det` VALUES (276, 28, 'Modul HRMS', NULL, 5, 'files_content/28/1655260293_3. Modul Time Management.png', '2022-06-15 09:31:33', '2022-06-15 09:31:33', NULL, 4);
INSERT INTO `t_content_det` VALUES (277, 28, '<p>2.<span style=\"white-space: pre;\"> </span>Selanjutnya pilih menu &ldquo;<strong>Master Data</strong>&rdquo;&nbsp; kemudian sub menu &ldquo;<strong>Roster</strong>&rdquo;.</p>', NULL, 4, NULL, '2022-06-15 09:32:28', '2022-06-15 09:32:28', NULL, 5);
INSERT INTO `t_content_det` VALUES (278, 28, 'Sub Menu Roster', NULL, 5, 'files_content/28/1655260367_menu.png', '2022-06-15 09:32:47', '2022-06-15 09:32:47', NULL, 6);
INSERT INTO `t_content_det` VALUES (279, 28, '<p>3.<span style=\"white-space: pre;\"> </span>Pilih tombol &ldquo;<strong>Add New</strong>&rdquo; untuk menambah data kemudian lengkapi form yang tersedia dan pilih tombol &ldquo;<strong>Submit</strong>&rdquo; untuk menyimpan data atau tombol &ldquo;<strong>Back</strong>&rdquo; untuk kembali ke halaman sebelumnya.</p>', NULL, 4, NULL, '2022-06-15 09:33:18', '2022-06-15 09:33:18', NULL, 7);
INSERT INTO `t_content_det` VALUES (280, 28, 'Form Add', NULL, 5, 'files_content/28/1655260751_form add.png', '2022-06-15 09:39:11', '2022-06-15 09:39:11', NULL, 8);
INSERT INTO `t_content_det` VALUES (281, 28, '<p>4.<span style=\"white-space: pre;\"> </span>Pilih actions &ldquo;<strong>Edit</strong>&rdquo; untuk merubah data,&nbsp; kemudian input data yang ingin dilakukan perubahan dan pilih tombol &ldquo;<strong>Submit</strong>&rdquo; untuk menyimpan data atau tombol &ldquo;<strong>Back</strong>&rdquo; untuk kembali ke halaman sebelumnya.</p>', NULL, 4, NULL, '2022-06-15 09:39:37', '2022-06-15 09:39:37', NULL, 9);
INSERT INTO `t_content_det` VALUES (282, 28, 'Form Edit', NULL, 5, 'files_content/28/1655260787_form edit.png', '2022-06-15 09:39:47', '2022-06-15 09:39:47', NULL, 10);
INSERT INTO `t_content_det` VALUES (283, 28, '<p>5.<span style=\"white-space: pre;\"> </span>Pilih actions &ldquo;<strong>Delete</strong>&rdquo; untuk menghapus data.</p>', NULL, 4, NULL, '2022-06-15 09:40:02', '2022-06-15 09:40:02', NULL, 11);
INSERT INTO `t_content_det` VALUES (284, 28, 'Actions Delete', NULL, 5, 'files_content/28/1655260814_actions delete.png', '2022-06-15 09:40:14', '2022-06-15 09:40:14', NULL, 12);
INSERT INTO `t_content_det` VALUES (285, 29, '<p>Holiday digunakan untuk mencatat data nama &ndash; nama hari libur nasional dan cuti bersama. Adapun caranya sebagai berikut :</p>', NULL, 4, NULL, '2022-06-15 09:43:48', '2022-06-15 09:43:48', NULL, 1);
INSERT INTO `t_content_det` VALUES (286, 29, '<p>1.<span style=\"white-space: pre;\"> </span>Buka halaman aplikasi HRMS melalui web browser (Chrome, Mozila FireFox atau lainnya) kemudian &ldquo;<strong>Login</strong>&rdquo;, setelah berhasil login pilih modul &ldquo;<strong>Time Management</strong>&rdquo;.</p>', NULL, 4, NULL, '2022-06-15 09:44:09', '2022-06-15 09:44:09', NULL, 2);
INSERT INTO `t_content_det` VALUES (287, 29, 'Halaman Login', NULL, 5, 'files_content/29/1655261058_1. Login.png', '2022-06-15 09:44:18', '2022-06-15 09:44:18', NULL, 3);
INSERT INTO `t_content_det` VALUES (288, 29, 'Modul HRMS', NULL, 5, 'files_content/29/1655261066_3. Modul Time Management.png', '2022-06-15 09:44:26', '2022-06-15 09:44:26', NULL, 4);
INSERT INTO `t_content_det` VALUES (289, 29, '<p>2.<span style=\"white-space: pre;\"> </span>Selanjutnya pilih menu &ldquo;<strong>Master Data</strong>&rdquo;&nbsp; kemudian sub menu &ldquo;<strong>Holiday</strong>&rdquo;.</p>', NULL, 4, NULL, '2022-06-15 09:44:49', '2022-06-15 09:44:49', NULL, 5);
INSERT INTO `t_content_det` VALUES (290, 29, 'Sub Menu Holiday', NULL, 5, 'files_content/29/1655261247_menu.png', '2022-06-15 09:47:27', '2022-06-15 09:47:27', NULL, 6);
INSERT INTO `t_content_det` VALUES (291, 29, '<p>3.<span style=\"white-space: pre;\"> </span>Pilih tombol &ldquo;<strong>Add New</strong>&rdquo; untuk menambah data kemudian lengkapi form yang tersedia dan pilih tombol &ldquo;<strong>Submit</strong>&rdquo; untuk menyimpan data atau tombol &ldquo;<strong>Back</strong>&rdquo; untuk kembali ke halaman sebelumnya.</p>', NULL, 4, NULL, '2022-06-15 09:48:03', '2022-06-15 09:48:03', NULL, 7);
INSERT INTO `t_content_det` VALUES (292, 29, 'Form Add', NULL, 5, 'files_content/29/1655261301_form add.png', '2022-06-15 09:48:21', '2022-06-15 09:48:21', NULL, 8);
INSERT INTO `t_content_det` VALUES (293, 29, '<p>4.<span style=\"white-space: pre;\"> </span>Pilih actions &ldquo;<strong>Edit</strong>&rdquo; untuk merubah data,&nbsp; kemudian input data yang ingin dilakukan perubahan dan pilih tombol &ldquo;<strong>Submit</strong>&rdquo; untuk menyimpan data atau tombol &ldquo;<strong>Back</strong>&rdquo; untuk kembali ke halaman sebelumnya.</p>', NULL, 4, NULL, '2022-06-15 09:48:42', '2022-06-15 09:48:42', NULL, 9);
INSERT INTO `t_content_det` VALUES (294, 29, 'Form Edit', NULL, 5, 'files_content/29/1655261333_form edit.png', '2022-06-15 09:48:53', '2022-06-15 09:48:53', NULL, 10);
INSERT INTO `t_content_det` VALUES (295, 29, '<p>5.<span style=\"white-space: pre;\"> </span>Pilih actions &ldquo;<strong>Delete</strong>&rdquo; untuk menghapus data.</p>', NULL, 4, NULL, '2022-06-15 09:49:08', '2022-06-15 09:49:08', NULL, 11);
INSERT INTO `t_content_det` VALUES (296, 29, 'Actions Delete', NULL, 5, 'files_content/29/1655261359_actions delete.png', '2022-06-15 09:49:19', '2022-06-15 09:49:19', NULL, 12);
INSERT INTO `t_content_det` VALUES (297, 29, '<p>6.<span style=\"white-space: pre;\"> </span>Pilih actions &ldquo;<strong>Setting</strong>&rdquo; kemudian tombol \"<strong>Add New</strong>\" untuk menambahkan tanggal hari libur, lengkapi form yang tersedia dan pilih tombol &ldquo;<strong>Submit</strong>&rdquo; untuk menyimpan data atau tombol &ldquo;Back&rdquo; untuk kembali ke halaman sebelumnya.</p>', NULL, 4, NULL, '2022-06-15 09:54:29', '2022-06-15 09:54:29', NULL, 13);
INSERT INTO `t_content_det` VALUES (298, 29, 'Form Add', NULL, 5, 'files_content/29/1655261775_form add.png', '2022-06-15 09:56:15', '2022-06-15 09:56:15', NULL, 14);
INSERT INTO `t_content_det` VALUES (299, 30, '<p>Permit Categories digunakan untuk mencatat nama-nama jenis ijin berikut dengan kategori jenis ijinnya. Adapun caranya sebagai berikut :</p>', NULL, 4, NULL, '2022-06-15 10:02:40', '2022-06-15 10:02:40', NULL, 1);
INSERT INTO `t_content_det` VALUES (300, 30, '<p>1.<span style=\"white-space: pre;\"> </span>Buka halaman aplikasi HRMS melalui web browser (Chrome, Mozila FireFox atau lainnya) kemudian &ldquo;<strong>Login</strong>&rdquo;, setelah berhasil login pilih modul &ldquo;<strong>Time Management</strong>&rdquo;.</p>', NULL, 4, NULL, '2022-06-15 10:03:04', '2022-06-15 10:03:04', NULL, 2);
INSERT INTO `t_content_det` VALUES (301, 30, 'Halaman Login', NULL, 5, 'files_content/30/1655262243_1. Login.png', '2022-06-15 10:04:03', '2022-06-15 10:04:03', NULL, 3);
INSERT INTO `t_content_det` VALUES (302, 30, 'Modul HRMS', NULL, 5, 'files_content/30/1655262250_3. Modul Time Management.png', '2022-06-15 10:04:10', '2022-06-15 10:04:10', NULL, 4);
INSERT INTO `t_content_det` VALUES (303, 30, '<p>2.<span style=\"white-space: pre;\"> </span>Selanjutnya pilih menu &ldquo;<strong>Master Data</strong>&rdquo;&nbsp; kemudian sub menu &ldquo;<strong>Permit Categories</strong>&rdquo;.</p>', NULL, 4, NULL, '2022-06-15 10:04:44', '2022-06-15 10:04:44', NULL, 5);
INSERT INTO `t_content_det` VALUES (304, 30, 'Sub Menu Permit Categories', NULL, 5, 'files_content/30/1655262541_menu.png', '2022-06-15 10:09:01', '2022-06-15 10:09:01', NULL, 6);
INSERT INTO `t_content_det` VALUES (305, 30, '<p>3.<span style=\"white-space: pre;\"> </span>Pilih tombol &ldquo;<strong>Add New</strong>&rdquo; untuk menambah data kemudian lengkapi form yang tersedia dan pilih tombol &ldquo;<strong>Submit</strong>&rdquo; untuk menyimpan data atau tombol &ldquo;<strong>Back</strong>&rdquo; untuk kembali ke halaman sebelumnya.</p>', NULL, 4, NULL, '2022-06-15 10:09:22', '2022-06-15 10:09:22', NULL, 7);
INSERT INTO `t_content_det` VALUES (306, 30, 'Form Add', NULL, 5, 'files_content/30/1655262579_form add.png', '2022-06-15 10:09:39', '2022-06-15 10:09:39', NULL, 8);
INSERT INTO `t_content_det` VALUES (307, 30, '<p>4.<span style=\"white-space: pre;\"> </span>Pilih actions &ldquo;<strong>Edit</strong>&rdquo; untuk merubah data,&nbsp; kemudian input data yang ingin dilakukan perubahan dan pilih tombol &ldquo;<strong>Submit</strong>&rdquo; untuk menyimpan data atau tombol &ldquo;<strong>Back</strong>&rdquo; untuk kembali ke halaman sebelumnya.</p>', NULL, 4, NULL, '2022-06-15 10:10:03', '2022-06-15 10:10:03', NULL, 9);
INSERT INTO `t_content_det` VALUES (308, 30, 'Form Edit', NULL, 5, 'files_content/30/1655262618_form edit.png', '2022-06-15 10:10:18', '2022-06-15 10:10:18', NULL, 10);
INSERT INTO `t_content_det` VALUES (309, 30, '<p>5.<span style=\"white-space: pre;\"> </span>Pilih actions &ldquo;<strong>Delete</strong>&rdquo; untuk menghapus data.</p>', NULL, 4, NULL, '2022-06-15 10:10:45', '2022-06-15 10:10:45', NULL, 11);
INSERT INTO `t_content_det` VALUES (310, 30, 'Actions Delete', NULL, 5, 'files_content/30/1655262655_actions delete.png', '2022-06-15 10:10:55', '2022-06-15 10:10:55', NULL, 12);
INSERT INTO `t_content_det` VALUES (311, 31, '<p>Permit Categories Details digunakan untuk mencatat nama-nama ijin dan juga kode ijin. Adapun caranya sebagai berikut :</p>', NULL, 4, NULL, '2022-06-15 10:14:52', '2022-06-15 10:14:52', NULL, 1);
INSERT INTO `t_content_det` VALUES (312, 31, '<p>1.<span style=\"white-space: pre;\"> </span>Buka halaman aplikasi HRMS melalui web browser (Chrome, Mozila FireFox atau lainnya) kemudian &ldquo;<strong>Login</strong>&rdquo;, setelah berhasil login pilih modul &ldquo;<strong>Time Management</strong>&rdquo;.</p>', NULL, 4, NULL, '2022-06-15 10:15:22', '2022-06-15 10:15:22', NULL, 2);
INSERT INTO `t_content_det` VALUES (313, 31, 'Halaman Login', NULL, 5, 'files_content/31/1655262933_1. Login.png', '2022-06-15 10:15:33', '2022-06-15 10:15:33', NULL, 3);
INSERT INTO `t_content_det` VALUES (314, 31, 'Modul HRMS', NULL, 5, 'files_content/31/1655262991_3. Modul Time Management.png', '2022-06-15 10:16:31', '2022-06-15 10:16:31', NULL, 4);
INSERT INTO `t_content_det` VALUES (315, 31, '<p>2.<span style=\"white-space: pre;\"> </span>Selanjutnya pilih menu &ldquo;<strong>Master Data</strong>&rdquo;&nbsp; kemudian sub menu &ldquo;<strong>Permit Categories Details</strong>&rdquo;.</p>', NULL, 4, NULL, '2022-06-15 10:19:03', '2022-06-15 10:19:03', NULL, 5);
INSERT INTO `t_content_det` VALUES (316, 31, 'Sub Menu Permit Categories Details', NULL, 5, 'files_content/31/1655263163_menu.png', '2022-06-15 10:19:23', '2022-06-15 10:19:23', NULL, 6);
INSERT INTO `t_content_det` VALUES (317, 31, '<p>3.<span style=\"white-space: pre;\"> </span>Pilih tombol &ldquo;<strong>Add New</strong>&rdquo; untuk menambah data kemudian lengkapi form yang tersedia dan pilih tombol &ldquo;<strong>Submit</strong>&rdquo; untuk menyimpan data atau tombol &ldquo;<strong>Back</strong>&rdquo; untuk kembali ke halaman sebelumnya.</p>', NULL, 4, NULL, '2022-06-15 10:21:29', '2022-06-15 10:21:29', NULL, 7);
INSERT INTO `t_content_det` VALUES (318, 31, 'Form Add', NULL, 5, 'files_content/31/1655263297_form add.png', '2022-06-15 10:21:37', '2022-06-15 10:21:37', NULL, 8);
INSERT INTO `t_content_det` VALUES (319, 31, '<p>4.<span style=\"white-space: pre;\"> </span>Pilih actions &ldquo;<strong>Edit</strong>&rdquo; untuk merubah data,&nbsp; kemudian input data yang ingin dilakukan perubahan dan pilih tombol &ldquo;<strong>Submit</strong>&rdquo; untuk menyimpan data atau tombol &ldquo;<strong>Back</strong>&rdquo; untuk kembali ke halaman sebelumnya.</p>', NULL, 4, NULL, '2022-06-15 10:22:37', '2022-06-15 10:22:38', NULL, 9);
INSERT INTO `t_content_det` VALUES (320, 31, 'Form Edit', NULL, 5, 'files_content/31/1655263370_form edit.png', '2022-06-15 10:22:51', '2022-06-15 10:22:51', NULL, 10);
INSERT INTO `t_content_det` VALUES (321, 31, '<p>5.<span style=\"white-space: pre;\"> </span>Pilih actions &ldquo;<strong>Delete</strong>&rdquo; untuk menghapus data.</p>', NULL, 4, NULL, '2022-06-15 10:23:09', '2022-06-15 10:23:09', NULL, 11);
INSERT INTO `t_content_det` VALUES (322, 31, 'Actions Delete', NULL, 5, 'files_content/31/1655263399_actions delete.png', '2022-06-15 10:23:19', '2022-06-15 10:23:19', NULL, 12);
INSERT INTO `t_content_det` VALUES (323, 32, '<p><span lang=\"EN-US\" style=\"font-size: 11.0pt; line-height: 115%; font-family: \'Calibri\',sans-serif; mso-ascii-theme-font: minor-latin; mso-fareast-font-family: Calibri; mso-fareast-theme-font: minor-latin; mso-hansi-theme-font: minor-latin; mso-bidi-font-family: \'Times New Roman\'; mso-bidi-theme-font: minor-bidi; mso-ansi-language: EN-US; mso-fareast-language: EN-US; mso-bidi-language: AR-SA;\">Master Data adalah menu untuk menampung data &ndash; data master yang nantinya akan digunakan dalam sebuah transaksi.&nbsp;</span></p>', NULL, 4, NULL, '2022-06-15 10:32:29', '2022-06-15 10:32:29', NULL, 1);
INSERT INTO `t_content_det` VALUES (324, 33, '<p><span lang=\"EN-US\" style=\"font-size: 11.0pt; line-height: 115%; font-family: \'Calibri\',sans-serif; mso-ascii-theme-font: minor-latin; mso-fareast-font-family: Calibri; mso-fareast-theme-font: minor-latin; mso-hansi-theme-font: minor-latin; mso-bidi-font-family: \'Times New Roman\'; mso-bidi-theme-font: minor-bidi; mso-ansi-language: EN-US; mso-fareast-language: EN-US; mso-bidi-language: AR-SA;\">Employee Attendance Permit adalah menu yang digunakan untuk mencatat terkait ijin pegawai seperti terlambat masuk kerja dan lebih dulu meninggalkan kantor.</span></p>', NULL, 4, NULL, '2022-06-15 10:33:56', '2022-06-15 10:33:56', NULL, 1);
INSERT INTO `t_content_det` VALUES (325, 34, '<p><span lang=\"EN-US\" style=\"font-size: 11.0pt; line-height: 115%; font-family: \'Calibri\',sans-serif; mso-ascii-theme-font: minor-latin; mso-fareast-font-family: Calibri; mso-fareast-theme-font: minor-latin; mso-hansi-theme-font: minor-latin; mso-bidi-font-family: \'Times New Roman\'; mso-bidi-theme-font: minor-bidi; mso-ansi-language: EN-US; mso-fareast-language: EN-US; mso-bidi-language: AR-SA;\">Shift Change Permit adalah menu yang digunakan untuk mencatat ijin pegwai terkait pertukaran shift.</span></p>', NULL, 4, NULL, '2022-06-15 10:35:57', '2022-06-15 10:35:57', NULL, 1);
INSERT INTO `t_content_det` VALUES (326, 35, '<p><span lang=\"EN-US\" style=\"font-size: 11.0pt; line-height: 115%; font-family: \'Calibri\',sans-serif; mso-ascii-theme-font: minor-latin; mso-fareast-font-family: Calibri; mso-fareast-theme-font: minor-latin; mso-hansi-theme-font: minor-latin; mso-bidi-font-family: \'Times New Roman\'; mso-bidi-theme-font: minor-bidi; mso-ansi-language: EN-US; mso-fareast-language: EN-US; mso-bidi-language: AR-SA;\">Leave Permit adalah menu yang digunakan untuk mencatat ijin pegawai terkait cuti tahunan, cuti melahirkan, ijin 1, ijin 2, ijin 3, ijin perusahaan dan lain &ndash; lain.</span></p>', NULL, 4, NULL, '2022-06-15 10:37:20', '2022-06-15 10:37:20', NULL, 1);
INSERT INTO `t_content_det` VALUES (327, 36, '<p><span lang=\"EN-US\" style=\"font-size: 11.0pt; line-height: 115%; font-family: \'Calibri\',sans-serif; mso-ascii-theme-font: minor-latin; mso-fareast-font-family: Calibri; mso-fareast-theme-font: minor-latin; mso-hansi-theme-font: minor-latin; mso-bidi-font-family: \'Times New Roman\'; mso-bidi-theme-font: minor-bidi; mso-ansi-language: EN-US; mso-fareast-language: EN-US; mso-bidi-language: AR-SA;\">Overtime Work Order adalah menu yang dgunakan untuk mencatat pegawai yang melakukan kerja lembur sesuai dengan surat perintah.</span></p>', NULL, 4, NULL, '2022-06-15 10:38:56', '2022-06-15 10:38:56', NULL, 1);
INSERT INTO `t_content_det` VALUES (328, 37, '<p><span lang=\"EN-US\" style=\"font-size: 11.0pt; line-height: 115%; font-family: \'Calibri\',sans-serif; mso-ascii-theme-font: minor-latin; mso-fareast-font-family: Calibri; mso-fareast-theme-font: minor-latin; mso-hansi-theme-font: minor-latin; mso-bidi-font-family: \'Times New Roman\'; mso-bidi-theme-font: minor-bidi; mso-ansi-language: EN-US; mso-fareast-language: EN-US; mso-bidi-language: AR-SA;\">Attendance Data adalah menu yang digunakan untuk melakukan transaksi terkait kehadiran pegawai.</span></p>', NULL, 4, NULL, '2022-06-15 10:43:56', '2022-06-15 10:43:56', NULL, 1);
INSERT INTO `t_content_det` VALUES (329, 38, '<p>Roster Schedule digunakan untuk menentukan aturan jam kerja pada masing &ndash; masing pegawai yang tidak sesuai dengan kondisi sebenarnya. Adapun caranya sebagai berikut :</p>', NULL, 4, NULL, '2022-06-15 10:50:02', '2022-06-15 10:50:02', NULL, 1);
INSERT INTO `t_content_det` VALUES (330, 38, '<p>1.<span style=\"white-space: pre;\"> </span>Buka halaman aplikasi HRMS melalui web browser (Chrome, Mozila FireFox atau lainnya) kemudian &ldquo;<strong>Login</strong>&rdquo;, setelah berhasil login pilih modul &ldquo;<strong>Time Management</strong>&rdquo;.</p>', NULL, 4, NULL, '2022-06-15 10:50:25', '2022-06-15 10:50:25', NULL, 2);
INSERT INTO `t_content_det` VALUES (331, 38, 'Halaman Login', NULL, 5, 'files_content/38/1655265037_1. Login.png', '2022-06-15 10:50:37', '2022-06-15 10:50:37', NULL, 3);
INSERT INTO `t_content_det` VALUES (332, 38, 'Modul HRMS', NULL, 5, 'files_content/38/1655265058_3. Modul Time Management.png', '2022-06-15 10:50:58', '2022-06-15 10:50:58', NULL, 4);
INSERT INTO `t_content_det` VALUES (333, 38, '<p>2.<span style=\"white-space: pre;\"> </span>Selanjutnya pilih menu &ldquo;<strong>Attendance Data</strong>&rdquo;&nbsp; kemudian sub menu &ldquo;<strong>Roster Schedule</strong>&rdquo;.</p>', NULL, 4, NULL, '2022-06-15 10:53:10', '2022-06-15 10:53:10', NULL, 5);
INSERT INTO `t_content_det` VALUES (334, 38, 'Sub Menu Roster Schedule', NULL, 5, 'files_content/38/1655265276_menu.png', '2022-06-15 10:54:36', '2022-06-15 10:54:36', NULL, 6);
INSERT INTO `t_content_det` VALUES (335, 38, '<p>3.<span style=\"white-space: pre;\"> </span>Lengkapi form pencarian sesuai yang diinginkan, kemudian pilih tombol &ldquo;<strong>Submit</strong>&rdquo; untuk menampilkan data.</p>', NULL, 4, NULL, '2022-06-15 11:00:36', '2022-06-15 11:00:36', NULL, 7);
INSERT INTO `t_content_det` VALUES (336, 38, 'Form Filter', NULL, 5, 'files_content/38/1655265765_form add.png', '2022-06-15 11:02:45', '2022-06-15 11:02:45', NULL, 8);
INSERT INTO `t_content_det` VALUES (337, 38, '<p>4.<span style=\"white-space: pre;\"> </span>Pilih jadwal kerja/tanggal, kemudian lengkapi form yang tersedia dan pilih tombol &ldquo;<strong>Submit</strong>&rdquo; untuk menyimpan data atau tombol &ldquo;<strong>Close</strong>&rdquo; untuk kembali ke halaman sebelumnya.</p>', NULL, 4, NULL, '2022-06-15 11:05:02', '2022-06-15 11:05:02', NULL, 9);
INSERT INTO `t_content_det` VALUES (338, 38, 'Form Roster Schedule', NULL, 5, 'files_content/38/1655266152_form edit.png', '2022-06-15 11:09:12', '2022-06-15 11:09:12', NULL, 10);
INSERT INTO `t_content_det` VALUES (339, 39, '<p>Employee Working Rule digunakan untuk menentukan aturan jam kerja pada masing &ndash; masing pegawai. Adapun caranya sebagai berikut :</p>', NULL, 4, NULL, '2022-06-15 11:12:06', '2022-06-15 11:12:07', NULL, 1);
INSERT INTO `t_content_det` VALUES (340, 39, '<p>1.<span style=\"white-space: pre;\"> </span>Buka halaman aplikasi HRMS melalui web browser (Chrome, Mozila FireFox atau lainnya) kemudian &ldquo;<strong>Login</strong>&rdquo;, setelah berhasil login pilih modul &ldquo;<strong>Time Management</strong>&rdquo;.</p>', NULL, 4, NULL, '2022-06-15 11:12:51', '2022-06-15 11:12:51', NULL, 2);
INSERT INTO `t_content_det` VALUES (341, 39, 'Halaman Login', NULL, 5, 'files_content/39/1655266421_1. Login.png', '2022-06-15 11:13:41', '2022-06-15 11:13:41', NULL, 3);
INSERT INTO `t_content_det` VALUES (342, 39, 'Modul HRMS', NULL, 5, 'files_content/39/1655266431_3. Modul Time Management.png', '2022-06-15 11:13:51', '2022-06-15 11:13:52', NULL, 4);
INSERT INTO `t_content_det` VALUES (343, 39, '<p>2.<span style=\"white-space: pre;\"> </span>Selanjutnya pilih menu &ldquo;<strong>Attendance Data</strong>&rdquo;&nbsp; kemudian sub menu &ldquo;<strong>Employee Working Rule</strong>&rdquo;.</p>', NULL, 4, NULL, '2022-06-15 11:14:17', '2022-06-15 11:14:17', NULL, 5);
INSERT INTO `t_content_det` VALUES (344, 39, 'Sub Menu Employee Working Role', NULL, 5, 'files_content/39/1655267187_menu.png', '2022-06-15 11:26:27', '2022-06-15 11:26:27', NULL, 6);
INSERT INTO `t_content_det` VALUES (345, 39, '<p>3.<span style=\"white-space: pre;\"> </span>Lengkapi form pencarian sesuai yang diinginkan, kemudian pilih tombol &ldquo;<strong>Search Data</strong>&rdquo; untuk menampilkan data, kemudian centang nama &ndash; nama pegawai dan pilih tombol &ldquo;<strong>Set Schedule</strong>&rdquo; untuk menentukan aturan jam kerja masing &ndash; masing pegawai.</p>', NULL, 4, NULL, '2022-06-15 11:30:38', '2022-06-15 11:30:38', NULL, 7);
INSERT INTO `t_content_det` VALUES (346, 39, 'Form Setting Employee Working Role', NULL, 5, 'files_content/39/1655267495_form add.png', '2022-06-15 11:31:35', '2022-06-15 11:31:35', NULL, 8);
INSERT INTO `t_content_det` VALUES (347, 39, '<p>4.<span style=\"white-space: pre;\"> </span>Pilih tanggal mulai berlaku dan aturan jam kerja yang diinginkan, kemudian pilih tombol &ldquo;<strong>Submit</strong>&rdquo; untuk menyimpan data atau tombol &ldquo;<strong>Back</strong>&rdquo; untuk kembali ke halaman sebelumnya.</p>', NULL, 4, NULL, '2022-06-15 11:32:14', '2022-06-15 11:32:14', NULL, 9);
INSERT INTO `t_content_det` VALUES (348, 39, 'Form Setting Employee Working Role', NULL, 5, 'files_content/39/1655267660_form edit.png', '2022-06-15 11:34:20', '2022-06-15 11:34:20', NULL, 10);
INSERT INTO `t_content_det` VALUES (349, 39, '<p>5.<span style=\"white-space: pre;\"> </span>Pilih tombol &ldquo;<strong>Delete</strong>&rdquo; untuk menghapus data.</p>', NULL, 4, NULL, '2022-06-15 11:35:14', '2022-06-15 11:35:14', NULL, 11);
INSERT INTO `t_content_det` VALUES (350, 39, 'Actions Delete', NULL, 5, 'files_content/39/1655267783_hapus.png', '2022-06-15 11:36:23', '2022-06-15 11:36:23', NULL, 12);
INSERT INTO `t_content_det` VALUES (351, 40, '<p>Employee Mapping digunakan untuk mencocokan data id finger pada mesin dengan data pegawai didalam database. Adapun caranya sebagai berikut :</p>', NULL, 4, NULL, '2022-06-15 11:40:23', '2022-06-15 11:40:23', NULL, 1);
INSERT INTO `t_content_det` VALUES (352, 40, '<p>1.<span style=\"white-space: pre;\"> </span>Buka halaman aplikasi HRMS melalui web browser (Chrome, Mozila FireFox atau lainnya) kemudian &ldquo;<strong>Login</strong>&rdquo;, setelah berhasil login pilih modul &ldquo;<strong>Time Management</strong>&rdquo;.</p>', NULL, 4, NULL, '2022-06-15 11:40:51', '2022-06-15 11:40:51', NULL, 2);
INSERT INTO `t_content_det` VALUES (353, 40, 'Halaman Login', NULL, 5, 'files_content/40/1655268061_1. Login.png', '2022-06-15 11:41:01', '2022-06-15 11:41:01', NULL, 3);
INSERT INTO `t_content_det` VALUES (354, 40, 'Modul HRMS', NULL, 5, 'files_content/40/1655268069_3. Modul Time Management.png', '2022-06-15 11:41:09', '2022-06-15 11:41:09', NULL, 4);
INSERT INTO `t_content_det` VALUES (355, 40, '<p>2.<span style=\"white-space: pre;\"> </span>Selanjutnya pilih menu &ldquo;<strong>Attendance Data</strong>&rdquo;&nbsp; kemudian sub menu &ldquo;<strong>Employee Mapping</strong>&rdquo;.</p>', NULL, 4, NULL, '2022-06-15 11:41:39', '2022-06-15 11:41:39', NULL, 5);
INSERT INTO `t_content_det` VALUES (356, 40, 'Sub Menu Employee Mapping', NULL, 5, 'files_content/40/1655268277_menu.png', '2022-06-15 11:44:37', '2022-06-15 11:44:37', NULL, 6);
INSERT INTO `t_content_det` VALUES (357, 40, '<p>3.<span style=\"white-space: pre;\"> </span>Pilih tombol &ldquo;<strong>Add New</strong>&rdquo; untuk menambahkan data kemudian lengkapi form yang tersedia dan pilih tombol &ldquo;<strong>Submit</strong>&rdquo; untuk menyimpan data atau tombol &ldquo;<strong>Cancel</strong>&rdquo; untuk kembali ke halaman sebelumnya</p>\r\n<p>&nbsp;</p>', NULL, 4, NULL, '2022-06-15 11:45:13', '2022-06-15 11:45:13', NULL, 7);
INSERT INTO `t_content_det` VALUES (358, 40, 'Form Add', NULL, 5, 'files_content/40/1655268324_form add.png', '2022-06-15 11:45:24', '2022-06-15 11:45:24', NULL, 8);
INSERT INTO `t_content_det` VALUES (359, 41, '<p>Generate Attendance digunakan untuk proses rekap/hitung kehadiran per pegawai pada masing - masing cabang. Adapun caranya sebagai berikut :</p>', NULL, 4, NULL, '2022-06-15 11:52:47', '2022-06-15 11:52:47', NULL, 1);
INSERT INTO `t_content_det` VALUES (360, 41, '<p>1.<span style=\"white-space: pre;\"> </span>Buka halaman aplikasi HRMS melalui web browser (Chrome, Mozila FireFox atau lainnya) kemudian &ldquo;<strong>Login</strong>&rdquo;, setelah berhasil login pilih modul &ldquo;<strong>Time Management</strong>&rdquo;.</p>', NULL, 4, NULL, '2022-06-15 11:53:14', '2022-06-15 11:53:14', NULL, 2);
INSERT INTO `t_content_det` VALUES (361, 41, 'Halaman Login', NULL, 5, 'files_content/41/1655268808_1. Login.png', '2022-06-15 11:53:28', '2022-06-15 11:53:28', NULL, 3);
INSERT INTO `t_content_det` VALUES (362, 41, 'Modul HRMS', NULL, 5, 'files_content/41/1655268819_3. Modul Time Management.png', '2022-06-15 11:53:39', '2022-06-15 11:53:39', NULL, 4);
INSERT INTO `t_content_det` VALUES (363, 41, '<p>2.<span style=\"white-space: pre;\"> </span>Selanjutnya pilih menu &ldquo;<strong>Attendance Data</strong>&rdquo;&nbsp; kemudian sub menu &ldquo;<strong>Generate Attendance</strong>&rdquo;.</p>', NULL, 4, NULL, '2022-06-15 11:54:15', '2022-06-15 11:54:15', NULL, 5);
INSERT INTO `t_content_det` VALUES (364, 41, 'Sub Menu Generate Attendance', NULL, 5, 'files_content/41/1655269022_menu.png', '2022-06-15 11:57:02', '2022-06-15 11:57:02', NULL, 6);
INSERT INTO `t_content_det` VALUES (365, 41, '<p>3.<span style=\"white-space: pre;\"> </span>Pilih actions &ldquo;<strong>Generate</strong>&rdquo; untuk melakukan proses rekap/hitung kehadiran semua pegawai dalam satu cabang, kemudian pilih tombol &ldquo;<strong>Submit</strong>&rdquo; untuk memulai proses&nbsp; atau tombol &ldquo;<strong>Cancel</strong>&rdquo; untuk kembali ke halaman sebelumnya.</p>', NULL, 4, NULL, '2022-06-15 12:00:25', '2022-06-15 12:00:25', NULL, 7);
INSERT INTO `t_content_det` VALUES (366, 41, 'Form Generate All', NULL, 5, 'files_content/41/1655269348_form add.png', '2022-06-15 12:02:28', '2022-06-15 12:02:28', NULL, 8);
INSERT INTO `t_content_det` VALUES (367, 41, '<p>4.<span style=\"white-space: pre;\"> </span>Pilih actions &ldquo;<strong>Generate By Employee</strong>&rdquo; untuk melakukan proses rekap/hitung kehadiran per - pegawai dalam satu cabang, kemudian pilih tombol &ldquo;<strong>Submit</strong>&rdquo; untuk memulai proses atau tombol &ldquo;<strong>Cancel</strong>&rdquo; untuk kembali ke halaman sebelumnya.</p>', NULL, 4, NULL, '2022-06-15 12:03:08', '2022-06-15 12:03:08', NULL, 9);
INSERT INTO `t_content_det` VALUES (368, 41, 'Form Generate By Employee', NULL, 5, 'files_content/41/1655269415_form edit.png', '2022-06-15 12:03:36', '2022-06-15 12:03:36', NULL, 10);
INSERT INTO `t_content_det` VALUES (369, 42, '<p>Employee Working Rule Group digunakan untuk menentukan aturan jam kerja pada masing &ndash; masing pegawai. Adapun caranya sebagai berikut :</p>', NULL, 4, NULL, '2022-06-15 13:04:14', '2022-06-15 13:04:14', NULL, 1);
INSERT INTO `t_content_det` VALUES (370, 42, '<p>1.<span style=\"white-space: pre;\"> </span>Buka halaman aplikasi HRMS melalui web browser (Chrome, Mozila FireFox atau lainnya) kemudian &ldquo;<strong>Login</strong>&rdquo;, setelah berhasil login pilih modul &ldquo;<strong>Time Management</strong>&rdquo;.</p>', NULL, 4, NULL, '2022-06-15 13:04:38', '2022-06-15 13:04:38', NULL, 2);
INSERT INTO `t_content_det` VALUES (371, 42, 'Halaman Login', NULL, 5, 'files_content/42/1655273088_1. Login.png', '2022-06-15 13:04:48', '2022-06-15 13:04:48', NULL, 3);
INSERT INTO `t_content_det` VALUES (372, 42, 'Modul HRMS', NULL, 5, 'files_content/42/1655273098_3. Modul Time Management.png', '2022-06-15 13:04:58', '2022-06-15 13:04:58', NULL, 4);
INSERT INTO `t_content_det` VALUES (373, 42, '<p>2.<span style=\"white-space: pre;\"> </span>Selanjutnya pilih menu &ldquo;<strong>Attendance Data</strong>&rdquo;&nbsp; kemudian sub menu &ldquo;<strong>Employee Working Rule Group</strong>&rdquo;.</p>', NULL, 4, NULL, '2022-06-15 13:06:10', '2022-06-15 13:06:10', NULL, 5);
INSERT INTO `t_content_det` VALUES (374, 42, 'Sub Menu Employee Working Role Group', NULL, 5, 'files_content/42/1655273314_menu.png', '2022-06-15 13:08:34', '2022-06-15 13:08:34', NULL, 6);
INSERT INTO `t_content_det` VALUES (375, 42, '<p>3.<span style=\"white-space: pre;\"> </span>Lengkapi form pencarian sesuai yang diinginkan, kemudian pilih tombol &ldquo;<strong>Create Schedule</strong>&rdquo; untuk menampilkan data, kemudian pilih aturan jam kerja masing-masing pegawai dan secara langsung data tersimpan.</p>', NULL, 4, NULL, '2022-06-15 13:09:39', '2022-06-15 13:09:39', NULL, 7);
INSERT INTO `t_content_det` VALUES (376, 42, 'Form Add Employee Working Role Group', NULL, 5, 'files_content/42/1655273703_form add.png', '2022-06-15 13:15:03', '2022-06-15 13:15:03', NULL, 8);
INSERT INTO `t_content_det` VALUES (379, 2, 'Halaman Login', NULL, 5, 'files_content/2/1655274133_1. Login.png', '2022-06-15 13:22:13', '2022-06-15 13:22:13', NULL, 3);
INSERT INTO `t_content_det` VALUES (380, 2, 'Modul HRMS', NULL, 5, 'files_content/2/1655274144_3. Modul Time Management.png', '2022-06-15 13:22:24', '2022-06-15 13:22:24', NULL, 4);
INSERT INTO `t_content_det` VALUES (381, 2, '<p>2.<span style=\"white-space: pre;\"> </span>Selanjutnya pilih menu &ldquo;<strong>Monitoring</strong>&rdquo;&nbsp; kemudian sub menu &ldquo;<strong>Device Data</strong>&rdquo;.</p>', NULL, 4, NULL, '2022-06-15 13:22:58', '2022-06-15 13:22:58', NULL, 5);
INSERT INTO `t_content_det` VALUES (382, 2, 'Sub Menu Device Data', NULL, 5, 'files_content/2/1655274245_menu.png', '2022-06-15 13:24:05', '2022-06-15 13:24:05', NULL, 6);
INSERT INTO `t_content_det` VALUES (383, 2, '<p>3.<span style=\"white-space: pre;\"> </span>Pilih actions &ldquo;<strong>Download</strong>&rdquo; untuk mengunduh data dari mesin fingerprint ke server.</p>', NULL, 4, NULL, '2022-06-15 13:25:33', '2022-06-15 13:25:33', NULL, 7);
INSERT INTO `t_content_det` VALUES (384, 2, '<p>4.<span style=\"white-space: pre;\"> </span>Pilih actions &ldquo;<strong>Upload</strong>&rdquo; untuk mengunggah data finger dari server kedalam database.</p>', NULL, 4, NULL, '2022-06-15 13:28:45', '2022-06-15 13:35:35', NULL, 9);
INSERT INTO `t_content_det` VALUES (386, 2, '<p>5.<span style=\"white-space: pre;\"> </span>Pilih actions &ldquo;<strong>Copy Image</strong>&rdquo; untuk menduplikasi data dari mesin fingerprint ke mesin finger yang lain, dengan cara lengkapi form yang tersedia kemudian pilih tombol &ldquo;<strong>Submit</strong>&rdquo; untuk menyimpan data atau tombol &ldquo;<strong>Cancel</strong>&rdquo; untuk kembali ke halaman sebelumnya.</p>', NULL, 4, NULL, '2022-06-15 13:31:26', '2022-06-15 13:36:24', NULL, 11);
INSERT INTO `t_content_det` VALUES (387, 2, 'Form Copy Image', NULL, 5, 'files_content/2/1655274704_form edit.png', '2022-06-15 13:31:44', '2022-06-15 13:36:35', NULL, 12);
INSERT INTO `t_content_det` VALUES (388, 2, 'Actions Download', NULL, 5, 'files_content/2/1655274823_menu.png', '2022-06-15 13:33:43', '2022-06-15 13:35:02', NULL, 8);
INSERT INTO `t_content_det` VALUES (389, 2, 'Actions Upload', NULL, 5, 'files_content/2/1655274838_menu.png', '2022-06-15 13:33:58', '2022-06-15 13:36:03', NULL, 10);
INSERT INTO `t_content_det` VALUES (392, 2, '<p>6. Pilih actions &ldquo;<strong>Delete</strong>&rdquo; untuk menghapus data.</p>', NULL, 4, NULL, '2022-06-15 13:42:16', '2022-06-15 13:42:39', NULL, 13);
INSERT INTO `t_content_det` VALUES (393, 43, '<p>Device Data Log digunakan untuk mengetahui data log mesin finger pada masing &ndash; masing cabang. Adapun caranya sebagai berikut :</p>', NULL, 4, NULL, '2022-06-15 13:49:30', '2022-06-15 13:49:30', NULL, 1);
INSERT INTO `t_content_det` VALUES (394, 43, '<p>1.<span style=\"white-space: pre;\"> </span>Buka halaman aplikasi HRMS melalui web browser (Chrome, Mozila FireFox atau lainnya) kemudian &ldquo;<strong>Login</strong>&rdquo;, setelah berhasil login pilih modul &ldquo;<strong>Time Management</strong>&rdquo;.</p>', NULL, 4, NULL, '2022-06-15 13:49:52', '2022-06-15 13:49:52', NULL, 2);
INSERT INTO `t_content_det` VALUES (391, 2, 'Actions Delete', NULL, 5, 'files_content/2/1655275140_menu.png', '2022-06-15 13:39:00', '2022-06-15 13:42:28', NULL, 14);
INSERT INTO `t_content_det` VALUES (395, 43, 'Halaman Login', NULL, 5, 'files_content/43/1655275803_1. Login.png', '2022-06-15 13:50:03', '2022-06-15 13:50:03', NULL, 3);
INSERT INTO `t_content_det` VALUES (396, 43, 'Modul HRMS', NULL, 5, 'files_content/43/1655275813_3. Modul Time Management.png', '2022-06-15 13:50:13', '2022-06-15 13:50:13', NULL, 4);
INSERT INTO `t_content_det` VALUES (397, 43, '<p>2.<span style=\"white-space: pre;\"> </span>Selanjutnya pilih menu &ldquo;<strong>Monitoring</strong>&rdquo;&nbsp; kemudian sub menu &ldquo;<strong>Device Data Log</strong>&rdquo;.</p>', NULL, 4, NULL, '2022-06-15 13:50:39', '2022-06-15 13:50:39', NULL, 5);
INSERT INTO `t_content_det` VALUES (398, 43, 'Sub Menu Device Data Log', NULL, 5, 'files_content/43/1655275859_menu.png', '2022-06-15 13:50:59', '2022-06-15 13:50:59', NULL, 6);
INSERT INTO `t_content_det` VALUES (399, 43, '<p>3.<span style=\"white-space: pre;\"> </span>Lengkapi form pencarian sesuai yang diinginkan untuk menampilkan data dari mesin fingerprint.</p>', NULL, 4, NULL, '2022-06-15 13:51:22', '2022-06-15 13:51:22', NULL, 7);
INSERT INTO `t_content_det` VALUES (400, 43, 'Form Filter', NULL, 5, 'files_content/43/1655275961_form add.png', '2022-06-15 13:52:41', '2022-06-15 13:52:41', NULL, 8);
INSERT INTO `t_content_det` VALUES (401, 44, '<p><span lang=\"EN-US\" style=\"font-size: 11.0pt; line-height: 115%; font-family: \'Calibri\',sans-serif; mso-ascii-theme-font: minor-latin; mso-fareast-font-family: Calibri; mso-fareast-theme-font: minor-latin; mso-hansi-theme-font: minor-latin; mso-bidi-font-family: \'Times New Roman\'; mso-bidi-theme-font: minor-bidi; mso-ansi-language: EN-US; mso-fareast-language: EN-US; mso-bidi-language: AR-SA;\">Letter Of Assignment adalah menu yang digunakan untuk mencatat pegawai yang sedang bertugas dicabang lain, sesuai dengan surat penugasan.</span></p>', NULL, 4, NULL, '2022-06-15 13:56:00', '2022-06-15 13:56:00', NULL, 1);
INSERT INTO `t_content_det` VALUES (402, 45, '<p>Employee Assignment digunakan oleh manager terkait untuk membuat surat penugasan dan menentukan pegawai yang melakukan tugas dicabang lain. Adapun caranya sebagai berikut :</p>', NULL, 4, NULL, '2022-06-15 13:58:45', '2022-06-15 13:58:45', NULL, 1);
INSERT INTO `t_content_det` VALUES (403, 45, '<p>1.<span style=\"white-space: pre;\"> </span>Buka halaman aplikasi HRMS melalui web browser (Chrome, Mozila FireFox atau lainnya) kemudian &ldquo;<strong>Login</strong>&rdquo;, setelah berhasil login pilih modul &ldquo;<strong>Time Management</strong>&rdquo;.</p>', NULL, 4, NULL, '2022-06-15 13:59:01', '2022-06-15 13:59:01', NULL, 2);
INSERT INTO `t_content_det` VALUES (404, 45, 'Halaman Login', NULL, 5, 'files_content/45/1655276349_1. Login.png', '2022-06-15 13:59:09', '2022-06-15 13:59:09', NULL, 3);
INSERT INTO `t_content_det` VALUES (405, 45, 'Modul HRMS', NULL, 5, 'files_content/45/1655276358_3. Modul Time Management.png', '2022-06-15 13:59:18', '2022-06-15 13:59:18', NULL, 4);
INSERT INTO `t_content_det` VALUES (406, 45, '<p>2.<span style=\"white-space: pre;\"> </span>Selanjutnya pilih menu &ldquo;<strong>Letter Of Assignment</strong>&rdquo;&nbsp; kemudian sub menu &ldquo;<strong>Employee Assignment</strong>&rdquo;.</p>', NULL, 4, NULL, '2022-06-15 14:03:14', '2022-06-15 14:03:14', NULL, 5);
INSERT INTO `t_content_det` VALUES (407, 45, 'Sub Menu Employee Assignment', NULL, 5, 'files_content/45/1655276616_menu.png', '2022-06-15 14:03:36', '2022-06-15 14:03:36', NULL, 6);
INSERT INTO `t_content_det` VALUES (408, 45, '<p>3.<span style=\"white-space: pre;\"> </span>Pilih tombol &ldquo;<strong>Add New</strong>&rdquo; untuk membuat permohonan surat penugasan kemudian lengkapi form yang tersedia dan pilih tombol &ldquo;<strong>Submit</strong>&rdquo; untuk menyimpan data atau tombol &ldquo;<strong>Back</strong>&rdquo; untuk kembali ke halaman sebelumnya.</p>', NULL, 4, NULL, '2022-06-15 14:04:00', '2022-06-15 14:04:01', NULL, 7);
INSERT INTO `t_content_det` VALUES (409, 45, 'Form Add', NULL, 5, 'files_content/45/1655276880_form add.png', '2022-06-15 14:08:00', '2022-06-15 14:08:00', NULL, 8);
INSERT INTO `t_content_det` VALUES (410, 45, '<p>4.<span style=\"white-space: pre;\"> </span>Pilih actions &ldquo;<strong>Edit</strong>&rdquo; untuk merubah data,&nbsp; kemudian input data yang ingin dilakukan perubahan dan pilih tombol &ldquo;<strong>Submit</strong>&rdquo; untuk menyimpan data atau tombol &ldquo;<strong>Back</strong>&rdquo; untuk kembali ke halaman sebelumnya.</p>', NULL, 4, NULL, '2022-06-15 14:08:21', '2022-06-15 14:08:21', NULL, 9);
INSERT INTO `t_content_det` VALUES (411, 45, 'Form Edit', NULL, 5, 'files_content/45/1655276910_form edit.png', '2022-06-15 14:08:30', '2022-06-15 14:08:30', NULL, 10);
INSERT INTO `t_content_det` VALUES (412, 45, '<p>5.<span style=\"white-space: pre;\"> </span>Pilih actions &ldquo;<strong>Delete</strong>&rdquo; untuk menghapus data.</p>', NULL, 4, NULL, '2022-06-15 14:08:47', '2022-06-15 14:08:47', NULL, 11);
INSERT INTO `t_content_det` VALUES (413, 45, 'Actions Delete', NULL, 5, 'files_content/45/1655276938_actions delete.png', '2022-06-15 14:08:58', '2022-06-15 14:08:58', NULL, 12);
INSERT INTO `t_content_det` VALUES (414, 45, '<p>6.<span style=\"white-space: pre;\"> </span>Pilih actions &ldquo;<strong>Add Employee</strong>&rdquo; untuk menambahkan pegawai yang melakukan tugas dicabang lain, kemudian centang nama pegawai dan pilih tombol &ldquo;<strong>Submit</strong>&rdquo; untuk menyimpan data atau tombol &ldquo;<strong>Back</strong>&rdquo; untuk kembali ke halaman sebelumnya.</p>', NULL, 4, NULL, '2022-06-15 14:09:19', '2022-06-15 14:09:19', NULL, 13);
INSERT INTO `t_content_det` VALUES (415, 45, 'Form Add Employee Assignment', NULL, 5, 'files_content/45/1655277021_emp add.png', '2022-06-15 14:10:21', '2022-06-15 14:10:21', NULL, 14);
INSERT INTO `t_content_det` VALUES (416, 46, '<p><span lang=\"EN-US\" style=\"font-size: 11.0pt; line-height: 115%; font-family: \'Calibri\',sans-serif; mso-ascii-theme-font: minor-latin; mso-fareast-font-family: Calibri; mso-fareast-theme-font: minor-latin; mso-hansi-theme-font: minor-latin; mso-bidi-font-family: \'Times New Roman\'; mso-bidi-theme-font: minor-bidi; mso-ansi-language: EN-US; mso-fareast-language: EN-US; mso-bidi-language: AR-SA;\">Attendance Adjustment adalah menu yang digunakan untuk mencatat penyesuaian kehadiran pegawai.&nbsp;</span></p>', NULL, 4, NULL, '2022-06-15 14:16:11', '2022-06-15 14:16:11', NULL, 1);
INSERT INTO `t_content_det` VALUES (417, 47, '<p>Adjustment Submission digunakan untuk melakukan permohonan penyesuaian kehadiran. Adapun caranya sebagai berikut :</p>', NULL, 4, NULL, '2022-06-15 14:18:27', '2022-06-15 14:18:27', NULL, 1);
INSERT INTO `t_content_det` VALUES (418, 47, '<p>1.<span style=\"white-space: pre;\"> </span>Buka halaman aplikasi HRMS melalui web browser (Chrome, Mozila FireFox atau lainnya) kemudian &ldquo;<strong>Login</strong>&rdquo;, setelah berhasil login pilih modul &ldquo;<strong>Time Management</strong>&rdquo;.</p>', NULL, 4, NULL, '2022-06-15 14:18:47', '2022-06-15 14:18:47', NULL, 2);
INSERT INTO `t_content_det` VALUES (419, 47, 'Halaman Login', NULL, 5, 'files_content/47/1655277542_1. Login.png', '2022-06-15 14:19:02', '2022-06-15 14:19:02', NULL, 3);
INSERT INTO `t_content_det` VALUES (420, 47, 'Modul HRMS', NULL, 5, 'files_content/47/1655277550_3. Modul Time Management.png', '2022-06-15 14:19:10', '2022-06-15 14:19:10', NULL, 4);
INSERT INTO `t_content_det` VALUES (421, 47, '<p>2.<span style=\"white-space: pre;\"> </span>Selanjutnya pilih menu &ldquo;<strong>Attendance Adjustment</strong>&rdquo;&nbsp; kemudian sub menu &ldquo;<strong>Adjustment Submission</strong>&rdquo;.</p>', NULL, 4, NULL, '2022-06-15 14:19:29', '2022-06-15 14:19:29', NULL, 5);
INSERT INTO `t_content_det` VALUES (422, 47, 'Sub Menu Adjusment Submission', NULL, 5, 'files_content/47/1655277777_menu.png', '2022-06-15 14:22:57', '2022-06-15 14:22:57', NULL, 6);
INSERT INTO `t_content_det` VALUES (423, 47, '<p>3.<span style=\"white-space: pre;\"> </span>Pilih tombol &ldquo;<strong>Add New</strong>&rdquo; untuk membuat permohonan penyesuaian kehadiran kemudian lengkapi form yang tersedia dan pilih tombol &ldquo;<strong>Submit</strong>&rdquo; untuk menyimpan data atau tombol &ldquo;<strong>Back</strong>&rdquo; untuk kembali ke halaman sebelumnya.</p>', NULL, 4, NULL, '2022-06-15 14:23:22', '2022-06-15 14:23:22', NULL, 7);
INSERT INTO `t_content_det` VALUES (424, 47, 'Form Add', NULL, 5, 'files_content/47/1655277811_form add.png', '2022-06-15 14:23:31', '2022-06-15 14:23:31', NULL, 8);
INSERT INTO `t_content_det` VALUES (425, 47, '<p>4.<span style=\"white-space: pre;\"> </span>Pilih actions &ldquo;<strong>Edit</strong>&rdquo; untuk merubah data,&nbsp; kemudian input data yang ingin dilakukan perubahan dan pilih tombol &ldquo;<strong>Submit</strong>&rdquo; untuk menyimpan data atau tombol &ldquo;<strong>Back</strong>&rdquo; untuk kembali ke halaman sebelumnya.</p>', NULL, 4, NULL, '2022-06-15 14:23:51', '2022-06-15 14:23:51', NULL, 9);
INSERT INTO `t_content_det` VALUES (426, 47, 'Form Edit', NULL, 5, 'files_content/47/1655277841_form edit.png', '2022-06-15 14:24:01', '2022-06-15 14:24:01', NULL, 10);
INSERT INTO `t_content_det` VALUES (427, 47, '<p>5.<span style=\"white-space: pre;\"> </span>Pilih actions &ldquo;<strong>Verify</strong>&rdquo; untuk mengirimkan data ke proses berikutnya dengan memberikan catatan dan pilih tombol &ldquo;<strong>Submit</strong>&rdquo; untuk menyimpan data atau tombol &ldquo;<strong>Back</strong>&rdquo; untuk kembali ke halaman sebelumnya.</p>', NULL, 4, NULL, '2022-06-15 14:24:20', '2022-06-15 14:24:20', NULL, 11);
INSERT INTO `t_content_det` VALUES (428, 47, 'Form Verify', NULL, 5, 'files_content/47/1655277872_form verify.png', '2022-06-15 14:24:32', '2022-06-15 14:24:32', NULL, 12);
INSERT INTO `t_content_det` VALUES (429, 48, '<p>Adjustment Verification Manager digunakan oleh manajer terkait untuk melakukan proses verifikasi permohonan penyesuaian kehadiran. Adapun caranya sebagai berikut :</p>', NULL, 4, NULL, '2022-06-15 14:27:09', '2022-06-15 14:27:09', NULL, 1);
INSERT INTO `t_content_det` VALUES (430, 48, '<p>1.<span style=\"white-space: pre;\"> </span>Buka halaman aplikasi HRMS melalui web browser (Chrome, Mozila FireFox atau lainnya) kemudian &ldquo;<strong>Login</strong>&rdquo;, setelah berhasil login pilih modul &ldquo;<strong>Time Management</strong>&rdquo;.</p>', NULL, 4, NULL, '2022-06-15 14:27:27', '2022-06-15 14:27:27', NULL, 2);
INSERT INTO `t_content_det` VALUES (431, 48, 'Halaman Login', NULL, 5, 'files_content/48/1655278055_1. Login.png', '2022-06-15 14:27:35', '2022-06-15 14:27:35', NULL, 3);
INSERT INTO `t_content_det` VALUES (432, 48, 'Modul HRMS', NULL, 5, 'files_content/48/1655278063_3. Modul Time Management.png', '2022-06-15 14:27:43', '2022-06-15 14:27:43', NULL, 4);
INSERT INTO `t_content_det` VALUES (433, 48, '<p>2.<span style=\"white-space: pre;\"> </span>Selanjutnya pilih menu &ldquo;<strong>Attendance Adjustment</strong>&rdquo;&nbsp; kemudian sub menu &ldquo;<strong>Adjustment Verification Manager</strong>&rdquo;.</p>', NULL, 4, NULL, '2022-06-15 14:28:09', '2022-06-15 14:28:09', NULL, 5);
INSERT INTO `t_content_det` VALUES (434, 48, 'Sub Menu Adjusment Verification Manager', NULL, 5, 'files_content/48/1655278147_menu.png', '2022-06-15 14:29:07', '2022-06-15 14:29:07', NULL, 6);
INSERT INTO `t_content_det` VALUES (435, 48, '<p>3.<span style=\"white-space: pre;\"> </span>Pilih actions &ldquo;<strong>Verify</strong>&rdquo; untuk mengirimkan data ke proses berikutnya dengan memberikan catatan dan pilih tombol &ldquo;<strong>Submit</strong>&rdquo; untuk menyimpan data atau tombol &ldquo;<strong>Back</strong>&rdquo; untuk kembali ke halaman sebelumnya.</p>', NULL, 4, NULL, '2022-06-15 14:29:30', '2022-06-15 14:29:30', NULL, 7);
INSERT INTO `t_content_det` VALUES (436, 48, 'Form Verify', NULL, 5, 'files_content/48/1655278181_form verify.png', '2022-06-15 14:29:41', '2022-06-15 14:29:41', NULL, 8);
INSERT INTO `t_content_det` VALUES (437, 49, '<p>Adjustment Verification BM digunakan oleh kepala cabang untuk melakukan proses verifikasi permohonan penyesuaian kehadiran. Adapun caranya sebagai berikut :</p>', NULL, 4, NULL, '2022-06-15 14:31:22', '2022-06-15 14:31:22', NULL, 1);
INSERT INTO `t_content_det` VALUES (438, 49, '<p>1.<span style=\"white-space: pre;\"> </span>Buka halaman aplikasi HRMS melalui web browser (Chrome, Mozila FireFox atau lainnya) kemudian &ldquo;<strong>Login</strong>&rdquo;, setelah berhasil login pilih modul &ldquo;<strong>Time Management</strong>&rdquo;.</p>', NULL, 4, NULL, '2022-06-15 14:31:43', '2022-06-15 14:31:43', NULL, 2);
INSERT INTO `t_content_det` VALUES (439, 49, 'Halaman Login', NULL, 5, 'files_content/49/1655278314_1. Login.png', '2022-06-15 14:31:54', '2022-06-15 14:31:54', NULL, 3);
INSERT INTO `t_content_det` VALUES (440, 49, 'Modul HRMS', NULL, 5, 'files_content/49/1655278322_3. Modul Time Management.png', '2022-06-15 14:32:02', '2022-06-15 14:32:02', NULL, 4);
INSERT INTO `t_content_det` VALUES (441, 49, '<p>2.<span style=\"white-space: pre;\"> </span>Selanjutnya pilih menu &ldquo;<strong>Attendance Adjustment</strong>&rdquo;&nbsp; kemudian sub menu &ldquo;<strong>Adjustment Verification BM</strong>&rdquo;.</p>', NULL, 4, NULL, '2022-06-15 14:32:29', '2022-06-15 14:32:29', NULL, 5);
INSERT INTO `t_content_det` VALUES (442, 49, 'Sub Menu Adjusment Verification BM', NULL, 5, 'files_content/49/1655278365_menu.png', '2022-06-15 14:32:45', '2022-06-15 14:32:45', NULL, 6);
INSERT INTO `t_content_det` VALUES (443, 49, '<p>3.<span style=\"white-space: pre;\"> </span>Pilih actions &ldquo;<strong>Verify</strong>&rdquo; untuk mengirimkan data ke proses berikutnya dengan memberikan catatan dan pilih tombol &ldquo;<strong>Submit</strong>&rdquo; untuk menyimpan data atau tombol &ldquo;<strong>Back</strong>&rdquo; untuk kembali ke halaman sebelumnya.</p>', NULL, 4, NULL, '2022-06-15 14:33:04', '2022-06-15 14:33:04', NULL, 7);
INSERT INTO `t_content_det` VALUES (444, 49, 'Form Verify', NULL, 5, 'files_content/49/1655278393_form verify.png', '2022-06-15 14:33:13', '2022-06-15 14:33:13', NULL, 8);
INSERT INTO `t_content_det` VALUES (445, 50, '<p>Employee Attendance adalah laporan kehadiran masing - masing pegawai. Adapun caranya sebagai berikut&nbsp; :</p>', NULL, 4, NULL, '2022-06-15 14:38:56', '2022-06-15 14:38:56', NULL, 1);
INSERT INTO `t_content_det` VALUES (446, 50, '<p>1.<span style=\"white-space: pre;\"> </span>Buka halaman aplikasi HRMS melalui web browser (Chrome, Mozila FireFox atau lainnya) kemudian &ldquo;<strong>Login</strong>&rdquo;, setelah berhasil login pilih modul &ldquo;<strong>Time Management</strong>&rdquo;.</p>', NULL, 4, NULL, '2022-06-15 14:39:27', '2022-06-15 14:39:27', NULL, 2);
INSERT INTO `t_content_det` VALUES (447, 50, 'Halaman Login', NULL, 5, 'files_content/50/1655278775_1. Login.png', '2022-06-15 14:39:35', '2022-06-15 14:39:35', NULL, 3);
INSERT INTO `t_content_det` VALUES (448, 50, 'Modul HRMS', NULL, 5, 'files_content/50/1655278784_3. Modul Time Management.png', '2022-06-15 14:39:44', '2022-06-15 14:39:44', NULL, 4);
INSERT INTO `t_content_det` VALUES (449, 50, '<p>2.<span style=\"white-space: pre;\"> </span>Selanjutnya pilih menu &ldquo;<strong>Report</strong>&rdquo;&nbsp; kemudian sub menu &ldquo;<strong>Report Page</strong>&rdquo;.</p>', NULL, 4, NULL, '2022-06-15 14:40:14', '2022-06-15 14:40:14', NULL, 5);
INSERT INTO `t_content_det` VALUES (450, 50, 'Sub Menu Report Page', NULL, 5, 'files_content/50/1655278892_menu.png', '2022-06-15 14:41:32', '2022-06-15 14:41:32', NULL, 6);
INSERT INTO `t_content_det` VALUES (451, 50, '<p>3.<span style=\"white-space: pre;\"> </span>Pilih tombol &ldquo;<strong>TM001 &ndash; Employee Attendance</strong>&rdquo;, kemudian lengkapi form pencarian sesuai yang diinginkan dan pilih tombol &ldquo;<strong>Filter Report</strong>&rdquo; untuk menampilkan laporan kehadiran masing &ndash; masing pegawai .</p>', NULL, 4, NULL, '2022-06-15 14:43:22', '2022-06-15 14:43:22', NULL, 7);
INSERT INTO `t_content_det` VALUES (452, 50, 'Report Time Management', NULL, 5, 'files_content/50/1655279031_menu2.png', '2022-06-15 14:43:51', '2022-06-15 14:43:51', NULL, 8);
INSERT INTO `t_content_det` VALUES (453, 50, 'Report Time Management', NULL, 5, 'files_content/50/1655279127_form add.png', '2022-06-15 14:45:27', '2022-06-15 14:45:27', NULL, 9);
INSERT INTO `t_content_det` VALUES (454, 51, '<p>Recap Branch Attendance adalah laporan kehadiran pegawai dalam satu cabang. Adapun caranya sebagai berikut&nbsp; :</p>', NULL, 4, NULL, '2022-06-15 14:47:44', '2022-06-15 14:47:44', NULL, 1);
INSERT INTO `t_content_det` VALUES (455, 51, '<p>1.<span style=\"white-space: pre;\"> </span>Buka halaman aplikasi HRMS melalui web browser (Chrome, Mozila FireFox atau lainnya) kemudian &ldquo;<strong>Login</strong>&rdquo;, setelah berhasil login pilih modul &ldquo;<strong>Time Management</strong>&rdquo;.</p>', NULL, 4, NULL, '2022-06-15 14:48:51', '2022-06-15 14:48:51', NULL, 2);
INSERT INTO `t_content_det` VALUES (456, 51, 'Halaman Login', NULL, 5, 'files_content/51/1655279344_1. Login.png', '2022-06-15 14:49:04', '2022-06-15 14:49:04', NULL, 3);
INSERT INTO `t_content_det` VALUES (457, 51, 'Modul HRMS', NULL, 5, 'files_content/51/1655279408_3. Modul Time Management.png', '2022-06-15 14:50:08', '2022-06-15 14:50:08', NULL, 4);
INSERT INTO `t_content_det` VALUES (458, 51, '<p>2.<span style=\"white-space: pre;\"> </span>Selanjutnya pilih menu &ldquo;<strong>Report</strong>&rdquo;&nbsp; kemudian sub menu &ldquo;<strong>Report Page</strong>&rdquo;.</p>', NULL, 4, NULL, '2022-06-15 14:51:18', '2022-06-15 14:51:18', NULL, 5);
INSERT INTO `t_content_det` VALUES (459, 51, 'Sub Menu Recap Branch Attendance', NULL, 5, 'files_content/51/1655279502_menu.png', '2022-06-15 14:51:42', '2022-06-15 14:51:42', NULL, 6);
INSERT INTO `t_content_det` VALUES (460, 51, '<p>3.<span style=\"white-space: pre;\"> </span>Pilih tombol &ldquo;<strong>TM002 &ndash; Recap Branch Attendance</strong>&rdquo;, kemudian lengkapi form pencarian sesuai yang diinginkan dan pilih tombol &ldquo;<strong>Filter Report</strong>&rdquo; untuk menampilkan laporan kehadiran semua pegawai dalam satu cabang.</p>', NULL, 4, NULL, '2022-06-15 14:52:22', '2022-06-15 14:52:22', NULL, 7);
INSERT INTO `t_content_det` VALUES (461, 51, 'Report Time Management', NULL, 5, 'files_content/51/1655279554_menu2.png', '2022-06-15 14:52:34', '2022-06-15 14:52:34', NULL, 8);
INSERT INTO `t_content_det` VALUES (462, 51, 'Report Time Management', NULL, 5, 'files_content/51/1655279569_form add.png', '2022-06-15 14:52:49', '2022-06-15 14:52:49', NULL, 9);
INSERT INTO `t_content_det` VALUES (463, 52, 'judul coba', NULL, 1, NULL, '2022-06-15 14:53:45', '2022-06-15 14:53:45', NULL, 1);
INSERT INTO `t_content_det` VALUES (464, 52, '<p>mama yu kero, mama yu kero mama mia&nbsp;</p>\r\n<p>&nbsp;</p>', NULL, 4, NULL, '2022-06-15 14:54:07', '2022-06-15 15:02:02', NULL, 2);
INSERT INTO `t_content_det` VALUES (465, 52, 'pepohonan hantu', NULL, 5, 'files_content//1655280152_11b526bf5bd12ea7aabe93732ca5257b.jpg', '2022-06-15 14:54:25', '2022-06-15 15:02:32', NULL, 3);
INSERT INTO `t_content_det` VALUES (466, 52, '<p>microphone.. pelumas hutang</p>', NULL, 4, NULL, '2022-06-15 14:55:52', '2022-06-15 15:02:20', NULL, 4);
INSERT INTO `t_content_det` VALUES (467, 53, '<p>Business Trip digunakan untuk membuat surat perjalanan dinas dan menentukan pegawai yang melakukan perjalanan dinas berikut dengan rincian tugas serta fasilitas yang diperoleh. Adapun caranya sebagai berikut :&nbsp;</p>', NULL, 4, NULL, '2022-06-16 08:53:39', '2022-06-16 08:53:39', NULL, 1);
INSERT INTO `t_content_det` VALUES (468, 53, '<p>1.<span style=\"white-space: pre;\"> </span>Buka halaman aplikasi HRMS melalui web browser (Chrome, Mozila FireFox atau lainnya) kemudian &ldquo;<strong>Login</strong>&rdquo;, setelah berhasil login pilih modul &ldquo;<strong>Travel Management</strong>&rdquo;.</p>', NULL, 4, NULL, '2022-06-16 08:54:30', '2022-06-16 08:54:30', NULL, 2);
INSERT INTO `t_content_det` VALUES (469, 53, 'Halaman Login', NULL, 5, 'files_content/53/1655344480_Login.png', '2022-06-16 08:54:40', '2022-06-16 08:54:40', NULL, 3);
INSERT INTO `t_content_det` VALUES (470, 53, 'Modul HRMS', NULL, 5, 'files_content/53/1655344489_modul.png', '2022-06-16 08:54:49', '2022-06-16 08:54:49', NULL, 4);
INSERT INTO `t_content_det` VALUES (471, 53, '<p>2.<span style=\"white-space: pre;\"> </span>Selanjutnya pilih menu &ldquo;<strong>Travel Management</strong>&rdquo;&nbsp; kemudian sub menu &ldquo;<strong>Business Trip</strong>&rdquo;.</p>', NULL, 4, NULL, '2022-06-16 08:57:12', '2022-06-16 08:57:12', NULL, 5);
INSERT INTO `t_content_det` VALUES (472, 53, 'Sub Menu Business Trip', NULL, 5, 'files_content/53/1655344652_menu.png', '2022-06-16 08:57:33', '2022-06-16 08:57:33', NULL, 6);
INSERT INTO `t_content_det` VALUES (473, 53, '<p>3.<span style=\"white-space: pre;\"> </span>Pilih tombol &ldquo;<strong>Add New</strong>&rdquo; untuk membuat surat perjalanan dinas dan menentukan pegawai kemudian lengkapi form yang tersedia dan pilih tombol &ldquo;<strong>Submit</strong>&rdquo; untuk menyimpan data atau tombol &ldquo;<strong>Back</strong>&rdquo; untuk kembali ke halaman sebelumnya.</p>', NULL, 4, NULL, '2022-06-16 08:59:13', '2022-06-16 08:59:13', NULL, 7);
INSERT INTO `t_content_det` VALUES (474, 53, 'Form Add', NULL, 5, 'files_content/53/1655345307_form add.png', '2022-06-16 09:08:27', '2022-06-16 09:08:28', NULL, 8);
INSERT INTO `t_content_det` VALUES (475, 53, '<p>4.<span style=\"white-space: pre;\"> </span>Pilih actions &ldquo;<strong>Edit</strong>&rdquo; untuk merubah data,&nbsp; kemudian input data yang ingin dilakukan perubahan dan pilih tombol &ldquo;<strong>Submit</strong>&rdquo; untuk menyimpan data atau tombol &ldquo;<strong>Back</strong>&rdquo; untuk kembali ke halaman sebelumnya.</p>', NULL, 4, NULL, '2022-06-16 09:13:42', '2022-06-16 09:13:44', NULL, 9);
INSERT INTO `t_content_det` VALUES (476, 53, 'Form Edit', NULL, 5, 'files_content/53/1655345646_form edit.png', '2022-06-16 09:14:06', '2022-06-16 09:14:06', NULL, 10);
INSERT INTO `t_content_det` VALUES (477, 53, '<p>5.<span style=\"white-space: pre;\"> </span>Pilih actions &ldquo;<strong>Delete</strong>&rdquo; untuk menghapus data.</p>', NULL, 4, NULL, '2022-06-16 09:15:43', '2022-06-16 09:15:43', NULL, 11);
INSERT INTO `t_content_det` VALUES (478, 53, 'Actions Delete', NULL, 5, 'files_content/53/1655345754_actions delete.png', '2022-06-16 09:15:54', '2022-06-16 09:15:54', NULL, 12);
INSERT INTO `t_content_det` VALUES (479, 53, '<p>6.<span style=\"white-space: pre;\"> </span>Pilih actions &ldquo;<strong>Verify</strong>&rdquo; untuk mengirimkan data ke proses berikutnya dengan memberikan catatan dan pilih tombol &ldquo;<strong>Submit</strong>&rdquo; untuk menyimpan data atau tombol &ldquo;<strong>Back</strong>&rdquo; untuk kembali ke halaman sebelumnya.</p>', NULL, 4, NULL, '2022-06-16 09:16:11', '2022-06-16 09:16:26', NULL, 13);
INSERT INTO `t_content_det` VALUES (480, 53, 'Form Verify', NULL, 5, 'files_content/53/1655345801_form verify.png', '2022-06-16 09:16:41', '2022-06-16 09:16:41', NULL, 14);
INSERT INTO `t_content_det` VALUES (481, 54, '<p>Assigned Employee digunakan oleh pegawai yang mendaptakan surat perjalanan dinas untuk proses persetujuan dan melaporkan hasil perjalanan dinas. Adapun caranya sebagai berikut :&nbsp;</p>', NULL, 4, NULL, '2022-06-16 09:23:14', '2022-06-16 09:23:14', NULL, 1);
INSERT INTO `t_content_det` VALUES (482, 54, '<p>1.<span style=\"white-space: pre;\"> </span>Buka halaman aplikasi HRMS melalui web browser (Chrome, Mozila FireFox atau lainnya) kemudian &ldquo;<strong>Login</strong>&rdquo;, setelah berhasil login pilih modul &ldquo;<strong>Travel Management</strong>&rdquo;.</p>', NULL, 4, NULL, '2022-06-16 09:23:49', '2022-06-16 09:23:49', NULL, 2);
INSERT INTO `t_content_det` VALUES (483, 54, 'Halaman Login', NULL, 5, 'files_content/54/1655346247_Login.png', '2022-06-16 09:24:07', '2022-06-16 09:24:07', NULL, 3);
INSERT INTO `t_content_det` VALUES (484, 54, 'Modul HRMS', NULL, 5, 'files_content/54/1655346279_modul.png', '2022-06-16 09:24:39', '2022-06-16 09:24:39', NULL, 4);
INSERT INTO `t_content_det` VALUES (485, 54, '<p>2.<span style=\"white-space: pre;\"> </span>Selanjutnya pilih menu &ldquo;<strong>Travel Management</strong>&rdquo;&nbsp; kemudian sub menu &ldquo;<strong>Assigned Employee</strong>&rdquo;.</p>', NULL, 4, NULL, '2022-06-16 09:25:39', '2022-06-16 09:25:39', NULL, 5);
INSERT INTO `t_content_det` VALUES (486, 54, 'Sub Menu Assigned Employee', NULL, 5, 'files_content/54/1655346408_menu.png', '2022-06-16 09:26:48', '2022-06-16 09:26:48', NULL, 6);
INSERT INTO `t_content_det` VALUES (487, 54, '<p>3.<span style=\"white-space: pre;\"> </span>Pilih actions &ldquo;<strong>Verify</strong>&rdquo; untuk mengirimkan data ke proses berikutnya dengan memberikan catatan dan pilih tombol &ldquo;<strong>Submit</strong>&rdquo; untuk menyimpan data atau tombol &ldquo;<strong>Back</strong>&rdquo; untuk kembali ke halaman sebelumnya.</p>\r\n<p>&nbsp;</p>', NULL, 4, NULL, '2022-06-16 09:27:56', '2022-06-16 09:27:56', NULL, 7);
INSERT INTO `t_content_det` VALUES (488, 54, 'Form Verify', NULL, 5, 'files_content/54/1655346488_form verify.png', '2022-06-16 09:28:08', '2022-06-16 09:28:08', NULL, 8);
INSERT INTO `t_content_det` VALUES (489, 55, '<p>Verification Business Trip (Dir. Keu / BM) digunakan direktur keuangan atau kepala cabang untuk melakukan proses persetujuan permohonan surat perjalanan dinas. Adapun caranya sebagai berikut :&nbsp;</p>', NULL, 4, NULL, '2022-06-16 09:59:34', '2022-06-16 09:59:34', NULL, 1);
INSERT INTO `t_content_det` VALUES (490, 55, '<p>1.<span style=\"white-space: pre;\"> </span>Buka halaman aplikasi HRMS melalui web browser (Chrome, Mozila FireFox atau lainnya) kemudian &ldquo;<strong>Login</strong>&rdquo;, setelah berhasil login pilih modul &ldquo;<strong>Travel Management</strong>&rdquo;.</p>', NULL, 4, NULL, '2022-06-16 10:00:02', '2022-06-16 10:00:02', NULL, 2);
INSERT INTO `t_content_det` VALUES (491, 55, 'Halaman Login', NULL, 5, 'files_content/55/1655348415_Login.png', '2022-06-16 10:00:15', '2022-06-16 10:00:15', NULL, 3);
INSERT INTO `t_content_det` VALUES (492, 55, 'Modul HRMS', NULL, 5, 'files_content/55/1655348433_modul.png', '2022-06-16 10:00:33', '2022-06-16 10:00:33', NULL, 4);
INSERT INTO `t_content_det` VALUES (493, 55, '<p>2.<span style=\"white-space: pre;\"> </span>Selanjutnya pilih menu &ldquo;<strong>Travel Management</strong>&rdquo;&nbsp; kemudian sub menu &ldquo;<strong>Verification Business Trip (Dir. Keu / BM)</strong>&rdquo;.</p>', NULL, 4, NULL, '2022-06-16 10:01:32', '2022-06-16 10:01:32', NULL, 5);
INSERT INTO `t_content_det` VALUES (494, 55, 'Sub Menu Verification Business Trip (Dir. Keu / BM)', NULL, 5, 'files_content/55/1655348561_menu.png', '2022-06-16 10:02:41', '2022-06-16 10:02:41', NULL, 6);
INSERT INTO `t_content_det` VALUES (495, 55, '<p>3.<span style=\"white-space: pre;\"> </span>Pilih actions &ldquo;<strong>Verify</strong>&rdquo; untuk mengirimkan data ke proses berikutnya dengan memberikan catatan dan pilih tombol &ldquo;<strong>Submit</strong>&rdquo; untuk menyimpan data atau tombol &ldquo;<strong>Back</strong>&rdquo; untuk kembali ke halaman sebelumnya.</p>\r\n<p>&nbsp;</p>', NULL, 4, NULL, '2022-06-16 10:03:14', '2022-06-16 10:03:14', NULL, 7);
INSERT INTO `t_content_det` VALUES (496, 55, 'Form Verify', NULL, 5, 'files_content/55/1655348602_form verify.png', '2022-06-16 10:03:22', '2022-06-16 10:03:22', NULL, 8);
INSERT INTO `t_content_det` VALUES (497, 56, '<p>Verification Business Trip (BM Target) digunakan kepala cabang tujuan untuk melakukan proses persetujuan apabila tugas perjalanan dinas telah diselesaikan. Adapun caranya sebagai berikut :&nbsp;</p>', NULL, 4, NULL, '2022-06-16 10:12:54', '2022-06-16 10:12:54', NULL, 1);
INSERT INTO `t_content_det` VALUES (498, 56, '<p>1.<span style=\"white-space: pre;\"> </span>Buka halaman aplikasi HRMS melalui web browser (Chrome, Mozila FireFox atau lainnya) kemudian &ldquo;<strong>Login</strong>&rdquo;, setelah berhasil login pilih modul &ldquo;<strong>Travel Management</strong>&rdquo;.</p>', NULL, 4, NULL, '2022-06-16 10:14:26', '2022-06-16 10:14:26', NULL, 2);
INSERT INTO `t_content_det` VALUES (499, 56, 'Halaman Login', NULL, 5, 'files_content/56/1655349280_Login.png', '2022-06-16 10:14:40', '2022-06-16 10:14:40', NULL, 3);
INSERT INTO `t_content_det` VALUES (500, 56, 'Modul HRMS', NULL, 5, 'files_content/56/1655349299_modul.png', '2022-06-16 10:14:59', '2022-06-16 10:14:59', NULL, 4);
INSERT INTO `t_content_det` VALUES (501, 56, '<p>2.<span style=\"white-space: pre;\"> </span>Selanjutnya pilih menu &ldquo;<strong>Travel Management</strong>&rdquo;&nbsp; kemudian sub menu &ldquo;<strong>Verification Business Trip (BM Target)</strong>&rdquo;.</p>', NULL, 4, NULL, '2022-06-16 10:16:56', '2022-06-16 10:16:56', NULL, 5);
INSERT INTO `t_content_det` VALUES (502, 56, 'Sub Menu Verification Business Trip (BM Target)', NULL, 5, 'files_content/56/1655349453_menu.png', '2022-06-16 10:17:33', '2022-06-16 10:17:33', NULL, 6);
INSERT INTO `t_content_det` VALUES (503, 56, '<p>3.<span style=\"white-space: pre;\"> </span>Pilih actions &ldquo;<strong>Verify</strong>&rdquo; untuk mengirimkan data ke proses berikutnya dengan memberikan catatan dan pilih tombol &ldquo;<strong>Submit</strong>&rdquo; untuk menyimpan data atau tombol &ldquo;<strong>Back</strong>&rdquo; untuk kembali ke halaman sebelumnya.</p>', NULL, 4, NULL, '2022-06-16 10:18:00', '2022-06-16 10:19:03', NULL, 7);
INSERT INTO `t_content_det` VALUES (504, 56, 'Form Verify', NULL, 5, 'files_content/56/1655349489_form verify.png', '2022-06-16 10:18:09', '2022-06-16 10:18:09', NULL, 8);
INSERT INTO `t_content_det` VALUES (505, 57, '<p>Cashier Business Trip digunakan untuk mencatat pembayaran biaya perjalanan dinas masing - masing pegawai. Adapun caranya sebagai berikut :</p>', NULL, 4, NULL, '2022-06-16 10:39:13', '2022-06-16 10:39:13', NULL, 1);
INSERT INTO `t_content_det` VALUES (506, 57, '<p>1.<span style=\"white-space: pre;\"> </span>Buka halaman aplikasi HRMS melalui web browser (Chrome, Mozila FireFox atau lainnya) kemudian &ldquo;<strong>Login</strong>&rdquo;, setelah berhasil login pilih modul &ldquo;<strong>Travel Management</strong>&rdquo;.</p>', NULL, 4, NULL, '2022-06-16 10:39:49', '2022-06-16 10:39:49', NULL, 2);
INSERT INTO `t_content_det` VALUES (507, 57, 'Halaman Login', NULL, 5, 'files_content/57/1655350799_Login.png', '2022-06-16 10:39:59', '2022-06-16 10:39:59', NULL, 3);
INSERT INTO `t_content_det` VALUES (508, 57, 'Modul HRMS', NULL, 5, 'files_content/57/1655350809_modul.png', '2022-06-16 10:40:09', '2022-06-16 10:40:09', NULL, 4);
INSERT INTO `t_content_det` VALUES (509, 57, '<p>2.<span style=\"white-space: pre;\"> </span>Selanjutnya pilih menu &ldquo;<strong>Travel Management</strong>&rdquo;&nbsp; kemudian sub menu &ldquo;<strong>Casier Business Trip</strong>&rdquo;.</p>', NULL, 4, NULL, '2022-06-16 10:41:39', '2022-06-16 10:41:39', NULL, 5);
INSERT INTO `t_content_det` VALUES (510, 57, 'Sub Menu Cashier Business Trip', NULL, 5, 'files_content/57/1655350921_menu.png', '2022-06-16 10:42:01', '2022-06-16 10:42:01', NULL, 6);
INSERT INTO `t_content_det` VALUES (511, 57, '<p>3.<span style=\"white-space: pre;\"> </span>Pilih tombol &ldquo;<strong>Give Money</strong>&rdquo; untuk melakukan pembayaran biaya perjalanan dinas pada masing - masing pegawai kemudian lengkapi form yang tersedia dan pilih tombol &ldquo;<strong>Submit</strong>&rdquo; untuk menyimpan data atau tombol &ldquo;<strong>Back</strong>&rdquo; untuk kembali ke halaman sebelumnya.</p>', NULL, 4, NULL, '2022-06-16 10:43:45', '2022-06-16 10:45:36', NULL, 7);
INSERT INTO `t_content_det` VALUES (512, 57, 'Form Payment Business Trip', NULL, 5, 'files_content/57/1655351107_form add.png', '2022-06-16 10:45:07', '2022-06-16 10:45:07', NULL, 8);
INSERT INTO `t_content_det` VALUES (513, 53, '<p>7.<span style=\"white-space: pre;\"> </span>Pilih tombol &ldquo;<strong>Extra Schedule</strong>&rdquo; untuk merubah jadwal perjalanan dinas apabila dibutuhkan tambahan waktu pada saat melaksanakan perintah perjalanan dinas dan pilih tombol &ldquo;<strong>Submit</strong>&rdquo; untuk menyimpan data atau tombol &ldquo;<strong>Back</strong>&rdquo; untuk kembali ke halaman sebelumnya.</p>', NULL, 4, NULL, '2022-06-16 10:50:27', '2022-06-16 10:50:27', NULL, 15);
INSERT INTO `t_content_det` VALUES (514, 53, 'Form Edit', NULL, 5, 'files_content/53/1655351480_form edit.png', '2022-06-16 10:51:20', '2022-06-16 10:51:20', NULL, 16);
INSERT INTO `t_content_det` VALUES (515, 54, '<p>4. Pilih tombol \"<strong>Upload Report</strong>\" untuk mengunggah hasil laporan perjalanan dinas yang telah selesai kemudian pilih tombol &ldquo;<strong>Submit</strong>&rdquo; untuk menyimpan data atau tombol &ldquo;<strong>Back</strong>&rdquo; untuk kembali ke halaman sebelumnya</p>', NULL, 4, NULL, '2022-06-16 10:56:23', '2022-06-16 10:56:23', NULL, 9);
INSERT INTO `t_content_det` VALUES (516, 54, 'Form Upload', NULL, 5, 'files_content/54/1655351800_form add.png', '2022-06-16 10:56:40', '2022-06-16 10:56:40', NULL, 10);
INSERT INTO `t_content_det` VALUES (517, 54, '<p>5. Pilih tombol \"<strong>Print</strong>\" untuk mencetak surat perintah perjalanan dinas.</p>', NULL, 4, NULL, '2022-06-16 11:03:14', '2022-06-16 11:04:00', NULL, 11);
INSERT INTO `t_content_det` VALUES (518, 54, 'Print Out', NULL, 5, 'files_content/54/1655352205_print.png', '2022-06-16 11:03:25', '2022-06-16 11:03:25', NULL, 12);
INSERT INTO `t_content_det` VALUES (519, 53, '<p>8. Pilih tombol \"<strong>View Report</strong>\" untuk melihat hasil laporan perjalanan dinas.</p>', NULL, 4, NULL, '2022-06-16 11:05:51', '2022-06-16 11:05:51', NULL, 17);
INSERT INTO `t_content_det` VALUES (520, 58, '<p>Submission Extra Cost digunakan untuk pengajuan biaya tambahan setelah melakukan perjalanan dinas. Adapun caranya sebagai berikut :</p>', NULL, 4, NULL, '2022-06-16 14:24:44', '2022-06-16 14:50:28', NULL, 1);
INSERT INTO `t_content_det` VALUES (521, 58, '<p>1.<span style=\"white-space: pre;\"> </span>Buka halaman aplikasi HRMS melalui web browser (Chrome, Mozila FireFox atau lainnya) kemudian &ldquo;<strong>Login</strong>&rdquo;, setelah berhasil login pilih modul &ldquo;<strong>Travel Management</strong>&rdquo;.</p>', NULL, 4, NULL, '2022-06-16 14:25:18', '2022-06-16 14:25:18', NULL, 2);
INSERT INTO `t_content_det` VALUES (522, 58, 'Halaman Login', NULL, 5, 'files_content/58/1655364329_Login.png', '2022-06-16 14:25:29', '2022-06-16 14:25:29', NULL, 3);
INSERT INTO `t_content_det` VALUES (523, 58, 'Modul HRMS', NULL, 5, 'files_content/58/1655364339_modul.png', '2022-06-16 14:25:39', '2022-06-16 14:25:39', NULL, 4);
INSERT INTO `t_content_det` VALUES (524, 58, '<p>2.<span style=\"white-space: pre;\"> </span>Selanjutnya pilih menu &ldquo;<strong>Travel Management</strong>&rdquo;&nbsp; kemudian sub menu &ldquo;<strong>Submission Extra Cost</strong>&rdquo;.</p>', NULL, 4, NULL, '2022-06-16 14:26:23', '2022-06-16 14:26:23', NULL, 5);
INSERT INTO `t_content_det` VALUES (525, 58, 'Sub Menu Submission Extra Cost', NULL, 5, 'files_content/58/1655364431_menu.png', '2022-06-16 14:27:11', '2022-06-16 14:27:11', NULL, 6);
INSERT INTO `t_content_det` VALUES (526, 58, '<p>3.<span style=\"white-space: pre;\"> </span>Pilih tombol &ldquo;<strong>Add New</strong>&rdquo; untuk melakukan permohonan biaya tambahan setelah perjalanan dinas kemudian lengkapi form yang tersedia dan pilih tombol &ldquo;<strong>Submit</strong>&rdquo; untuk menyimpan data atau tombol &ldquo;<strong>Back</strong>&rdquo; untuk kembali ke halaman sebelumnya.</p>\r\n<p>&nbsp;</p>', NULL, 4, NULL, '2022-06-16 14:49:38', '2022-06-16 14:49:38', NULL, 7);
INSERT INTO `t_content_det` VALUES (527, 58, 'Form Add', NULL, 5, 'files_content/58/1655366016_form add.png', '2022-06-16 14:53:36', '2022-06-16 14:53:36', NULL, 8);

-- ----------------------------
-- Table structure for t_group_content
-- ----------------------------
DROP TABLE IF EXISTS `t_group_content`;
CREATE TABLE `t_group_content`  (
  `id_t_group_content` int(14) NOT NULL,
  `id_t_content` int(14) NULL DEFAULT NULL,
  `id_m_user_group` int(14) NULL DEFAULT NULL,
  `created_at` datetime(0) NULL DEFAULT CURRENT_TIMESTAMP(0),
  `updated_at` datetime(0) NULL DEFAULT NULL,
  `deleted_at` datetime(0) NULL DEFAULT NULL,
  `id_m_app` int(14) NULL DEFAULT NULL,
  PRIMARY KEY (`id_t_group_content`) USING BTREE
) ENGINE = MyISAM CHARACTER SET = latin1 COLLATE = latin1_swedish_ci ROW_FORMAT = Fixed;

-- ----------------------------
-- Records of t_group_content
-- ----------------------------
INSERT INTO `t_group_content` VALUES (11, 11, 1, '2022-06-15 07:26:35', NULL, NULL, 1);
INSERT INTO `t_group_content` VALUES (10, 10, 1, '2022-06-15 07:26:33', NULL, NULL, 1);
INSERT INTO `t_group_content` VALUES (68, 9, 1, '2022-06-17 08:44:06', '2022-06-17 08:44:06', NULL, 1);
INSERT INTO `t_group_content` VALUES (8, 8, 1, '2022-06-15 07:26:29', NULL, NULL, 1);
INSERT INTO `t_group_content` VALUES (7, 7, 1, '2022-06-15 07:26:28', NULL, NULL, 1);
INSERT INTO `t_group_content` VALUES (70, 5, 1, '2022-06-17 08:44:12', '2022-06-17 08:44:12', NULL, 1);
INSERT INTO `t_group_content` VALUES (5, 4, 1, '2022-06-15 07:26:27', NULL, NULL, 1);
INSERT INTO `t_group_content` VALUES (4, 6, 1, '2022-06-15 07:26:27', NULL, NULL, 1);
INSERT INTO `t_group_content` VALUES (3, 3, 1, '2022-06-15 07:26:27', NULL, NULL, 1);
INSERT INTO `t_group_content` VALUES (43, 2, 1, '2022-06-15 13:20:33', '2022-06-15 13:20:33', NULL, 1);
INSERT INTO `t_group_content` VALUES (1, 1, 1, '2022-06-15 07:26:26', NULL, NULL, 1);
INSERT INTO `t_group_content` VALUES (12, 12, 1, '2022-06-15 07:26:36', NULL, NULL, 1);
INSERT INTO `t_group_content` VALUES (13, 13, 1, '2022-06-15 07:26:36', NULL, NULL, 1);
INSERT INTO `t_group_content` VALUES (66, 14, 1, '2022-06-17 08:43:56', '2022-06-17 08:43:56', NULL, 1);
INSERT INTO `t_group_content` VALUES (62, 15, 1, '2022-06-17 08:42:34', '2022-06-17 08:42:34', NULL, 1);
INSERT INTO `t_group_content` VALUES (16, 16, 1, '2022-06-15 07:26:41', NULL, NULL, 1);
INSERT INTO `t_group_content` VALUES (17, 17, 1, '2022-06-15 07:26:43', NULL, NULL, 1);
INSERT INTO `t_group_content` VALUES (18, 18, 1, '2022-06-15 07:26:43', NULL, NULL, 1);
INSERT INTO `t_group_content` VALUES (60, 19, 1, '2022-06-17 08:41:19', '2022-06-17 08:41:19', NULL, 1);
INSERT INTO `t_group_content` VALUES (64, 20, 1, '2022-06-17 08:43:38', '2022-06-17 08:43:38', NULL, 1);
INSERT INTO `t_group_content` VALUES (21, 21, 1, '2022-06-15 07:26:46', NULL, NULL, 1);
INSERT INTO `t_group_content` VALUES (22, 22, 1, '2022-06-15 07:26:47', NULL, NULL, 1);
INSERT INTO `t_group_content` VALUES (23, 23, 1, '2022-06-15 07:26:47', NULL, NULL, 1);
INSERT INTO `t_group_content` VALUES (24, 24, 1, '2022-06-15 07:26:49', NULL, NULL, 1);
INSERT INTO `t_group_content` VALUES (25, 25, 1, '2022-06-15 07:26:50', NULL, NULL, 1);
INSERT INTO `t_group_content` VALUES (26, 26, 1, '2022-06-15 08:04:27', '2022-06-15 08:04:27', NULL, 1);
INSERT INTO `t_group_content` VALUES (27, 27, 1, '2022-06-15 09:17:19', '2022-06-15 09:17:19', NULL, 1);
INSERT INTO `t_group_content` VALUES (28, 28, 1, '2022-06-15 09:29:16', '2022-06-15 09:29:16', NULL, 1);
INSERT INTO `t_group_content` VALUES (29, 29, 1, '2022-06-15 09:43:12', '2022-06-15 09:43:12', NULL, 1);
INSERT INTO `t_group_content` VALUES (30, 30, 1, '2022-06-15 09:59:11', '2022-06-15 09:59:11', NULL, 1);
INSERT INTO `t_group_content` VALUES (31, 31, 1, '2022-06-15 10:14:33', '2022-06-15 10:14:33', NULL, 1);
INSERT INTO `t_group_content` VALUES (32, 32, 1, '2022-06-15 10:32:05', '2022-06-15 10:32:05', NULL, 1);
INSERT INTO `t_group_content` VALUES (33, 33, 1, '2022-06-15 10:33:46', '2022-06-15 10:33:46', NULL, 1);
INSERT INTO `t_group_content` VALUES (34, 34, 1, '2022-06-15 10:35:43', '2022-06-15 10:35:43', NULL, 1);
INSERT INTO `t_group_content` VALUES (35, 35, 1, '2022-06-15 10:37:08', '2022-06-15 10:37:08', NULL, 1);
INSERT INTO `t_group_content` VALUES (36, 36, 1, '2022-06-15 10:38:40', '2022-06-15 10:38:40', NULL, 1);
INSERT INTO `t_group_content` VALUES (37, 37, 1, '2022-06-15 10:43:45', '2022-06-15 10:43:45', NULL, 1);
INSERT INTO `t_group_content` VALUES (38, 38, 1, '2022-06-15 10:49:33', '2022-06-15 10:49:33', NULL, 1);
INSERT INTO `t_group_content` VALUES (39, 39, 1, '2022-06-15 11:11:53', '2022-06-15 11:11:53', NULL, 1);
INSERT INTO `t_group_content` VALUES (40, 40, 1, '2022-06-15 11:38:34', '2022-06-15 11:38:34', NULL, 1);
INSERT INTO `t_group_content` VALUES (41, 41, 1, '2022-06-15 11:52:03', '2022-06-15 11:52:03', NULL, 1);
INSERT INTO `t_group_content` VALUES (42, 42, 1, '2022-06-15 13:04:00', '2022-06-15 13:04:00', NULL, 1);
INSERT INTO `t_group_content` VALUES (44, 43, 1, '2022-06-15 13:49:04', '2022-06-15 13:49:04', NULL, 1);
INSERT INTO `t_group_content` VALUES (45, 44, 1, '2022-06-15 13:55:47', '2022-06-15 13:55:47', NULL, 1);
INSERT INTO `t_group_content` VALUES (46, 45, 1, '2022-06-15 13:58:04', '2022-06-15 13:58:04', NULL, 1);
INSERT INTO `t_group_content` VALUES (47, 46, 1, '2022-06-15 14:16:02', '2022-06-15 14:16:02', NULL, 1);
INSERT INTO `t_group_content` VALUES (48, 47, 1, '2022-06-15 14:17:49', '2022-06-15 14:17:49', NULL, 1);
INSERT INTO `t_group_content` VALUES (49, 48, 1, '2022-06-15 14:26:34', '2022-06-15 14:26:34', NULL, 1);
INSERT INTO `t_group_content` VALUES (50, 49, 1, '2022-06-15 14:30:50', '2022-06-15 14:30:50', NULL, 1);
INSERT INTO `t_group_content` VALUES (51, 50, 1, '2022-06-15 14:37:28', '2022-06-15 14:37:28', NULL, 1);
INSERT INTO `t_group_content` VALUES (52, 51, 1, '2022-06-15 14:47:11', '2022-06-15 14:47:11', NULL, 1);
INSERT INTO `t_group_content` VALUES (53, 52, 1, '2022-06-15 14:53:27', '2022-06-15 14:53:27', NULL, 1);
INSERT INTO `t_group_content` VALUES (54, 53, 1, '2022-06-16 08:42:22', '2022-06-16 08:42:22', NULL, 1);
INSERT INTO `t_group_content` VALUES (55, 54, 1, '2022-06-16 09:17:53', '2022-06-16 09:17:53', NULL, 1);
INSERT INTO `t_group_content` VALUES (56, 55, 1, '2022-06-16 09:57:36', '2022-06-16 09:57:36', NULL, 1);
INSERT INTO `t_group_content` VALUES (57, 56, 1, '2022-06-16 10:05:29', '2022-06-16 10:05:29', NULL, 1);
INSERT INTO `t_group_content` VALUES (58, 57, 1, '2022-06-16 10:36:49', '2022-06-16 10:36:49', NULL, 1);
INSERT INTO `t_group_content` VALUES (59, 58, 1, '2022-06-16 14:21:28', '2022-06-16 14:21:28', NULL, 1);
INSERT INTO `t_group_content` VALUES (61, 19, 14, '2022-06-17 08:41:19', '2022-06-17 08:41:19', NULL, 1);
INSERT INTO `t_group_content` VALUES (63, 15, 14, '2022-06-17 08:42:34', '2022-06-17 08:42:34', NULL, 1);
INSERT INTO `t_group_content` VALUES (65, 20, 14, '2022-06-17 08:43:38', '2022-06-17 08:43:38', NULL, 1);
INSERT INTO `t_group_content` VALUES (67, 14, 14, '2022-06-17 08:43:56', '2022-06-17 08:43:56', NULL, 1);
INSERT INTO `t_group_content` VALUES (69, 9, 14, '2022-06-17 08:44:06', '2022-06-17 08:44:06', NULL, 1);
INSERT INTO `t_group_content` VALUES (71, 5, 14, '2022-06-17 08:44:13', '2022-06-17 08:44:13', NULL, 1);

SET FOREIGN_KEY_CHECKS = 1;
